original_shape_MajorAxisLength,original_shape_Maximum2DDiameterRow,original_shape_MinorAxisLength,original_shape_SurfaceVolumeRatio,wavelet-LLH_glrlm_LongRunLowGrayLevelEmphasis,wavelet-LLH_glrlm_RunVariance,wavelet-LLH_gldm_LargeDependenceLowGrayLevelEmphasis,square_firstorder_Median,square_firstorder_Skewness,y_train
-0.1058146,-0.0403687,0.8460416,-0.4371327,-1.0856401,-0.8412883,-0.6720554,-1.7131552,1.3016774,1
-1.3235034,-0.9999596,-2.2809108,0.8094568,-0.3413015,-0.4793847,-0.1733906,0.1970734,0.0891757,1
0.4477772,0.5284006,0.3632751,-0.3565020,1.3169564,-0.4646307,1.3307518,0.5081729,-0.7307055,0
1.3579810,1.8266698,0.6776797,-0.1521878,-0.9875821,-0.6667467,-0.8820677,-1.1610217,2.2646872,1
-2.3987366,-2.3935332,-0.1951080,0.8634116,-1.1115279,-1.4131364,-0.4130802,-0.4245530,0.7965235,1
0.8453595,0.7506175,0.5481477,-1.0214527,-0.2076935,-0.4896135,0.2729975,0.6725814,-0.5585131,0
0.1562371,0.1610362,0.1516238,-0.1230000,0.7313846,0.5084628,0.5226128,-0.7560873,0.1214305,0
-1.6702684,-0.7962911,-0.5390635,0.1238167,0.8018624,0.0471588,-1.2094992,0.3046614,-0.7475312,1
0.5860080,0.5641828,0.4403713,-0.2628803,0.2892983,0.3779232,-0.7199322,0.4405664,-0.0068893,0
0.5538338,0.5245062,0.7830323,-3.0484981,0.8144808,0.3697351,0.6581622,-0.3526743,1.6387971,0
0.9541416,0.8611248,0.8038838,-2.4755331,0.6705419,1.5446822,0.6554155,0.7041867,-0.7369104,0
0.7281499,0.9055942,0.9046275,-1.0509226,0.1875241,0.6468059,1.0553941,-1.3771829,1.8132798,0
0.0441242,0.0267152,-0.3315347,0.6399245,0.2522683,0.3520992,0.1552752,3.8843131,-1.2036519,0
0.3734897,0.4125314,0.7773171,-0.2277203,0.6647093,0.9379040,0.5056579,0.1391050,-0.1078553,0
0.3434290,0.2103716,0.3004629,-0.1574099,0.5151743,0.4222965,0.6353043,0.1685194,-0.0297373,0
0.0826645,0.0836325,0.1548864,-0.0572015,0.2996036,0.5237376,0.3530927,-0.0127665,-0.0647923,0
-3.3141332,-2.6746537,-3.0988500,1.7178754,-1.0842820,-1.6757307,-0.9663459,-0.5825684,0.8221834,1
0.5660837,0.5129756,0.7950688,-1.2200571,0.9109674,0.6809048,0.7622180,1.2495916,-1.2765933,0
0.3798095,0.3013931,0.2668194,-0.1929284,-0.0072793,-0.0246531,-0.0296845,-1.2920724,0.4499220,0
0.3403531,0.2218710,0.0475530,0.3440848,0.0024200,0.1935047,0.1576478,-1.0455321,1.5253942,0
-0.1626172,-0.0278877,-0.0112320,1.2996595,-0.4675599,-0.6728144,-0.3856762,2.6942649,-1.0903343,0
-2.4817440,-2.4612900,-2.2047889,1.3031234,-0.2729839,-0.6858594,-0.5599467,0.5562075,-0.0886735,1
1.1144525,1.2724510,0.3375086,-0.2928745,0.2802735,0.3130302,0.6742689,-0.6580946,0.4552686,0
1.2128393,1.0047431,0.4738325,-0.2901332,-0.3183735,0.1507804,-0.7737419,0.0269949,0.9131783,0
0.3220945,0.2125223,0.3406418,0.0486488,-0.4370410,0.0994335,1.3799044,-0.9664581,0.2033171,0
0.7564789,0.6898080,0.6044151,-1.0052234,0.1012463,0.7040516,0.5953654,-0.8123719,0.8131456,0
0.2187070,-0.0377727,-0.2099100,0.0739876,-0.2604987,0.1040085,0.0405493,-0.7757110,0.6464906,1
0.7956352,0.7312134,0.5046683,-1.1681180,-1.2209948,-0.3473790,-0.0434463,-0.6018671,-0.4093056,0
0.2119749,0.5822342,0.8361311,-0.7748728,1.1082720,0.7008857,1.4950710,-0.6134589,0.0325296,0
1.8421422,0.3714365,0.3577144,0.6233070,-1.5210887,-1.3535171,-0.7992741,-1.6391018,1.3930362,1
-0.5405602,-0.9312946,-0.5819626,1.3309768,-0.7079215,-0.8608401,-1.3112439,0.0126962,0.6847505,1
0.9486308,0.8453618,0.5417638,-0.7992589,-0.0106598,0.4040798,0.3364593,0.2092215,0.4226719,0
-1.8312640,-1.5585347,-2.2206301,1.4072280,-0.7679587,-0.8650256,-0.1373494,-1.8969446,1.6716998,1
0.4749703,0.5375310,0.3103413,-0.3675836,-0.2533597,0.4030313,-0.2521662,-0.4778945,0.2509671,0
0.4470452,0.4565624,0.4699860,-0.4912702,1.0072374,0.8885151,0.9643977,0.6472424,-5.0885549,0
0.8951254,0.9877982,1.0116695,-1.5807780,0.1828684,0.7173078,1.2311497,-0.9339179,1.9443548,0
-0.0763734,1.1189983,0.4870562,-0.9986462,-0.1389749,-1.9376893,0.7262197,-1.4135492,1.4318837,0
-0.2658439,-0.0112277,-0.2568998,0.0457220,0.3650103,0.2195789,0.8033370,0.2609003,-0.6701689,0
-0.2067807,-0.4120619,-0.0462554,0.4300798,-0.0416697,-1.0771385,-3.3469209,-1.5978313,1.0073621,1
-1.4523794,-1.3843358,-0.4641720,0.5961035,-0.6175041,-1.2033458,-0.0834226,0.9969145,-0.9566045,0
0.5906703,0.9907053,0.7107020,-0.9840322,-0.1490944,0.0124112,1.0942478,-0.3762439,-0.0877273,0
0.5212628,0.8987474,0.9816056,-1.2598283,0.0672252,0.4040844,-0.1697460,4.4654777,-1.6284600,0
0.6985928,0.7979646,0.4145637,-0.7558711,0.6301299,0.4227681,2.3843539,-0.1971567,-0.1237439,0
-0.0689142,-0.6246097,-0.7492078,1.5063400,-0.9400604,-1.1174777,-1.1807451,-0.7634082,0.3929347,1
0.2960995,0.2784958,0.3947870,0.6994160,1.6821547,0.5307826,2.5157895,0.0798844,-0.8970088,0
1.3144194,1.2272263,0.1740859,-0.5945690,0.5531992,0.4714730,1.3530168,-1.5914764,0.3812367,0
-0.5970088,-0.7527430,-0.9636270,0.9700409,-3.3859391,-3.5873222,-1.9686793,-0.5269500,0.8340483,1
0.5170077,1.0763696,1.1780590,-2.7081193,0.3451079,0.6348397,0.1027055,-1.7426285,-1.6299408,0
0.5109745,0.6858941,0.0229718,0.4043785,0.3109046,0.0951950,0.3537781,0.3184622,-0.8095859,0
0.6703915,1.1754372,0.7843091,-0.6931953,0.5029849,0.1330723,0.2600192,0.0512242,1.3231961,1
-0.8605540,-0.9022182,-0.8188429,0.1966902,-0.2763458,-0.0355941,0.2992051,-0.0877935,0.8316526,1
0.2113158,0.2237492,0.6111015,-0.7608928,0.6374741,0.4460475,-0.0774472,-0.1831215,-0.3555219,0
-0.3774017,-0.8188806,-1.3221924,1.2904400,-0.2125015,-0.3536086,-1.3413497,0.5947646,-1.3348844,1
0.6347275,0.8336158,0.6989642,-0.3704781,0.2344709,0.6123750,0.4669216,0.8576041,-1.1372735,0
0.6211130,0.7606178,0.6999297,-1.2917681,0.7412448,0.5474213,1.6442028,-1.2465329,1.2948736,0
0.2969342,0.3951007,0.4190780,-0.2400412,0.0487816,0.2615310,-0.1281851,-0.0530127,-0.1822604,0
0.2025311,0.3715522,0.4760971,-1.3567614,-1.7772988,-2.7533081,0.6466399,0.7011445,-0.5320931,0
0.2708901,0.2997249,0.7408225,-0.2944203,0.0348279,0.2200913,-0.0347033,0.4158321,-0.1211513,0
0.6824114,0.7066436,0.7109293,-1.5182298,0.4971926,0.3653015,0.9154727,0.5137244,-0.2424744,0
-0.1258395,-0.2761662,-0.4298817,0.8697560,0.9866089,1.3321921,-0.0671929,-0.8143633,0.3797989,0
0.3478915,0.3881601,0.1617606,-0.1467360,1.6186660,3.6067702,0.0860635,0.5759528,-0.6257564,0
-0.0333986,0.1816550,0.2608831,-0.5088759,0.7102172,0.5136778,0.4460575,-0.2264552,-0.2660435,0
-0.4894199,-0.0415658,-0.3705206,-0.0437440,-0.3049820,-0.2560124,-0.6188674,0.5915871,-0.2768460,1
0.3056886,0.2406602,0.1708254,0.5081358,-0.3002436,-0.0343301,0.0463961,-0.1024774,-0.2416386,0
-0.0902229,-0.1341242,0.2627879,-0.1003419,-0.3070481,-0.8009327,0.1991998,-0.0392980,-0.0342762,1
0.0184569,0.1137363,0.1642965,0.0211540,0.5195040,0.1750304,0.3579835,-0.0035959,-0.2474098,1
0.3689118,0.3044230,0.0978217,-0.1354896,0.3409401,-0.3039363,-0.1233705,0.2128819,-0.6968769,0
0.1895646,0.2962093,0.2924474,0.2689169,0.0157903,-0.0233270,-0.0695720,-0.0490687,-0.1734778,0
0.0805413,0.1144601,0.0970375,0.0405557,-0.2198841,-0.1021553,-0.2166962,1.9167634,-0.4010731,0
-0.1735609,-0.1779917,-0.1118592,0.5792216,-0.9866686,-0.3129001,-1.5185695,-2.2820740,0.6211218,1
0.2784265,-0.0445922,-0.0932227,1.1704287,4.3315282,0.7219055,0.6490934,0.5797227,-2.1438221,0
0.6690313,1.0665598,0.2213019,2.2608118,-1.3359335,-0.4741420,-0.1903792,0.6497155,-0.2297568,1
0.1832426,0.2640846,0.2151879,-0.3023810,-0.0230339,0.1727427,0.4611664,0.3129825,-1.9027379,0
0.3773272,0.5366593,0.3117000,2.3629029,-1.7439077,-0.8410912,-2.1902595,-3.3203505,2.7089498,1
-0.3782104,0.5100659,0.3543750,-1.3327085,-0.2704815,-0.4001442,1.3224967,-0.8928676,-0.4908188,0
0.3012108,0.0610817,0.7387317,0.2714462,0.4075335,0.4014353,-0.2482688,-0.1758025,-0.0192348,0
0.6906379,0.9276605,0.2242295,-0.0772646,0.0467202,0.1509918,0.2545745,0.1585422,-0.4253644,0
0.2556812,0.2350737,0.5112040,0.8263893,1.6543889,4.4870138,-0.0549928,0.4549764,-1.8536988,0
0.3233626,0.5163505,1.0807389,-0.3814079,-0.2064416,-0.4104018,0.2841415,-1.2183428,0.6933235,1
0.0415389,-0.0348764,0.1440603,0.2221423,0.7552153,0.4931631,0.5364787,0.3208421,-0.3016822,0
-0.9085306,-0.5607540,-1.0556142,0.5093325,-0.6083283,-0.5895797,-0.5251106,0.4885770,0.3271480,1
-2.8206105,-3.5057029,-3.2977967,1.2812851,-1.2361842,-2.1807147,-0.1053772,0.2494807,1.7365941,1
0.2996621,0.2256411,0.2102918,0.7403196,0.3861458,0.5041446,-0.0556643,0.1696556,0.5550520,0
0.3436091,0.4235052,0.1316119,-0.0494115,-0.0659150,0.0299127,0.3264728,0.1612361,-0.5047003,0
0.0137819,0.1346727,0.3837027,-0.3078340,0.7294294,0.7549885,0.8009511,0.2113294,-0.3965072,0
-0.1182663,-0.1191586,0.5168072,-0.1527496,-0.2636633,0.0814274,-0.2248407,0.1416771,-0.0769370,0
0.4498731,0.9269016,0.5224082,-0.6669152,-0.1223988,-0.1240915,0.1264240,0.4498982,-1.0164370,0
0.3954434,0.2573861,0.3344785,-0.3118755,0.0122002,0.3006245,0.1497308,0.0888744,-0.2685826,0
0.4490637,0.4554679,0.4267705,-0.4710853,0.2310998,0.2441924,1.0624032,0.0719990,0.0465382,0
0.3400100,0.1090408,0.2295595,-0.4343432,-0.2838524,0.3915632,-0.9374754,0.6575537,-0.2517191,0
-0.0525402,-0.2571227,-0.1954362,-0.0558982,-0.0999078,0.5721141,-1.1308511,-0.1958949,0.5927836,1
-0.2327115,-0.0902769,-0.0135050,1.0242939,0.0660822,-0.7188018,-0.4556342,-0.6962407,1.5705346,1
0.4390094,0.3640578,0.3395279,-0.5969231,1.0450713,0.4961935,1.3257148,0.3504618,-0.3238977,0
-0.8426072,-0.8984958,-0.2981124,0.2266351,0.6128261,-0.2771786,0.0249243,-0.3094662,-0.0853145,1
0.4948511,0.4900131,0.0806325,-0.8900784,0.7820063,0.4402089,0.8358976,-0.1532376,1.0494128,0
0.4409223,0.0707933,0.4459326,-0.8347948,0.1716207,0.4839667,-0.3110287,-0.3955251,1.0874948,0
0.5796876,0.3119202,0.1283668,1.3018518,0.3315385,1.0893567,-0.0024264,1.4600647,-0.8620528,1
-1.0418976,-1.1280644,-1.2256523,0.4899004,-0.6682650,-0.4944381,-0.7760085,0.6922251,-0.3098450,1
0.4249077,0.3673177,0.6951188,0.0498534,-0.5112685,-0.3295582,0.9858392,1.0422766,-0.2808496,0
-1.5524717,-1.9500742,-1.9889972,2.0580997,-1.2384049,-1.4351453,-0.7365055,-0.5558103,-0.0084898,1
-0.0645554,0.0266068,0.0591186,-0.0869252,0.1847934,0.0011218,-0.0113962,0.5155112,-0.3165274,0
0.3096253,0.4892464,0.4530741,-0.2956587,0.2014616,0.0345128,0.2608748,-0.4592037,1.8085831,0
-1.0629519,-1.7115302,-1.6223205,2.9320905,6.0246813,2.9645621,-0.4467454,-1.7713962,0.6052070,0
0.3602350,-0.0354648,0.2498925,1.0498843,0.1743397,2.4726672,-0.2022449,1.6632906,-0.7190648,0
-0.3839915,-0.4977992,-0.4870970,2.8131793,-0.9445331,-0.1086487,-2.5196988,-1.7314465,0.1682878,1
0.3591496,0.3210203,0.4239834,-0.4304156,0.1161676,0.1433979,0.3339419,0.5522977,-1.0461433,0
0.0267740,0.2775983,0.4158412,0.0169427,-0.1798487,-0.5086345,0.1506778,0.3585784,-1.8010335,0
-0.1163157,-0.3029275,0.0429726,0.5902367,-0.0175036,-0.0138149,0.3188490,0.2533930,-1.6731375,0
-0.6461481,-0.0505798,-0.6039668,0.5027111,-1.4440660,-1.0148232,-2.1614212,-2.3804675,2.2657511,1
0.8592997,0.3320915,-0.0688920,-0.0114079,-1.1038715,-1.0436675,-0.1781910,-0.0582755,0.9764744,1
1.6376326,0.8535763,0.8512425,-0.6462711,0.3964934,0.7669080,0.4327477,-0.7683272,1.1150752,1
0.1825031,0.0968692,0.2141728,-0.1214201,-0.9930811,-1.9526261,0.1756154,-0.0375597,0.7834271,0
0.3219707,0.2090419,0.3039167,0.5676822,1.3643855,2.0418170,-0.0546770,-0.2151275,0.1657420,0
0.3098909,0.3545280,0.3318023,-0.2029659,0.7130885,0.8870056,0.4309489,-0.8492704,0.2343664,0
0.3103496,0.2205114,0.6857232,-0.2560801,0.3061621,0.5716142,0.0940182,-0.1305647,-0.4180395,0
0.3586283,0.0142743,-0.0634951,0.1767076,-2.3466845,-1.5262503,-1.4035771,-0.1347968,0.0145635,0
-1.4590927,-0.7696208,-0.1670724,0.3963447,-0.1243339,-0.1894129,0.1690409,0.0863300,0.1386483,1
-0.3900187,0.0611980,-0.0739706,0.4679162,-0.3680719,-0.4979478,-0.5089335,-0.1466082,0.3519194,1
0.1948267,0.1755366,0.2476725,0.0593355,1.3698124,0.5409485,-0.1972357,0.5655256,-0.2218137,1
0.3949261,0.1148164,0.0643329,0.1869254,0.4579975,0.3362977,-0.1012167,0.1239627,-0.3967445,0
-0.5914477,-0.7195637,-0.6265388,2.9097425,-0.5904115,0.8876697,-1.2579803,-0.4058558,0.2398979,1
0.3351300,0.6853356,0.5994502,-0.3296266,0.7585398,0.5735588,1.4621785,0.2147659,0.3234468,0
0.5172450,0.5839915,0.4795714,-0.1553230,0.3302949,0.3910452,1.0018623,0.1329177,-0.1722925,0
-0.4489512,-0.4385788,-0.3801533,0.7565623,-2.0976062,-1.7049187,-1.8377689,0.5072516,0.4299097,1
0.5906241,0.4025829,0.4470910,-0.9119064,0.0185896,0.8439769,0.5502436,0.0938911,1.5260304,0
-2.5122714,-1.7367310,-1.9147059,2.6720265,-1.8982720,-2.4724539,-2.5497483,-0.8198501,1.0464937,1
0.2383317,0.3104841,0.3408590,0.0573540,0.0481506,0.1878263,0.2231944,0.1955909,-0.4669714,0
0.2907414,0.3940712,0.6434437,-1.1486630,0.8353134,1.0566645,0.2791383,-0.1963817,0.2856189,0
0.3100275,0.1041334,-0.0529653,-0.2549440,-0.4908587,-0.0892275,-0.4318730,0.2743807,-0.5343635,0
0.2930936,0.2268399,0.2385505,2.2033925,-0.1653856,-0.0425359,0.3068945,3.6677628,-1.1757416,0
0.2537058,0.1809164,0.3489305,1.2668280,0.9234726,0.7603378,-0.1778832,1.0666542,-2.1765092,0
0.2082511,0.3044230,0.3246017,-0.2451847,0.3210698,0.1613717,0.1320754,0.5669732,0.1573938,0
0.1059357,0.1388401,0.3400553,-0.5009192,0.4576838,0.4242701,0.6063237,1.0798963,-0.5920609,0
-0.4526584,-0.5087469,-0.3873901,1.0845150,-2.9895479,-2.2068426,-1.8278329,3.2087424,-2.5534384,0
-0.6750073,-0.9034335,-0.3356103,1.6898067,-0.3221444,-0.3152377,-0.8525520,0.4755039,-1.0768056,0
0.0654431,0.0902304,0.1809683,0.2402251,-0.1912255,-0.4033134,-0.0708531,1.4250081,-1.0520561,0
0.8505075,0.7513058,0.5280979,-2.5624281,0.5537061,0.3931099,0.8917421,-0.4709367,0.1007242,1
0.1661072,0.2678031,0.3286184,-0.2403303,0.0737226,-0.1094414,0.7392928,0.1733381,-1.3614710,0
0.4564374,0.4972538,0.2230263,0.6495671,-0.1866282,-0.1395467,0.2168780,0.2856469,-0.7563264,0
-0.2919181,-0.0798831,0.2324758,-0.8152167,1.1846135,0.6631041,0.6784308,0.8875443,-0.4335907,0
-3.2836825,-3.8106458,-4.1427505,0.5939234,-0.9985270,-1.7906758,-0.3807070,-0.7257691,0.6152886,1
-0.9622867,-0.4605709,-0.7726337,0.0192054,0.6940396,0.9298756,0.1852882,0.8613986,-1.1824999,1
0.7305053,0.5629581,0.4657467,-0.2762690,0.3429216,1.3235556,1.0965648,-0.5012109,2.0220814,1
0.3230961,0.1167073,-0.5834071,0.3075975,0.3427702,0.4858798,-1.0841478,1.5507487,-0.7636999,0
0.4199375,0.0066013,0.1686630,0.2491183,0.3640975,0.1472559,-0.1526638,0.1564504,-0.6134564,0
-0.0576420,-0.1154510,0.1560915,0.1106193,0.1984174,0.2888519,-0.1690409,0.1654481,-0.1869022,0
0.0858869,0.4833978,0.6023074,0.1327927,0.1249778,0.2108233,0.9864046,0.0199550,-0.4662236,0
0.5427103,0.4644252,0.2972288,-0.6999992,0.1807494,0.2894863,0.5321771,-0.5040375,0.4747519,0
0.0881757,0.1755248,0.0937793,0.3908698,-1.0336602,-0.2901433,0.1292787,1.6629650,-1.3758720,1
0.7641099,-0.1683993,-0.1827129,0.2845564,-0.4215217,-0.2399441,-0.5969577,-0.9623736,1.0303583,1
-0.4897980,-0.5802434,-0.1962591,0.5065138,0.0214980,-0.3733990,-1.4190504,-0.9442221,1.2981661,1
0.2664495,0.3044230,0.3894388,-0.2067936,1.7106564,1.3998400,0.7847981,-0.4471192,0.4912435,1
0.1538071,0.2208224,0.1167155,0.9689018,0.4320602,-0.0695636,-0.0696657,-0.0437120,-1.0404536,0
0.0407848,-0.2356792,-0.2489916,0.6321296,-1.5833362,-1.8141932,-1.3740840,-0.0904777,0.0094768,1
0.7453332,0.7585219,0.7661670,-0.9347668,0.4385706,0.8798563,0.6602292,-0.9862151,0.5812496,0
1.0734071,0.9691536,1.2928016,-5.8403655,1.0262973,0.3951041,1.3727594,-0.3640506,0.6000653,0
0.3223789,0.3545224,0.3304503,-0.0926649,-0.1102065,0.4677489,-0.3960993,0.0783883,0.2079022,0
0.4464097,0.0392431,-0.1687419,-0.0841418,0.5795339,0.3430255,1.1838286,-0.0055090,-0.6085271,0
0.0504197,0.2862394,0.4330138,-0.4416172,0.9023008,0.4254030,0.4991046,-0.2271577,0.6188866,0
0.2299873,0.2252003,0.3642227,-0.1569486,0.0420056,-0.2119722,0.4184846,-0.0181963,0.5012448,0
1.4480031,1.1415769,-0.2642716,0.0280349,-0.5257648,-0.7138844,-0.2982916,-1.2431690,0.6540787,1
0.6999293,0.7361295,0.8119211,-1.5922623,1.1582074,1.2305670,0.6411705,0.7644800,-0.4042037,0
-0.8716495,0.0266329,-1.5588997,0.6213655,-2.3861836,-3.2429616,-1.1056398,1.2896585,0.1668198,1
0.0727585,0.1609100,0.2185267,0.1762890,0.0213148,-0.4189820,0.0263871,0.8114852,-1.1748988,0
0.4024772,0.5417529,0.3783751,-0.1339676,0.8961020,0.6590052,-0.5522237,0.2644397,-0.6334732,0
0.8159144,0.8738567,0.5922622,-1.3949002,0.8934860,0.5749777,1.0028326,0.2424835,0.2916906,0
0.2805735,0.4987989,0.2438365,-0.0960219,-0.2811150,-0.3305129,0.9829653,0.4277295,0.3292608,0
0.0245330,-0.0836766,0.1123493,0.0512146,-0.9376596,-0.4243826,-0.3340249,-0.1448990,0.4261393,0
0.4601449,0.4710225,0.2235668,0.0639401,0.3794796,0.3035306,0.7366760,0.0225504,-0.7164201,0
0.1093757,-0.4239390,-0.3847633,0.6086611,-0.7255575,-0.9142645,-0.9261594,0.8034858,-1.3367989,0
-0.4153989,-0.0476821,-0.0940425,0.2369022,-0.4628878,-1.2893897,0.0306397,0.3033782,-1.1447597,0
0.3365797,0.4954754,0.3727095,-0.1932983,0.5193079,-0.0610509,1.9277604,0.5059309,0.1654030,0
0.0486632,-0.0798376,0.2404950,-0.5466800,2.3114986,1.2789006,2.2237406,-0.1318874,-0.4546400,1
0.5181748,0.4431240,0.4600649,-1.6997181,1.6425706,1.1154209,0.2289563,0.9116784,-1.8705409,0
-1.1895569,-1.8244864,-2.4374476,1.6746562,-3.2847108,-3.7345044,-4.0732500,0.3492777,0.3455191,1
0.4275567,0.1742240,0.4547101,-0.2207775,0.5354535,0.0626226,0.1895745,1.7089907,-0.6879330,0
0.2518308,0.2018135,0.2236393,-0.1567591,-0.0315546,-0.1559800,0.1149477,0.4204099,-0.5306188,0
0.2409032,0.3932216,0.4800525,-0.6582895,0.2470548,-0.0066032,2.2945148,-1.1635252,1.5067456,1
0.5727378,0.4457062,0.3355173,0.1331583,-2.5877819,0.7887214,-2.2485186,1.4371127,-1.0910399,0
0.1854829,0.2126192,0.2940640,-0.1892113,0.2290390,-0.1532797,-0.2681046,0.2009508,-0.3992201,0
0.1324878,0.0714200,0.1484363,-0.2402956,-0.1587100,0.4101246,0.0823108,-1.9892575,1.7929441,0
0.4230292,0.3044230,0.2530284,0.1341951,0.8464879,0.2528342,0.2563839,0.3666865,0.3964882,0
-0.7999747,-0.5115983,-1.6250319,0.4718203,0.4923497,0.4418904,-0.7236134,-0.8274436,0.3734669,1
-0.0708307,0.0439207,-0.1959217,0.5248675,-0.1978051,-0.6898761,0.3389489,-0.4530928,0.5542396,0
-0.0023888,-0.2891348,-0.0844629,-0.0552764,-0.5399378,-0.7784905,-0.0750528,-0.0060535,0.0278500,1
-0.2088438,-0.3257464,-0.9088200,0.4297794,-0.5284128,-0.9586997,0.4650293,0.6928913,-2.9618128,1
0.0505512,0.1008205,0.6625563,-0.4037705,1.0318796,1.0342882,0.3324585,0.2719924,-0.6683764,0
-0.1826719,-0.0804165,1.0670849,-0.8273847,1.0516848,0.5704966,1.3579417,-0.4939567,0.4165333,0
0.8169443,0.3894186,0.4867540,-0.9945069,0.3229146,0.2855707,0.4418447,-0.3733131,0.4273063,0
0.0101963,-0.1922496,-0.6205157,0.5820768,-1.3274243,-1.3080353,-1.1335216,0.6413179,0.4088473,1
-0.4252146,-0.2023505,-0.0248154,0.3389185,0.5223620,0.4081278,2.2365320,0.3632488,-0.7910723,1
0.3882624,0.5360204,0.8425888,-0.4392750,0.2683627,0.4247949,0.3465260,0.6785110,-0.7175993,0
0.2242801,0.1143227,0.2663821,-0.0981109,0.6706062,0.4696614,0.2571422,0.2848623,-0.0606609,0
0.3808325,0.5786759,0.4886164,-1.2293829,0.5525749,0.4648539,0.8296365,0.0579184,-0.5831141,0
0.3102131,0.3285796,0.2443346,0.1593763,-0.1863017,0.0274604,-0.1509455,0.2321702,-0.0811504,0
0.6709208,0.9843929,1.2193290,-1.8441329,0.8841348,0.9866947,1.8708353,0.6893674,-0.7843883,0
0.3148422,0.2123260,0.1671161,0.2287311,1.3717219,2.0813355,0.1001208,-0.6983144,1.1504607,0
0.4444212,0.5319539,0.3149130,-0.0733890,0.1952158,0.1518393,-0.1378287,0.6198433,0.1829998,0
0.4541613,0.3918944,0.3451280,-0.3158229,0.4401722,0.4625465,0.2679480,0.1447362,-0.6063652,0
0.4428104,0.2949224,0.7367132,1.1964597,0.5295317,1.9525283,-0.1463834,0.3001386,-1.4367336,0
0.4651324,0.4651557,0.4336532,-0.5136450,-0.1523983,0.1527572,0.8144021,-0.2811251,0.1943960,0
-1.1095077,-0.4573791,-0.1966017,0.6236339,-0.8797475,-1.0547199,-1.1915289,-0.1085236,-0.0725137,1
-7.0295512,-6.9011868,-6.8829166,1.7424870,0.6330743,-0.4600206,1.6330681,0.2520541,0.8260462,1
0.1630765,0.3797408,0.4269768,0.4539620,0.4013373,0.9402151,-1.4793114,0.3389573,-1.0705104,0
0.0925748,0.3508680,0.3411518,-0.6434266,0.1899980,0.1366220,0.3375938,0.3685025,0.0763901,0
0.2978063,0.2837018,0.3887304,0.0061065,-0.1696453,0.0533338,-0.1417861,0.3449899,-0.3400834,0
0.2349727,0.0563510,0.1933315,-0.4965901,0.2693520,-0.0684795,0.2759234,1.1241474,-0.5351211,0
-0.0857114,-0.3650146,0.1354421,0.6561784,-1.3670286,-0.7392538,-1.5490252,0.0778244,0.1019012,1
0.1031110,-0.1857561,-0.3001040,0.3889191,0.0649852,-0.6650022,-0.2966069,-0.6967670,-0.5844854,0
-4.1888574,-4.2627251,-3.5001304,1.2627091,-1.7884678,-2.8375966,0.3691616,-0.6396648,0.1229528,1
0.4217833,0.5143967,0.3724345,-0.5082636,0.3095822,0.6512373,0.3637712,-0.1171601,0.1600570,0
1.4001956,1.5536425,1.0415189,-0.6114981,-0.1147165,0.0541459,-0.4341884,-0.2400165,-0.6466235,1
0.4201716,-0.0608004,-0.0204902,0.0398994,-0.4798897,-0.3769168,-0.4225189,-0.1393533,0.2208950,0
0.5658894,0.3044230,0.3626389,-0.4595053,-0.0857204,0.4130691,0.3896876,-0.0512841,0.5632479,0
0.1582373,0.0113095,0.0402967,0.1248629,-3.1300176,-3.4382244,-1.5284314,0.4867552,0.0094139,1
-2.6208370,-1.3787981,-0.2996294,-0.0762001,0.9490240,0.5203560,1.9006321,-0.1264523,0.5750349,1
-5.4941481,-5.8303278,-6.6398775,1.1841513,-1.6301019,-1.8013661,-1.7761621,0.2594909,1.6280528,1
-0.3619808,-1.2471420,-1.1007200,0.9734393,-0.3204816,-0.0464977,-0.6490656,0.7074341,-0.2382690,1
-0.1532922,-0.1528739,-0.1130624,0.8300966,-0.9688230,-0.3247645,-0.8840751,0.6820407,-1.2653409,0
0.4172439,0.3217310,0.2806395,0.2364367,0.1221591,0.1395460,0.1435380,0.4172810,-0.6059371,0
-0.1058236,-0.0357246,0.1587301,-0.0500308,0.1059342,-0.2522094,0.2006526,0.2075362,-0.1827602,1
-1.0321790,-1.4938040,-0.8986300,0.0736796,0.2736035,0.0437142,0.4350924,0.5204821,0.4772008,1
-0.6551748,-0.6504784,-0.8380651,2.1518518,-1.7322043,-1.5045832,-1.8784305,0.1720025,-0.1084293,1
0.6458241,0.6912199,0.7391769,-0.7559832,-0.5140472,0.0027344,0.3439912,-0.0136172,-0.3452827,0
-3.4894183,-4.2351476,-3.8271415,2.3077287,-1.0938065,-1.6601790,-1.2411437,-1.6191544,1.3821049,1
0.3428812,0.4702131,0.5844343,-0.2216211,0.4553904,0.4430429,0.2162002,0.2187831,-0.6147647,0
0.4642475,0.4456053,0.4968371,-1.3876165,0.4408104,0.8649489,0.3890296,-0.7366074,0.8623667,0
0.1508914,0.2602705,-0.0077789,-2.6089830,0.6234691,0.4894404,1.0649391,-0.2731335,0.3456634,0
0.2902603,0.4579616,0.4884470,-0.2253425,0.2575760,0.5317518,0.4092228,-0.1710641,0.4275535,0
-0.5281534,-0.5223303,-0.2255084,0.0444857,-0.3326239,-0.8238560,0.0128635,0.1046867,1.7099883,1
0.2279819,0.2969149,0.4430394,-0.5219755,-1.2117910,-0.0967711,-2.2963330,-0.4699080,2.8853977,0
-0.2970346,-0.2078667,0.0560268,0.1137344,0.3891867,0.1332174,0.3997870,1.0412226,-0.6260848,0
0.2833067,0.3972504,0.2156461,-0.1594099,-0.0240852,-0.1429551,0.4697162,1.2254134,-0.3766798,0
0.3302325,0.7302655,0.8894470,-1.8745067,1.2815653,1.0821403,1.4530871,0.2312166,-0.0987232,0
0.6525006,0.4882178,0.4765985,-1.8743294,0.2406961,0.5676964,0.3510552,-3.0703724,0.9493903,1
0.1012979,0.2146723,0.4095177,0.2372413,-2.5102239,-0.6681574,-3.8022199,-4.2582634,1.7498330,1
-2.1013065,-0.9282116,-1.1262748,0.8939008,-0.2064339,0.1289968,-1.5381858,0.1270554,-0.1634477,1
-1.6415044,-1.0613058,-0.1742470,0.6479296,-0.0467300,-0.7376538,-0.9651024,0.2433607,-0.1794043,1
0.7596819,0.7014074,0.6997307,-0.3172228,1.0361671,0.9008640,1.9877230,0.4235162,-0.1981431,0
0.4249345,0.5082412,0.4871129,-0.3307044,-0.0271898,0.1736217,0.0253398,-0.0113616,0.1234734,0
-0.3683697,-0.4057157,-0.2719326,0.5621393,0.5112259,-0.3024405,-1.5675490,0.4362896,-1.2504940,0
0.3547332,0.0275767,0.0131329,0.3936324,0.3452252,-0.0842967,0.0905579,-0.2893116,0.3086834,0
0.2851706,0.3055656,0.1170133,-0.0338509,0.6207962,1.0731256,0.2859723,-0.1850592,0.2070450,0
1.7869998,1.5461445,0.8812658,-0.6503032,0.2331271,1.0110315,0.1043411,-3.6792572,3.5743386,1
-0.5740890,-0.6146242,0.1591577,-0.6921388,0.9201224,1.0232976,1.7568139,-0.1163022,0.1440139,1
-0.1904178,-0.1423336,-0.0835318,0.4435142,-0.7749039,-0.5830676,-0.2379728,-0.1650568,0.2479523,1
0.2267352,-0.0512287,-0.0394947,-0.0885027,0.1658749,0.3035796,0.7705236,0.0542871,-0.2936793,0
0.3379128,0.3207800,0.6160325,-0.4399194,0.0443016,0.2210283,-0.0485125,-0.1973004,-0.5710467,1
0.3268745,0.0597293,0.3271671,1.2468557,-0.5994327,-0.5318988,-0.8975016,-0.8113846,0.5525170,1
0.4337873,-0.2005532,-0.6596368,0.1704247,-0.3462551,-0.2678751,-0.9089602,-0.1682841,0.7156547,1
0.3282125,0.2681965,0.4745418,-0.3496549,0.3494195,0.3305281,0.1855627,-0.7263524,-0.3716887,0
0.4948057,0.0721947,1.0794153,-1.1777204,-0.6714352,-0.2639019,-1.6473509,-1.9348233,2.2291890,1
-0.0207627,-0.0428550,0.0182307,0.5449275,0.1759760,0.2021688,-0.1349626,0.9709158,-0.6015849,0
0.0165078,-0.3064750,-0.6575952,0.2929591,-0.8405770,-0.5706209,-1.3536546,1.1273107,-0.0727656,0
