wavelet-LLH_glszm_ZonePercentage,wavelet-LHL_glrlm_RunVariance,wavelet-LHH_firstorder_Kurtosis,wavelet-HLL_glszm_HighGrayLevelZoneEmphasis,wavelet-HLL_glszm_LowGrayLevelZoneEmphasis,wavelet-HLH_glszm_SizeZoneNonUniformity,wavelet-HHL_firstorder_InterquartileRange,wavelet-HHL_glszm_SizeZoneNonUniformity,wavelet-HHH_firstorder_Entropy,square_firstorder_Minimum,square_firstorder_Skewness,square_glszm_SmallAreaHighGrayLevelEmphasis,square_glszm_SmallAreaLowGrayLevelEmphasis,exponential_glszm_SmallAreaLowGrayLevelEmphasis,gradient_glszm_SmallAreaHighGrayLevelEmphasis,diagnostics_Image-original_Maximum,original_shape_LeastAxisLength,original_shape_Maximum3DDiameter,original_shape_Sphericity,original_glrlm_ShortRunLowGrayLevelEmphasis,original_gldm_SmallDependenceHighGrayLevelEmphasis,wavelet-LLH_glrlm_HighGrayLevelRunEmphasis,wavelet-LLH_glrlm_LowGrayLevelRunEmphasis,wavelet-LLH_glszm_ZoneEntropy,wavelet-LHL_glcm_ClusterShade,wavelet-LHL_glcm_DifferenceVariance,wavelet-LHL_glcm_MaximumProbability,wavelet-HLL_glszm_SmallAreaLowGrayLevelEmphasis,wavelet-HLH_glrlm_GrayLevelNonUniformityNormalized,wavelet-HLH_glrlm_GrayLevelVariance,square_firstorder_Minimum,squareroot_glrlm_ShortRunLowGrayLevelEmphasis,squareroot_gldm_SmallDependenceHighGrayLevelEmphasis,logarithm_glrlm_ShortRunLowGrayLevelEmphasis,logarithm_gldm_SmallDependenceHighGrayLevelEmphasis,y_train
-0.0571064,-0.0289742,-0.9560759,-1.1136103,1.1132265,0.0426830,0.5616147,-0.0397464,0.0603058,0.0344392,1.0884104,0.0155382,0.0155382,0.0155382,0.0155382,-0.4496869,0.9529031,2.3098701,-2.5550245,-0.2449342,-0.5139791,-0.3293091,0.3286299,1.2662214,-0.0087840,0.4632318,-0.5447321,1.3593232,-0.7399048,0.7392671,-0.3207132,-0.2449342,-0.5139791,-0.2449342,-0.5139791,1
0.6879640,-0.8625674,0.1752171,-1.1469108,1.1465095,-1.2254324,0.8120686,-0.0397464,0.0161047,0.0346085,0.0915966,0.0217209,0.0217209,0.0217209,0.0217209,-0.9992304,1.1494670,0.9591631,-1.8373185,-0.1988776,1.0771918,0.0187282,-0.0163652,1.6952126,-1.5402114,1.1809960,-1.7452597,1.8010853,-0.3354482,0.3372901,-0.9335759,-0.1988776,1.0771918,-0.1988776,1.0771918,1
-0.4064598,1.1140971,0.2150049,0.4350731,-0.4342032,0.0426830,-2.0044510,-0.0397464,0.1531829,1.0672401,-0.6291506,0.0069427,0.0069427,0.0069427,0.0069427,-0.3389720,0.2900419,-0.1513858,1.4390879,-0.6833892,-0.6854635,-0.0140210,0.0188025,-0.9557031,0.9382482,0.5129663,1.6488443,-0.2316722,0.4305451,-0.4280836,0.8476110,-0.6833892,-0.6854635,-0.6833892,-0.6854635,0
-0.0343564,0.1663214,0.0660641,0.0433782,-0.0428322,0.0426830,0.9543950,-0.0397464,0.1794981,0.0308219,2.3326667,0.0096570,0.0096570,0.0096570,0.0096570,0.7102236,1.7130593,2.1755245,-2.0762430,0.2732948,-0.3197999,0.0213143,-0.0309177,-0.5655863,-1.0364453,0.7141004,-1.2457219,1.4898269,-0.4407304,0.4355818,-0.2024262,0.2732948,-0.3197999,0.2732948,-0.3197999,1
0.6086031,0.0192456,-0.4378436,-0.8088678,0.8087287,0.0426830,0.3806330,-0.0397464,0.1518249,0.0346041,0.6702386,0.0218717,0.0218717,0.0218717,0.0218717,-0.1061937,0.3288720,0.8259605,-2.3881295,0.3832026,0.3142733,-0.1364484,0.1356961,2.4572741,0.1851872,0.3727945,-0.3706734,0.2110158,-0.4749270,0.4742480,-0.3251471,0.3832026,0.3142733,0.3832026,0.3142733,1
-0.7950324,-1.2761208,1.7045876,0.2927262,-0.2919927,0.0426830,0.8950799,-0.0397464,0.4389067,0.0345513,-0.5265386,-2.3366097,-2.3366097,-2.3366097,-2.3366097,0.8469041,-0.6836435,-0.6036433,-0.5625613,1.2537181,1.6359194,1.6572368,-1.6675647,0.7564914,0.2465240,-1.5315785,1.7438840,-0.4287076,-0.5427522,0.5376419,-0.3272776,1.2537181,1.6359194,1.2537181,1.6359194,0
0.1615267,0.6699601,0.0532381,0.4410931,-0.4402274,0.0426830,-0.4738809,-0.9881261,0.1769862,0.0347690,0.1113897,0.0156890,0.0156890,0.0156890,0.0156890,1.5029543,1.5107482,0.6948076,1.1159458,-1.2597300,-0.1192708,-0.5084938,0.5078868,1.3858632,0.1084860,0.7697411,-0.0487338,0.4763395,-0.5482839,0.5476225,-0.3197046,-1.2597300,-0.1192708,-1.2597300,-0.1192708,0
0.5444425,0.0222340,-0.2377890,0.8827246,-0.8814850,0.0426830,-0.8103118,-0.0397464,0.3542760,0.8092290,-0.6441019,0.2712916,0.2712916,0.2712916,0.2712916,-0.5592174,-0.5263323,-0.9498841,1.7291389,0.2327759,-0.6210700,-0.2764037,0.2812908,-0.9548640,0.2126665,0.3119334,0.2905440,-0.9265201,-0.3566715,0.3592302,0.4772802,0.2327759,-0.6210700,0.2327759,-0.6210700,1
-1.6204234,0.5645244,-0.4098445,2.2368696,-2.2345120,0.0426830,-0.1803286,-0.0397464,-0.8123664,0.0346876,0.0140231,-0.1467205,-0.1467205,-0.1467205,-0.1467205,0.7934151,-0.7453555,-0.4453776,-0.0831012,0.6838145,1.6782049,0.0776500,-0.0729056,0.2087766,1.1400054,0.0099436,1.3716648,-0.3954112,1.0831953,-1.0808143,-0.6291682,0.6838145,1.6782049,0.6838145,1.6782049,0
-6.6208179,0.9660821,0.6563783,0.7154719,-0.7090780,-0.0249303,1.6716301,0.1627465,-0.0676114,-0.8245028,1.3829147,-6.2146829,-6.2146829,-6.2146829,-6.2146829,-0.7067320,-0.5708669,-0.8544514,0.8103579,0.2615734,3.0955861,-0.4918654,0.4968393,-0.9561228,0.9754808,-0.8157367,0.8690529,-0.8370762,0.4212712,-0.4187913,-0.6257054,0.2615734,3.0955861,0.2615734,3.0955861,0
-1.4424385,1.4888761,0.7756606,1.2365225,-1.2350183,0.0426830,-0.0157813,-0.7984500,1.2821397,-0.4961050,-0.5991539,-1.3822089,-1.3822089,-1.3822089,-1.3822089,1.5500012,-0.5640633,-0.6073081,0.7453709,0.7907778,-0.0880415,0.8225489,-0.8236775,0.1352100,0.2586924,-0.9239152,-0.2931465,-0.7664096,-0.3613343,0.3606413,-0.2911250,0.7907778,-0.0880415,0.7907778,-0.0880415,0
-1.0116075,1.2162933,0.4305129,0.0433782,-0.0428322,0.0426830,-0.1579989,-0.0397464,0.0108416,-0.8225149,1.7005861,-0.1967855,-0.1967855,-0.1967855,-0.1967855,-1.2567491,0.1046727,-0.6251013,0.7368351,0.9554710,-0.2216263,0.3511270,-0.3464508,-0.6032568,1.6363988,-1.2413225,1.3107504,2.1214104,-0.1931649,0.2048752,-0.2654804,0.9554710,-0.2216263,0.9554710,-0.2216263,0
1.1018991,-0.4379677,0.0700130,-1.2100454,1.2095556,-0.8792850,1.0584058,-0.0397464,-0.4346942,0.4536454,-1.0494049,0.6399928,0.6399928,0.6399928,0.6399928,-0.6039807,-0.7825545,-0.7146798,-0.6918752,1.5434088,-0.4576000,0.9024089,-0.8979956,0.2133922,-1.7259628,-0.9155468,-0.2772229,-0.6570083,3.3545148,-3.3524143,-0.0311437,1.5434088,-0.4576000,1.5434088,-0.4576000,0
0.0172535,0.4966299,0.7376626,1.1868271,-1.1853895,0.0426830,-0.1970769,-0.0397464,0.1089115,0.0346173,-0.0741180,0.0156890,0.0156890,0.0156890,0.0156890,-0.6796115,3.2929942,2.9003402,-0.4081228,-0.4253243,-0.2670992,-0.0094532,0.0142147,1.4482679,-0.9111103,0.9598385,-1.2353218,-0.1727390,-0.1196703,0.1314490,-0.2180814,-0.4253243,-0.2670992,-0.4253243,-0.2670992,0
0.0339521,0.1024708,0.4853385,-0.7189211,0.7188724,2.0783798,-1.2401865,-0.0397464,-0.0937225,0.0363501,-0.0019543,0.0152366,0.0152366,0.0152366,0.0152366,-1.4658685,0.1160535,-0.2946257,0.5536834,0.6951290,-0.0455813,0.3883878,-0.3837515,-0.5704864,1.1242458,-0.6875086,0.4684249,-0.6863548,-0.0387945,0.0505374,-0.2171701,0.6951290,-0.0455813,0.6951290,-0.0455813,0
0.0390491,-0.2867329,-0.5015019,-1.1497663,1.1493532,-0.7428423,0.2329003,-0.0397464,0.0935938,0.0346107,-0.0427678,0.0161414,0.0161414,0.0161414,0.0161414,-1.5358380,1.5054794,1.2006618,0.4337357,-1.1047369,-0.2836438,-0.3743054,0.3736440,0.1357728,-0.7582229,1.1119014,-1.1828745,0.4703707,-0.7951268,0.7945045,-0.2926145,-1.1047369,-0.2836438,-1.1047369,-0.2836438,0
1.1846509,-1.6892339,-0.5499480,-1.8623695,1.8614290,-4.0287107,0.1731496,-0.0397464,0.0728653,0.0343754,0.7850320,0.1584947,0.1584947,0.1584947,0.1584947,1.2643391,-0.6382305,-0.9174367,0.7458961,-2.1331205,1.0106595,-1.9410342,1.9464071,-0.5993428,0.7795801,-0.3503289,1.1714967,-0.9369963,-0.0339425,0.0455987,-0.2684625,-2.1331205,1.0106595,-2.1331205,1.0106595,1
-0.3041836,0.1769502,0.9239236,0.7906338,-0.7902414,0.0577093,-1.3081427,-0.0747365,3.7240273,-0.1521034,-0.8168253,-0.6235439,-0.6235439,-0.6235439,-0.6235439,-1.4541561,-0.7053913,-0.6416588,0.0410101,0.9386242,-0.4494316,0.1421019,-0.1429660,0.1312515,-1.7746689,0.4521276,-1.5726217,0.4826847,-0.6205138,0.6198614,-0.2857987,0.9386242,-0.4494316,0.9386242,-0.4494316,0
0.0461455,0.5250533,0.0441558,0.0433782,-0.0428322,-1.2254324,0.5165305,-0.0397464,0.5475519,-0.5188511,0.4005314,0.0164429,0.0164429,0.0164429,0.0164429,1.3604980,-0.0329851,-0.3005467,0.8430089,-0.1200436,1.7578988,0.4751725,-0.4729919,-0.7383834,-0.0511524,-2.3047399,2.6665145,-0.2577395,-0.3925198,0.3943688,-0.9308672,-0.1200436,1.7578988,-0.1200436,1.7578988,0
-0.2579853,-0.0960569,1.4527359,0.0433782,-0.0428322,0.0426830,0.6474423,-0.0397464,-3.3627725,-0.3318446,1.3755910,2.0265808,2.0265808,2.0265808,2.0265808,0.7981638,-1.0706098,-1.2348829,1.4554624,1.3942139,-0.4535054,2.0405564,-2.0366016,-0.9634616,-0.5715365,-2.0661522,0.2652215,-0.6818895,0.4701873,-0.4677134,1.4967394,1.3942139,-0.4535054,1.3942139,-0.4535054,0
0.9455818,-0.8317758,-0.1306559,2.3706258,-2.3683268,0.0426830,-0.3678546,-0.0397464,0.1181147,1.3269158,-1.0651425,0.4807501,0.4807501,0.4807501,0.4807501,0.5836179,-0.4388444,-0.4459510,-0.0017581,0.4179233,-1.0824729,-0.5038335,0.4944617,-0.5708915,-1.1281268,-3.3294520,0.0287870,-0.8556723,0.6323519,-0.6376244,1.6361052,0.4179233,-1.0824729,0.4179233,-1.0824729,0
0.8605534,-1.6548303,0.5311784,-0.8450304,0.8448686,0.0426830,2.1244601,-0.0397464,0.0441437,0.0346107,-0.0540184,0.0748018,0.0748018,0.0748018,0.0748018,-1.3081138,0.4421736,0.0766584,0.0300341,-0.8977517,-0.0177850,-0.6587105,0.6587834,1.0774567,-0.2544998,0.5382439,-0.5741309,-0.3685572,-0.8571106,0.8572962,-0.3528122,-0.8977517,-0.0177850,-0.8977517,-0.0177850,1
-0.1437130,-0.0946375,0.1794264,-0.8966898,0.8964590,0.0426830,0.0602821,-0.0397464,0.0457269,-1.9295067,0.4246909,-0.0538289,-0.0538289,-0.0538289,-0.0538289,0.0437202,0.0264916,1.0046382,-1.1644973,0.2267632,-0.6396536,-0.4223861,0.4273315,0.8740382,0.2812985,0.8504983,-0.0722039,1.6977449,-0.1783593,0.1809046,-0.1875661,0.2267632,-0.6396536,0.2267632,-0.6396536,0
-0.1977861,0.6346253,0.8470478,0.4884313,-0.4867836,0.0767996,-0.4598550,0.0111444,-0.3151360,0.0261337,0.6351794,-0.1203309,-0.1203309,-0.1203309,-0.1203309,-0.4512728,0.1004808,0.3062049,-0.9038906,0.7392552,-0.1333854,0.3595275,-0.3598595,1.0796526,-0.5864066,0.1239833,-0.8198072,-0.1137937,-0.6634680,0.6636211,-0.3268628,0.7392552,-0.1333854,0.7392552,-0.1333854,0
0.0672693,0.6077208,0.1723508,-0.2320820,0.2300849,0.1405820,0.3601930,-0.1198080,0.1107831,-1.2345328,0.2039562,0.0081491,0.0081491,0.0081491,0.0081491,1.4877905,0.5955384,-0.0476947,0.3244062,-0.6904885,-0.4770116,-0.6425432,0.6451710,0.2713461,0.0427315,0.7067700,0.0285737,0.4862391,-0.4429500,0.4448052,0.6770638,-0.6904885,-0.4770116,-0.6904885,-0.4770116,0
-0.8520753,0.5506895,0.4520194,0.0433782,-0.0428322,0.0426830,0.1948451,2.0829297,0.6719721,-0.9190605,0.7115878,-0.4784762,-0.4784762,-0.4784762,-0.4784762,-0.7359153,-0.2802250,-0.7537057,1.2747267,-0.2684764,-0.4157764,0.5398529,-0.5376976,-0.7428901,1.2049859,-0.8941180,0.7584346,-0.0635729,-0.0553637,0.0571625,-0.8873018,-0.2684764,-0.4157764,-0.2684764,-0.4157764,0
0.3930090,-0.7745662,1.6253557,-0.4938034,0.4939060,-1.5707610,0.0070330,-0.0397464,0.1993189,0.2003994,0.5946083,0.0452454,0.0452454,0.0452454,0.0452454,0.7975766,-0.0627171,0.5338242,-1.0933466,0.6162332,-0.6006139,0.9994745,-0.9951004,0.2094389,-0.3497639,0.9763392,-0.8946070,1.2451362,-0.6248754,0.6274673,-0.3269916,0.6162332,-0.6006139,0.6162332,-0.6006139,1
-3.0924581,0.0850828,-0.3967011,0.3347165,-0.3316519,-0.0258418,-0.4949252,0.1199747,0.1596210,-2.1119240,-0.3193085,-4.3983205,-4.3983205,-4.3983205,-4.3983205,-0.3160395,-1.1965689,-1.2078443,0.6191033,1.2950013,-0.4879637,0.2873117,-0.2826512,-0.9613348,2.0116451,-3.0420180,1.9897541,-0.9880689,2.5671261,-2.5649284,2.3746174,1.2950013,-0.4879637,1.2950013,-0.4879637,0
-0.7227412,0.3683020,0.4135367,0.0433782,-0.0428322,0.0426830,0.6014186,0.7732684,0.2134967,-0.0986136,0.0624559,-0.6253535,-0.6253535,-0.6253535,-0.6253535,0.8977279,-0.1674515,-0.5194518,0.1684417,-0.5482142,2.0773115,-1.6138895,1.6143431,-0.8599001,0.4881303,0.4578052,0.8456012,-0.1603689,1.4822836,-1.4824127,-0.3335591,-0.5482142,2.0773115,-0.5482142,2.0773115,0
0.2679242,-0.9004019,-0.0935403,-0.1952507,0.1956047,0.6972876,0.3163899,0.8875578,0.1261711,0.0346085,1.1640381,0.0162921,0.0162921,0.0162921,0.0162921,-0.4672008,0.7850906,2.1026254,-3.4691111,-0.0139256,-0.1978746,-0.0301591,0.0293642,2.0769623,0.5219981,0.3414757,0.1303688,1.1200568,-0.6523617,0.6517132,-0.3236985,-0.0139256,-0.1978746,-0.0139256,-0.1978746,1
1.6208721,-1.1607763,-0.0354602,-0.3091471,0.3094019,-1.8934497,0.4159745,-0.0397464,-0.0253241,0.1724836,0.6286056,0.3857473,0.3857473,0.3857473,0.3857473,-0.0934183,-0.5577644,-0.4074381,-0.3777359,1.8626912,-0.3207445,0.7381110,-0.7336317,1.0416338,0.5057530,0.2791493,0.6671039,-0.8214541,0.9705747,-0.9681713,-0.3565736,1.8626912,-0.3207445,1.8626912,-0.3207445,1
-0.7601424,0.3417042,0.7184617,0.9962521,-0.9949632,0.0426830,-1.1041161,-0.0397464,-1.0113205,0.0346129,0.4159718,-0.1640623,-0.1640623,-0.1640623,-0.1640623,-1.4758203,-0.8279263,-0.5130336,-0.2535863,1.0881566,-0.0635325,1.1619607,-1.1575350,-0.6012999,0.0041230,0.2593507,-0.4088812,0.0601142,-0.1977760,0.2095041,-0.2670170,1.0881566,-0.0635325,1.0881566,-0.0635325,0
-0.0144855,-0.5568539,-1.1787668,2.6753406,-2.6719313,0.0767996,0.4947325,0.0111444,0.0794511,0.0267076,1.3117372,-0.0443287,-0.0443287,-0.0443287,-0.0443287,-0.5128095,1.3251396,1.8903506,-2.3647750,0.0123740,0.1024384,-0.2961296,0.2960587,-0.8575534,-0.7754073,0.7798934,-1.1038034,-0.6004224,-0.8382875,0.8384707,-0.3268534,0.0123740,0.1024384,0.0123740,0.1024384,1
-0.8793624,0.0976273,-1.0801256,0.7575517,-0.7564374,0.0426830,-0.4133957,-0.0397464,0.6236337,-0.4828937,0.2301510,-0.0740359,-0.0740359,-0.0740359,-0.0740359,-0.4854511,-0.5724388,-0.6229020,0.8264144,0.5872678,-0.3592474,0.9580712,-0.9560836,0.2627555,-1.0088670,0.7231284,-1.2405831,-0.6474961,-0.5560609,0.5579129,-0.6040421,0.5872678,-0.3592474,0.5872678,-0.3592474,0
0.6944206,0.1396286,0.5512934,-1.9224719,1.9246211,0.0426830,0.3269697,-0.0397464,-0.1398093,0.0346547,-4.0873672,0.0102602,0.0102602,0.0102602,0.0102602,-0.0583652,-0.0719047,-0.1771512,-0.3079323,0.7046673,0.7670169,-0.2880468,0.2612492,0.5870876,-1.0325872,0.3449948,-0.9488659,-0.9361685,-0.1567402,0.1217438,-0.5792553,0.7046673,0.7670169,0.7046673,0.7670169,0
-1.1482459,0.0235427,2.8601025,0.0433782,-0.0428322,0.0426830,0.6908953,-0.0397464,0.2410714,0.0347844,1.8996914,-1.2780074,-1.2780074,-1.2780074,-1.2780074,1.0971562,-0.2638454,-0.4239994,-0.2176362,0.6135055,0.0210384,0.3203230,-0.3206378,0.2667971,0.3525496,0.2310075,0.1454983,1.1187655,-0.5993679,0.5995044,-0.1863877,0.6135055,0.0210384,0.6135055,0.0210384,0
-1.1209694,-5.2256045,2.5062261,0.4462646,-0.4453852,0.0426830,-0.1900692,-0.0397464,2.4417951,0.3480511,1.2924986,-0.3181779,-0.3181779,-0.3181779,-0.3181779,-0.2187413,-0.3141883,-0.2035521,0.2361513,0.6611467,-0.5921293,-0.1414442,0.1462777,-0.9548640,0.6038377,0.1117249,0.8012780,-0.0999923,0.5129179,-0.5104579,0.0170378,0.6611467,-0.5921293,0.6611467,-0.5921293,0
0.0467533,-0.0007964,-1.0106711,-0.5283460,0.5284467,0.0426830,-0.4075859,-0.0397464,0.0958172,0.0346283,-0.5935713,0.0161414,0.0161414,0.0161414,0.0161414,-1.7553627,1.2075777,0.8631223,-1.7007805,-0.8043999,-0.6386092,-0.1875210,0.1923419,1.6082125,-1.0332648,0.1693069,-1.1645402,-0.9343487,-0.1311208,0.1429095,-0.2075954,-0.8043999,-0.6386092,-0.8043999,-0.6386092,0
0.3191929,-0.3193987,-0.1735593,-0.1157074,0.1161260,0.0426830,0.3736809,-0.0397464,0.2139963,-0.2669465,0.8447732,0.1373830,0.1373830,0.1373830,0.1373830,1.4193341,-0.5432105,-0.8072046,1.3221681,-0.1790465,-1.1648051,0.0432667,-0.0440911,-0.8653182,0.2462786,-0.6462062,1.5215267,-0.1505254,-0.4506410,0.4499676,6.3402473,-0.1790465,-1.1648051,-0.1790465,-1.1648051,1
0.0928610,-0.6896848,0.3628858,0.0433782,-0.0428322,2.1939415,0.1099954,-0.0397464,0.0860932,0.0346195,-0.8298817,0.0214193,0.0214193,0.0214193,0.0214193,-0.1812373,1.4566852,2.3061066,-1.8610960,-1.6785173,-0.1248509,-0.4081833,0.4131232,1.0296793,-0.3486016,0.9575300,-0.9214134,-0.4019576,-0.2195500,0.2221003,-0.6337686,-1.6785173,-0.1248509,-1.6785173,-0.1248509,0
-0.1183079,0.5467945,-0.0253144,-1.1497662,1.1493532,0.0426830,-0.0202011,-0.0397464,-0.0886917,0.0339708,-0.0617535,-0.1387282,-0.1387282,-0.1387282,-0.1387282,1.3721146,0.1231625,-0.1820753,0.0469921,0.4937426,-0.4571672,0.2877833,-0.2887023,0.1328077,-0.3508582,0.2557680,-0.7868658,-0.1609575,-0.6055964,0.6049421,-0.3233371,0.4937426,-0.4571672,0.4937426,-0.4571672,0
-1.7913120,0.4713545,0.6914754,-1.5234013,1.5226536,-0.6026946,0.3305205,-0.0397464,-1.0315846,0.0353253,-1.4268840,-0.4754603,-0.4754603,-0.4754603,-0.4754603,0.7803797,-0.3527619,-0.1955521,0.2320900,0.0455225,-0.6405150,0.4802558,-0.4756727,0.2001790,-1.6239675,0.8693113,-0.9361746,-0.9665870,-0.0019311,0.0044546,-0.6182329,0.0455225,-0.6405150,0.0455225,-0.6405150,0
-1.3852464,0.3156228,0.0610985,-0.6643279,0.6654506,0.0426830,0.6504828,1.0951682,1.3174189,-2.1195105,-0.0922364,-0.7076892,-0.7076892,-0.7076892,-0.7076892,-0.5004558,-0.8613341,-0.6321689,0.0547783,0.3482443,-0.8190608,-0.1509380,0.1239275,-1.1960586,0.7107260,0.4386924,0.9833668,0.9155251,-0.0545034,0.0194771,0.0497275,0.3482443,-0.8190608,0.3482443,-0.8190608,0
0.3899433,-1.8277915,-0.2964602,0.0433782,-0.0428322,-3.1842050,0.2902789,-2.2153217,0.1396313,0.4946583,0.3693019,0.0416262,0.0416262,0.0416262,0.0416262,-0.1414329,0.0718333,1.6346417,-3.3970164,0.4549724,-0.6279858,-0.6873558,0.6924082,0.0281067,0.1666561,0.8695474,-0.1609820,0.5140231,-0.2153776,0.2179188,0.0244663,0.4549724,-0.6279858,0.4549724,-0.6279858,1
-0.2266621,-0.3130846,-1.3145533,-0.5998026,0.6043661,-0.0797669,0.2868818,0.0340429,0.0083016,-0.2986424,-0.6389132,0.4979411,0.4979411,0.4979411,0.4979411,-0.6484799,-0.7921652,-0.9386179,-0.1938885,1.8546060,1.4173144,-4.5119490,4.5185405,-2.9557633,0.1902154,-0.1452185,0.3237283,-0.9748511,2.8909735,-2.8888158,-0.6339697,1.8546060,1.4173144,1.8546060,1.4173144,0
0.1699986,0.2762861,-0.9301967,0.4401413,-0.4392795,0.0426830,0.2879045,3.6749369,0.0424621,-2.4530670,0.3417109,-0.0645356,-0.0645356,-0.0645356,-0.0645356,-0.9188176,0.0048375,0.6977988,-0.7905637,0.3971171,-0.3371435,-1.0578364,1.0606291,0.9864301,0.2324262,0.4634829,-0.0874988,-0.3257966,-0.4829363,0.4847792,0.8415526,0.3971171,-0.3371435,0.3971171,-0.3371435,0
0.2277879,-0.5714974,-1.0263269,-1.3849688,1.3843775,0.0426830,0.0167246,-0.0397464,0.0791345,0.2144992,0.7294887,0.0351419,0.0351419,0.0351419,0.0351419,-0.9006753,0.2441351,0.1579108,-0.1050190,0.0413921,-0.3681689,-0.1628069,0.1652424,-0.7475990,-1.0986681,0.9789026,-1.3919045,-0.0766176,-0.4948599,0.4967043,0.1501158,0.0413921,-0.3681689,0.0413921,-0.3681689,1
-1.9967920,1.1606033,1.9438783,-0.3483166,0.3485394,0.0426830,-0.4282117,-0.0397464,-0.0838790,-6.9781756,-1.4281998,-0.2139765,-0.2139765,-0.2139765,-0.2139765,-0.4798379,0.1561514,-0.1431806,0.7783130,-0.5415563,-0.6817476,0.6445352,-0.6400189,1.0300988,-1.7819752,0.3868705,-0.8829230,1.8105484,-0.2772238,0.2797813,-0.5958029,-0.5415563,-0.6817476,-0.5415563,-0.6817476,0
0.4010170,-0.2064745,0.1891308,0.0433782,-0.0428322,0.0426830,-0.3727804,-0.0397464,0.0545854,0.0345909,-0.6593155,0.1324066,0.1324066,0.1324066,0.1324066,0.4315125,-0.6458390,-0.3674384,-0.2083623,-0.0373296,0.8856008,-0.6786704,0.6781273,0.1239320,-0.6295972,-2.2323174,2.5911625,-0.5851295,-0.5809232,0.5802659,-0.3144537,-0.0373296,0.8856008,-0.0373296,0.8856008,0
-0.5898883,0.0448205,0.5198906,-1.5234015,1.5226529,0.0426830,0.4289392,-0.0397464,-0.6061088,-0.0246360,1.1959204,-0.6270123,-0.6270123,-0.6270123,-0.6270123,0.2385063,-0.3541778,-0.0436380,-1.3150008,-1.1255615,1.7102040,-0.4146055,0.4195490,1.0317773,-0.7615480,-1.0831360,-0.6034654,0.9671833,-0.0364287,0.0389565,-0.6340609,-1.1255615,1.7102040,-1.1255615,1.7102040,1
0.2155838,-0.1513595,-0.2742476,0.6624886,-0.6607023,-0.8953409,0.3429835,0.0352597,0.1027196,0.0077877,0.2522932,-0.0499082,-0.0499082,-0.0499082,-0.0499082,1.1914107,1.8363923,1.8038209,-0.6399395,-2.2564999,-0.9658863,-0.4876057,0.4876122,1.2951947,-0.3688072,0.7783718,-0.6978121,0.1573707,-0.3827899,0.3829083,-0.3592226,-2.2564999,-0.9658863,-2.2564999,-0.9658863,1
-0.5412800,0.4771847,1.4149072,0.0433782,-0.0428322,0.0426830,-0.9076715,-0.0397464,1.5520603,-0.7526582,-0.2892325,-0.3424564,-0.3424564,-0.3424564,-0.3424564,-0.1093499,-0.5995534,-0.7320643,0.7517603,0.6783837,-0.3331863,-0.1787568,0.1811984,-0.7435150,1.2785350,-1.0528666,1.1192515,0.0505289,0.0822138,-0.0804148,0.4517173,0.6783837,-0.3331863,0.6783837,-0.3331863,0
0.3962133,-0.1878035,-0.6190776,-1.6230263,1.6222461,0.0426830,-0.4076457,-0.0397464,-0.1880632,0.1036032,-1.1279361,0.0538409,0.0538409,0.0538409,0.0538409,1.3655923,0.0120777,-0.1370623,-0.9441178,0.5371991,-0.3103958,0.0153835,-0.0130195,0.2706996,-0.3081291,0.3912815,-0.6435776,3.3836364,-0.4654552,0.4673132,-0.8170863,0.5371991,-0.3103958,0.5371991,-0.3103958,1
0.2464325,-0.0075747,0.6090128,-0.2740324,0.2743257,-0.8027275,0.0021947,-0.0397464,0.7706259,0.8892581,-0.9587069,-0.0284949,-0.0284949,-0.0284949,-0.0284949,1.4389875,-0.2441393,-0.1246669,-0.2781601,-0.3675233,-0.4405476,0.5305999,-0.5284412,0.9926525,0.2614002,-0.5657001,1.6238740,1.5322792,-0.2033249,0.2051505,1.5566260,-0.3675233,-0.4405476,-0.3675233,-0.4405476,0
-0.5720647,0.8011322,0.3570043,0.6797220,-0.6786643,0.0426830,-0.3479184,-0.0397464,1.7631869,0.0246142,1.0827781,-0.5733282,-0.5733282,-0.5733282,-0.5733282,-0.3602811,-0.4388051,-0.5668404,0.3100815,0.0481898,1.0937573,-0.2745873,0.2738888,0.1332035,1.5572223,-1.5398007,0.7437816,-0.7136654,-0.4906875,0.4900104,-0.3235162,0.0481898,1.0937573,0.0481898,1.0937573,0
0.0123271,0.5177487,0.4682824,-0.7501479,0.7500623,0.0426830,0.1375947,-0.0397464,0.2365049,-0.1046607,-0.1408551,0.0087522,0.0087522,0.0087522,0.0087522,0.4708343,0.1160575,-0.2472551,0.9692325,-0.4767674,-0.3910177,-0.1581530,0.1605867,-0.7461683,0.0260197,0.4822958,0.3274597,-0.7152549,0.2060783,-0.2043118,0.0488162,-0.4767674,-0.3910177,-0.4767674,-0.3910177,0
-1.1524579,-1.2822793,0.6451157,2.4811466,-2.4778982,-0.9157119,-1.2833598,0.0065897,-0.3248951,0.0094435,-0.6219454,-0.7102528,-0.7102528,-0.7102528,-0.7102528,-0.9388935,-0.4386487,-0.7269511,0.4888327,0.7733483,0.4055144,2.2360342,-2.2371106,-0.8597493,0.4130573,0.5639862,0.2510126,-0.2377021,-0.2770861,0.2772001,-0.3516527,0.7733483,0.4055144,0.7733483,0.4055144,0
0.0641556,0.2949435,2.5019791,-0.0991065,0.0995453,0.0426830,-0.2497068,1.7527147,0.0973370,0.0345975,-0.0835991,0.0158398,0.0158398,0.0158398,0.0158398,-0.6648790,3.3292817,2.6046829,-0.0204990,-0.7154396,-0.7043800,-0.1620059,0.1524822,1.1824945,-0.7647466,0.9003977,-1.1042810,2.0923512,-0.6339171,0.6288095,-0.2262012,-0.7154396,-0.7043800,-0.7154396,-0.7043800,0
-1.5482975,0.8559097,-0.8218262,-0.4008262,0.4010178,0.0426830,-0.0970845,-0.0397464,0.0111020,0.5537994,-0.2018189,-0.5600580,-0.5600580,-0.5600580,-0.5600580,-1.5164010,-0.6032456,-0.3821502,0.1242241,-0.2748411,-1.2813500,-0.7305197,0.7306219,-0.8618532,0.6695191,0.2047443,1.4429772,-0.8164162,1.0554939,-1.0555531,0.6552025,-0.2748411,-1.2813500,-0.2748411,-1.2813500,0
0.6659178,1.0640668,-2.1312850,0.6797220,-0.6786643,1.0245898,0.9046412,-0.5816777,2.7412535,-0.0864797,0.3252697,2.0265808,2.0265808,2.0265808,2.0265808,-0.9991479,-1.5597013,-1.0344141,0.5339758,-0.7190118,1.8071001,2.7309967,-2.7328735,-0.8568109,-0.5488468,0.9322224,-0.6461935,-0.0142861,-0.3498666,0.3491808,-0.2941416,-0.7190118,1.8071001,-0.7190118,1.8071001,0
-0.5488509,0.1663156,1.0863314,-2.1649517,2.1637389,1.0248407,0.1921057,-1.2592686,0.0729779,0.3137231,-0.5701470,0.1224540,0.1224540,0.1224540,0.1224540,-0.1340070,-1.7938857,-0.1909359,-1.0790730,-2.2158336,-0.8163186,2.1774552,-2.1785087,-0.8620960,-0.0821196,0.1185193,-0.3305704,0.0298278,-0.4633389,0.4634758,1.1113380,-2.2158336,-0.8163186,-2.2158336,-0.8163186,0
0.0417575,0.3129034,0.3336933,0.0433782,-0.0428322,0.0426830,-0.4007982,-0.0397464,0.0932490,0.1056460,-0.2244685,0.0158398,0.0158398,0.0158398,0.0158398,1.3353912,-0.4806631,-0.8527332,0.9647425,-1.6617988,0.1773762,-0.7230433,0.7231426,-0.8641999,-0.7595746,0.4978747,-0.9942506,-0.7996839,-0.1561122,0.1561940,-0.0151775,-1.6617988,0.1773762,-1.6617988,0.1773762,0
0.0210443,-0.0991443,-0.4522382,-0.2293403,0.2296672,0.0426830,0.4920934,-0.0397464,-0.3459121,1.4616815,-0.2183077,0.0355943,0.0355943,0.0355943,0.0355943,1.6033097,0.3155841,-0.1182176,-0.0908008,-0.6266122,-1.2606900,-0.5709994,0.5704163,-0.8633115,0.0470950,0.8247035,-0.1274048,-0.6431128,-0.6653951,0.6647396,1.7622103,-0.6266122,-1.2606900,-0.6266122,-1.2606900,1
-0.4266772,0.4621126,4.1850772,0.1749357,-0.1735350,0.0781015,-1.0210707,0.0143598,1.0843395,0.0252453,-0.4664353,0.4885916,0.4885916,0.4885916,0.4885916,1.5747721,-0.6955062,-0.7661169,0.0253510,0.0489282,1.2139516,1.8456625,-1.8465852,-0.8580749,-3.5924842,-2.4496599,0.5994637,-0.7821679,-0.5992990,0.5994528,-0.3295715,0.0489282,1.2139516,0.0489282,1.2139516,0
-0.1332257,0.0605036,-0.6684372,-1.6397150,1.6411863,-0.0565889,0.5136630,0.0204951,0.1009114,0.2114822,0.0395286,-0.0298521,-0.0298521,-0.0298521,-0.0298521,-0.2820878,1.0969780,1.0642757,0.2721809,-1.7939956,-0.1747928,-0.2133888,0.2182509,1.0326165,-0.8169836,0.8406121,-1.2873722,-0.2308224,-0.6007787,0.6033762,-0.6333570,-1.7939956,-0.1747928,-1.7939956,-0.1747928,1
-0.2792903,-0.4347992,-0.4798930,1.8197630,-1.8974929,-0.3427147,0.1706023,-0.1147716,0.5133421,0.3633779,-0.9944812,-0.0560909,-0.0560909,-0.0560909,-0.0560909,-0.7577583,-0.1637872,-0.7301108,0.5653279,0.5348777,-1.0861222,-0.1865971,0.1770824,-0.5819496,0.1331335,0.5207838,0.0113161,0.0747795,-0.4524046,0.4472832,-0.2315274,0.5348777,-1.0861222,0.5348777,-1.0861222,1
0.2941877,-0.0605696,-1.2559226,0.0433782,-0.0428322,2.0064963,-0.1240240,-0.0397464,0.0982165,0.0346832,-0.5660139,0.0238321,0.0238321,0.0238321,0.0238321,-1.5050772,-0.5126625,-0.3353432,0.2395398,0.8229488,0.1290530,0.0434490,-0.0442737,0.1288491,1.0145016,-0.6137444,1.0618562,0.2025616,0.6532741,-0.6540752,-0.3195663,0.8229488,0.1290530,0.8229488,0.1290530,0
0.3283473,0.1970759,-2.7969535,1.0352856,-1.0339507,0.0426830,-0.1274488,-0.0397464,0.6803591,0.1137294,-0.1333339,0.0280544,0.0280544,0.0280544,0.0280544,1.3256138,-0.0195597,-0.0245022,0.0321677,-0.1084641,-0.3508794,0.1671764,-0.1648725,0.2771029,0.8454784,-0.2816539,0.4214511,0.4960226,-0.3244021,0.3262427,-0.8158985,-0.1084641,-0.3508794,-0.1084641,-0.3508794,0
0.3938460,-0.2479509,-0.0898980,0.0433782,-0.0428322,0.0426830,0.7746155,-0.0397464,0.1234059,0.0814904,-0.3670908,0.0407214,0.0407214,0.0407214,0.0407214,-0.8507428,0.5883042,-0.0761945,0.9020622,-0.6464127,-1.1762856,-0.3730285,0.3635927,0.7120197,-0.3825254,0.2208852,-0.4600170,-0.3779943,-0.3976127,0.3924759,-0.1747328,-0.6464127,-1.1762856,-0.6464127,-1.1762856,0
0.0466306,-0.5739713,-0.4560169,-0.7046658,0.7046480,0.0426830,0.2211504,1.0357302,0.0749832,0.0344546,0.6681404,0.0404198,0.0404198,0.0404198,0.0404198,0.5279593,0.4687045,0.2213651,-0.0770539,-0.3957709,-0.0264693,0.0483655,-0.0579786,-0.5559636,-0.4297506,1.0377250,-0.7087898,1.0241056,-0.7456773,0.7405749,-0.3526802,-0.3957709,-0.0264693,-0.3957709,-0.0264693,1
-0.0698543,1.4509124,0.3171748,-1.2033617,1.2029683,0.0426830,-0.9749893,-0.0397464,-0.7627756,0.0326954,-2.1320659,2.6511863,2.6511863,2.6511863,2.6511863,-1.0060062,-1.6692271,-1.1740684,1.1362326,0.7335044,2.6968540,-3.5717221,3.5637230,-2.7734579,3.3981319,-4.1831233,2.9542523,-0.8836325,3.1284307,-3.1340114,-0.3431307,0.7335044,2.6968540,0.7335044,2.6968540,0
-2.4584237,-0.5298381,0.0294370,0.0433782,-0.0428322,-1.2254327,1.1828331,2.0829297,-7.1024915,0.9409359,-0.1815301,2.3488362,2.3488362,2.3488362,2.3488362,1.3343348,-1.2908382,-0.7837839,-0.6818943,2.8309714,0.1480153,1.4525908,-1.4507999,-0.7374460,-0.6079769,-0.4407174,0.2247930,-0.7035375,1.0855525,-1.0838945,0.3863913,2.8309714,0.1480153,2.8309714,0.1480153,1
0.3892662,-0.0058506,0.0996629,-1.5187520,1.5260465,2.8730057,-1.2839405,0.0653166,-0.3926673,-0.0072268,-1.6225995,-0.1572764,-0.1572764,-0.1572764,-0.1572764,-1.0903071,-0.6342617,-0.9883746,-0.1436720,0.7660512,0.9848730,2.3251276,-2.3210632,0.6837752,-0.9707622,0.9104600,-1.2398625,2.0963110,-0.2543745,0.2661354,-0.2692795,0.7660512,0.9848730,0.7660512,0.9848730,0
-0.0314027,0.2849966,-1.2400819,-0.6197691,0.6205310,0.0761482,0.0925318,0.0095367,-0.1759118,2.9814036,2.1080466,0.1719157,0.1719157,0.1719157,0.1719157,-1.8027472,-0.2493673,-0.0424438,-2.5146327,1.5773324,-0.9655576,0.7986574,-0.7991640,0.2759002,0.9883612,-0.1132140,1.4634558,-0.5990470,-0.2092179,0.2093149,3.8963006,1.5773324,-0.9655576,1.5773324,-0.9655576,1
-1.2619423,-1.4580203,-1.2854901,-0.4266555,0.4268130,-1.2480720,0.2219704,-8.7420479,2.4562263,-0.1076645,-0.4159905,-0.7199039,-0.7199039,-0.7199039,-0.7199039,-0.4706787,-0.8131891,-0.8257351,0.2210899,0.2555981,1.1943901,-0.9405409,0.9456951,1.0365986,-0.2684763,0.3637103,-0.5610783,-0.1942899,-0.2151367,0.2176779,-0.6289263,0.2555981,1.1943901,0.2555981,1.1943901,0
0.2454941,0.1326103,0.4160466,-0.4667457,0.4668853,0.0426830,0.0904201,-0.0397464,0.3120520,0.0023695,-0.0012437,0.0904848,0.0904848,0.0904848,0.0904848,-0.6518283,-0.7933916,-0.6391477,-0.1415597,1.7431718,-0.1057804,1.5688973,-1.5671527,-0.7477308,1.4474428,-1.6166829,1.3528140,-0.5726904,2.0748254,-2.0732810,-0.0068911,1.7431718,-0.1057804,1.7431718,-0.1057804,0
0.0417575,0.0246521,0.1251740,-0.4330587,0.4332332,2.0783798,0.4976876,-0.0397464,-0.1988989,0.0346613,-0.3674262,0.0158398,0.0158398,0.0158398,0.0158398,-1.0097533,-0.3029594,0.3671348,-0.3254652,1.1898914,-0.0414036,0.0933054,-0.0885585,-0.5973858,0.8500649,-0.4125017,0.8578374,0.0505539,-0.2106374,0.2223929,-0.2701216,1.1898914,-0.0414036,1.1898914,-0.0414036,0
1.3799689,3.3531072,1.0360414,-0.3543365,0.3545629,0.0426830,-0.8307946,-0.0397464,0.2206314,0.0384215,-1.5236429,0.0714842,0.0714842,0.0714842,0.0714842,-1.3435073,-1.6067966,-0.5637958,-0.3530059,-0.0846668,1.9880386,-0.1761415,0.1754025,0.8369797,0.6430135,0.0400257,0.6074306,-0.5857842,-0.7600183,0.7593831,-0.3144474,-0.0846668,1.9880386,-0.0846668,1.9880386,0
-0.0612917,0.1403997,-0.5285418,-0.1580651,0.1584446,-3.1842050,0.3155743,-1.4901302,0.1021286,-0.3315433,0.6362235,0.0149350,0.0149350,0.0149350,0.0149350,-0.3076999,2.0075991,1.8089972,-2.6874600,0.1651228,-0.6250730,0.3063112,-0.3016580,2.0696012,-0.1087276,0.7899707,-0.5355456,0.7021558,-0.2236708,0.2262130,-0.6279710,0.1651228,-0.6250730,0.1651228,-0.6250730,1
0.0613245,-0.1247802,0.2865216,-0.0227490,0.0232424,0.0426830,-0.1171317,-0.0397464,0.0931435,0.2696866,-0.2431253,0.0168953,0.0168953,0.0168953,0.0168953,-1.0514086,0.0803789,-0.2631236,0.9738829,-1.2044466,-0.4470556,-0.5354102,0.5379949,-0.7435366,1.4846926,-1.4045309,1.4801265,-0.3502284,-0.4361451,0.4379909,-0.3197674,-1.2044466,-0.4470556,-1.2044466,-0.4470556,0
-0.0408183,-1.1910316,0.2529360,1.7552263,-1.7525591,0.0787528,-0.3725349,0.0159675,0.0817660,0.0224680,-0.0248147,-0.0413127,-0.0413127,-0.0413127,-0.0413127,1.5691999,0.9628585,1.0882082,-1.6511119,-2.0843003,-0.7488417,-0.8640501,0.8642045,-0.8583357,-0.8706826,0.0077063,-0.9129117,0.4733276,-0.7346570,0.7348102,-0.3340242,-2.0843003,-0.7488417,-2.0843003,-0.7488417,1
-0.0416128,-2.3303299,-0.2543313,0.0809751,-0.0780650,-4.3750393,0.5525488,1.2341359,0.1465548,0.8981441,1.4937065,-0.0708691,-0.0708691,-0.0708691,-0.0708691,-0.4360420,0.8460462,0.9464064,-0.9150043,-0.3170949,-0.6653861,-0.7359315,0.7410033,-0.9600760,-0.6274792,0.3297757,-0.8843182,-0.9491251,-0.1234986,0.1260285,1.1041106,-0.3170949,-0.6653861,-0.3170949,-0.6653861,1
1.0342357,-0.5241885,0.1461765,-0.0908708,0.0905603,0.0139626,0.7388769,-0.0989443,-1.6908786,0.0705308,0.7222650,0.4462174,0.4462174,0.4462174,0.4462174,-1.7214333,-0.8404959,-1.2152689,0.6908289,1.8254718,1.8219470,1.8375077,-1.8390344,0.1316200,0.8036258,-1.2938490,0.8181855,0.0565478,2.3604243,-2.3614447,-0.3211563,1.8254718,1.8219470,1.8254718,1.8219470,0
-0.5715582,-0.0834570,-1.2775756,0.7920836,-0.7916906,0.0538028,-0.2813117,-0.0843826,0.0964153,-0.0628650,-0.4382823,-0.0108515,-0.0108515,-0.0108515,-0.0108515,-1.4238555,-0.4390250,-0.8041659,0.1696199,1.7356388,0.9948555,0.6142212,-0.6152689,-0.8633115,0.0175338,-0.0542191,-0.5613936,0.0495379,-0.3656616,0.3649777,-0.2897581,1.7356388,0.9948555,1.7356388,0.9948555,0
0.0174294,0.5154446,-1.0595076,-0.1251234,0.1258062,1.0115647,-0.9100480,-0.0397464,0.0797044,0.0345931,-0.3117262,0.0155382,0.0155382,0.0155382,0.0155382,0.6026343,0.4407737,0.5864239,-1.0966740,-0.7361190,0.0314204,0.2799936,-0.3076377,0.3859796,-1.0822223,-0.5360490,-0.6841797,-0.2787709,-0.0464683,0.0114238,-0.5062211,-0.7361190,0.0314204,-0.7361190,0.0314204,0
-0.0013698,-0.5897536,0.1610379,0.3292406,-0.3284714,0.0426830,0.1831422,-0.0397464,0.1364932,0.0346349,-0.0455563,0.0174985,0.0174985,0.0174985,0.0174985,1.3530983,0.5848949,0.2032412,0.6540867,0.4124673,-0.1503129,0.0864305,-0.0816867,-0.5934719,-0.8881202,0.9195442,-1.1991512,0.2432281,-0.1841921,0.1959615,-0.2732671,0.4124673,-0.1503129,0.4124673,-0.1503129,0
-0.7683797,0.0430179,-0.3992346,-2.3371998,2.3358512,0.2117650,0.6379195,-1.4548638,1.0076385,-0.2354969,-0.8552251,0.0110142,0.0110142,0.0110142,0.0110142,0.0922104,-0.2230335,0.5358967,-1.1807256,-0.1174832,-0.4344890,-0.6941061,0.6967536,0.2630680,-0.6413893,0.7646893,-0.7849664,0.4908366,-0.4892508,0.4911117,0.5332358,-0.1174832,-0.4344890,-0.1174832,-0.4344890,0
0.1882594,0.0997671,-0.9092921,0.0433782,-0.0428322,0.0426830,0.8427553,-0.0397464,-1.3894712,0.0154731,-0.2114674,0.1158189,0.1158189,0.1158189,0.1158189,-1.3904430,-0.5044055,-0.7416182,1.3303149,1.2431626,0.0032204,0.3348547,-0.3357932,-0.8633115,0.6925333,-0.7136069,0.1443114,-0.7992235,1.0488353,-1.0497024,-0.2893873,1.2431626,0.0032204,1.2431626,0.0032204,0
0.0029061,-0.0962513,1.5195474,0.2814362,-0.2807002,-1.2254327,1.6586909,-0.0397464,0.0568369,0.1401500,0.0550826,0.0064903,0.0064903,0.0064903,0.0064903,-0.2920783,-0.0734436,-0.6999774,1.7071217,-0.8563348,-0.4531850,-0.6003886,0.6029992,-0.7489807,1.0873077,-1.0910847,1.4268229,-0.7483411,-0.5972429,0.5991086,-0.6647678,-0.8563348,-0.4531850,-0.8563348,-0.4531850,0
-0.0017164,0.1664476,-1.7513776,0.4968522,-0.4951983,0.0300743,-0.7686887,0.0228427,0.0679118,0.1153281,-0.5076231,-0.0591069,-0.0591069,-0.0591069,-0.0591069,0.3677688,0.3264358,-0.0286227,0.7960886,0.4973751,-0.7276491,-0.2378431,0.2377506,0.2641898,1.2249023,-0.2762911,0.9499101,-0.0435064,0.5669526,-0.5669515,-0.1834277,0.4973751,-0.7276491,0.4973751,-0.7276491,0
0.4397511,0.0332934,-1.0227425,0.3003895,-0.3003850,0.0559431,0.2783817,-0.1007277,0.0471904,-0.0299861,0.7706067,0.0891276,0.0891276,0.0891276,0.0891276,-1.5180820,0.1171964,0.0456924,-0.0740700,-0.2670461,-0.3475255,0.2017800,-0.2026648,0.8494455,0.0698681,0.4282703,-0.4560489,-0.8005488,-0.3863171,0.3856272,-0.2982707,-0.2670461,-0.3475255,-0.2670461,-0.3475255,1
0.8577329,-0.5870053,-0.3446943,-0.1952509,0.1956047,0.0426830,0.1360168,0.9086330,-1.6921662,0.0346261,1.3109732,0.1782492,0.1782492,0.1782492,0.1782492,-1.4988548,-0.4330340,-0.7725795,0.8633085,0.8876071,0.3625632,-0.1813327,0.1805967,0.1381479,0.1126093,0.3794952,-0.1309943,-0.7774343,-0.2429240,0.2422336,-0.2947701,0.8876071,0.3625632,0.8876071,0.3625632,1
-0.0208142,0.7276396,0.1422734,-0.0699826,0.0704380,-1.2254327,0.1751310,1.0215915,-0.1135996,0.0436682,-0.2621502,0.0089030,0.0089030,0.0089030,0.0089030,1.4860628,-0.0557267,0.1159033,0.2969819,-0.7227497,-0.4634713,-0.0029864,0.0053575,-0.7479115,1.0730558,-1.8023469,1.9460157,0.1049658,-0.6529725,0.6548623,-0.6102357,-0.7227497,-0.4634713,-0.7227497,-0.4634713,0
0.2027667,-0.7557950,0.6547341,0.2020833,-0.2014115,0.0426830,-0.5600843,-0.0397464,0.0575194,0.7756046,-0.0578328,0.0291100,0.0291100,0.0291100,0.0291100,1.5174236,0.4749224,-0.0764267,-0.1118215,0.0494750,-0.3868940,-0.8301316,0.8328332,0.2652555,0.3584758,0.3301580,0.3142192,0.1670331,-0.4576437,0.4594836,0.2385129,0.0494750,-0.3868940,0.0494750,-0.3868940,1
-0.9248623,0.2179136,0.2858739,0.9819674,-0.9829740,0.1037544,0.0243535,-0.2181846,1.0637447,0.4158056,0.9257040,-0.3383848,-0.3383848,-0.3383848,-0.3383848,-0.8594907,-0.3127345,-0.4819437,0.2295930,1.0230180,-0.1844425,0.1854003,-0.1831031,-0.7461683,-0.3455408,1.0583031,-0.3934005,0.0090646,-0.4095707,0.4114219,0.9106306,1.0230180,-0.1844425,1.0230180,-0.1844425,0
0.1311366,0.3583160,-0.5778733,0.0433782,-0.0428322,0.0426830,-0.0092071,-0.0397464,0.8294199,-0.0869921,0.9465346,-0.0824806,-0.0824806,-0.0824806,-0.0824806,1.5226747,-0.3966845,-0.5292913,0.4709477,-0.2708047,-0.4474676,-0.5500191,0.5526094,0.8543433,-0.7271102,0.3384327,-0.9878524,-0.7986019,-0.0111362,0.0129209,-0.9302482,-0.2708047,-0.4474676,-0.2708047,-0.4474676,0
3.7331951,0.3459927,0.0217585,0.0433782,-0.0428322,0.0426830,1.4487712,-0.0397464,-1.4625345,0.9276872,-0.7027481,2.3646700,2.3646700,2.3646700,2.3646700,1.3032153,-1.5893038,-1.0792213,0.6920597,-1.6797002,-0.0970504,-0.5084136,0.5078072,0.1343910,-0.1236769,-0.2311399,1.3181284,-0.7750080,1.3191383,-1.3200216,0.9879761,-1.6797002,-0.0970504,-1.6797002,-0.0970504,1
0.1335784,-0.9175862,-0.0044801,0.6639382,-0.6621514,0.0826594,0.3386107,0.0256136,0.0046287,0.0132895,-0.4733232,-0.0453842,-0.0453842,-0.0453842,-0.0453842,1.3770665,1.6687581,1.3685050,-1.7209609,-0.8871000,-0.6048458,-0.3143989,0.3143361,0.9260645,-0.5619364,0.8331394,-0.8887109,-0.2015049,-0.4641647,0.4642846,-0.3492520,-0.8871000,-0.6048458,-0.8871000,-0.6048458,1
-0.0991781,-0.5393968,-0.9349625,-0.2376361,0.1853350,-0.3597151,-0.0530700,-1.7081133,-0.0616096,0.3831158,-1.0844409,-0.1357123,-0.1357123,-0.1357123,-0.1357123,0.0321979,0.7267071,0.5520305,-1.3743210,-0.3854850,-0.1158545,-0.1806853,0.1711729,0.7336884,0.3761372,0.3333434,0.1212149,-0.3721727,-0.5322222,0.5271107,-0.2011284,-0.3854850,-0.1158545,-0.3854850,-0.1158545,0
0.6975822,-1.2191221,-0.1118440,0.7592648,-0.7581438,0.0426830,0.2562869,-0.0397464,-0.0821621,0.0346547,0.0038402,0.0660555,0.0660555,0.0660555,0.0660555,-1.3580625,-0.1520638,-0.0816848,-1.4122386,-0.5523011,0.8569431,-0.2986414,0.2979504,0.1288491,-0.0642403,0.9109210,-0.3675861,-0.7934138,-0.4441888,0.4435318,-0.3196417,-0.5523011,0.8569431,-0.5523011,0.8569431,1
0.1229792,0.2300370,-0.1177534,0.7580336,-0.7569301,4.9283555,-0.4323710,-0.0397464,0.0922006,0.0346239,-0.2668848,0.0159906,0.0159906,0.0159906,0.0159906,1.3826847,2.2738530,1.6193044,1.3095156,-0.4967161,-0.1577322,-0.1234008,0.1282063,2.1518459,0.0091572,0.6169849,0.2304829,0.5825577,-0.1759591,0.1877361,-0.2748571,-0.4967161,-0.1577322,-0.4967161,-0.1577322,0
0.2093672,0.3646519,0.2589475,0.5151821,-0.5150213,0.0426830,-0.6747603,1.0951684,0.0786912,0.0345623,1.4626865,0.0156890,0.0156890,0.0156890,0.0156890,-0.1157101,0.6759398,0.4993212,-0.2174034,1.0695351,-0.3454450,0.1279666,-0.1552380,1.8898962,-0.7513401,0.5564160,-0.9110307,0.5867748,-0.3156529,0.2807449,-0.4778930,1.0695351,-0.3454450,1.0695351,-0.3454450,0
1.4263006,1.1880884,-0.1402792,1.7888140,-1.7869525,0.9933890,-0.5266624,1.3045994,0.0463531,0.0349273,0.6520225,0.6051585,0.6051585,0.6051585,0.6051585,0.2235944,-1.6742615,-0.5581339,-0.8292833,-0.0318125,3.5150116,-2.8364133,2.8280854,-0.5745221,-1.1110551,0.1809170,-1.1284686,0.7010368,0.1712194,-0.1764178,-0.2202433,-0.0318125,3.5150116,-0.0318125,3.5150116,0
2.4976065,2.4878730,0.3858465,0.0433782,-0.0428322,0.9481173,0.3026052,-0.0397464,0.0612908,0.0526026,-0.6891378,1.2101602,1.2101602,1.2101602,1.2101602,-0.6121013,-1.6795634,-1.0366560,0.7673640,-1.9072121,-0.6069721,1.2160394,-1.2261753,0.7347495,0.8988020,-0.1086569,2.0128231,-0.3485177,-0.2429757,0.2378112,-0.1740132,-1.9072121,-0.6069721,-1.9072121,-0.6069721,0
3.0512296,0.6448641,-1.1579657,0.1816319,-0.1802269,0.0354701,-0.8679872,0.0145358,-0.0121173,0.3440314,-0.1731185,7.6819598,7.6819598,7.6819598,7.6819598,0.9712203,-1.8199333,-1.3610643,1.5525170,-1.8397018,-0.4674077,0.8185389,-0.8190523,-0.8647214,0.4364908,-0.4090089,1.6537668,-0.5506851,0.7538678,-0.7538811,0.1536603,-1.8397018,-0.4674077,-1.8397018,-0.4674077,1
0.0604288,0.4913865,-0.8177218,-0.5283460,0.5284467,0.0426830,0.0305776,-0.0397464,0.2560162,0.0345381,-0.9408888,0.0176493,0.0176493,0.0176493,0.0176493,-1.1737917,-0.4552126,-0.5324778,1.0732557,-0.7674333,-0.1238023,-0.6009974,0.6059457,-0.5836195,0.8409625,-0.2302255,0.4403182,-0.9326761,-0.1127364,0.1245142,-0.2072120,-0.7674333,-0.1238023,-0.7674333,-0.1238023,0
0.3074527,-0.6319570,0.8654318,-0.5929656,0.5930005,0.0426830,0.9203134,-0.0397464,-0.5618937,0.0358905,-1.4800463,0.3186422,0.3186422,0.3186422,0.3186422,1.5788126,-0.6286912,-0.7456739,0.6938810,-0.3791019,1.7545949,0.0386471,-0.0394705,-0.8688808,0.1340436,0.0456808,1.0808192,-0.7740690,2.6089964,-2.6100475,-0.3171624,-0.3791019,1.7545949,-0.3791019,1.7545949,0
0.7555421,-0.6842152,-0.0210786,-0.3533848,0.3536150,1.0571756,0.4827606,-0.0397464,-0.0840056,0.0352880,-1.4176083,0.0618332,0.0618332,0.0618332,0.0618332,1.3830344,-0.3201155,-0.1176382,-0.4908101,1.6663217,0.9554870,0.5875149,-0.5853797,0.9896868,-0.0946900,0.5337692,-0.4714724,-0.8125784,0.0510972,-0.0493201,-0.9151115,1.6663217,0.9554870,1.6663217,0.9554870,0
-0.0803469,0.0353233,-0.4866969,-0.4667457,0.4668853,0.0426830,-0.5396955,-0.0397464,0.0551412,-0.2471756,1.9555665,0.0292608,0.0292608,0.0292608,0.0292608,1.3901311,0.2862859,0.2663303,-0.0215396,-0.6031776,-0.4132548,0.3929691,-0.3907555,-0.7444741,-0.2688103,0.1518580,-0.6283398,0.0039076,-0.0462790,0.0480767,-0.9153786,-0.6031776,-0.4132548,-0.6031776,-0.4132548,1
0.1122040,0.0265501,0.2166619,-0.2293403,0.2296672,0.0426830,0.0765393,-0.0397464,0.0523971,0.0346239,0.8192039,0.0161414,0.0161414,0.0161414,0.0161414,1.4686101,1.5878333,2.1290323,-1.0016196,0.3289027,-0.6412473,-0.1323372,0.1315825,1.2731449,-0.2999032,0.9739820,-0.7589152,-0.7612836,-0.7493594,0.7487142,-0.2936891,0.3289027,-0.6412473,0.3289027,-0.6412473,1
-0.6258393,0.4316774,-1.4307978,0.6700902,-0.6690262,1.3334383,0.0171281,-0.0397464,0.1205985,-0.9325050,1.0109868,-0.3694492,-0.3694492,-0.3694492,-0.3694492,0.0621883,0.0466105,1.1837686,-0.7653511,0.8454090,-0.5088734,1.2733473,-1.2690834,-0.9617833,0.9973172,0.1762100,0.9634975,-0.3830122,-0.1124697,0.1149983,-0.6331936,0.8454090,-0.5088734,0.8454090,-0.5088734,1
1.2028104,0.7387549,0.7584887,0.6198679,-0.6181074,0.0655435,-0.7037816,0.8179969,1.4756267,0.0392527,0.3887014,0.3705167,0.3705167,0.3705167,0.3705167,-0.5678291,-1.7862660,-1.0930314,0.4875976,-1.0358918,0.6873229,0.0829706,-0.0831922,0.2737042,-0.6743118,0.6847903,-0.9660694,1.4132015,3.0827063,-3.0830071,-0.2430095,-1.0358918,0.6873229,-1.0358918,0.6873229,0
-0.0253034,1.0362891,0.8944684,0.8388078,-0.8376225,0.0426830,-0.6928580,-0.0397464,6.6627232,-0.5725366,0.1480710,1.4408812,1.4408812,1.4408812,1.4408812,-0.9284452,-1.5995079,-1.1823708,0.9829524,-1.7938177,-0.1678562,2.5297150,-2.5315134,-0.8653182,-0.0227501,0.5469308,-0.5066315,-0.5484739,0.2808375,-0.2815926,-0.3029685,-1.7938177,-0.1678562,-1.7938177,-0.1678562,0
0.0833601,0.4317464,-0.7301211,0.3292406,-0.3284714,0.0426830,-0.2723439,-0.0397464,0.1102694,0.0345865,0.2420191,0.0158398,0.0158398,0.0158398,0.0158398,1.0927972,3.2725677,2.9621050,0.2065594,-0.2341955,-0.3925823,-0.0818126,0.0866210,3.1714448,-0.8187099,0.8978343,-1.1646739,0.4058741,-0.2694984,0.2812784,-0.2581399,-0.2341955,-0.3925823,-0.2341955,-0.3925823,0
0.0950683,0.3950112,-0.5821815,-0.5929656,0.5929999,0.0426830,-0.5506319,-0.9881261,0.0981321,0.0360378,-0.3351892,0.0156890,0.0156890,0.0156890,0.0156890,-0.9508785,2.7790105,2.7422335,-1.1178750,-1.7863587,-1.3393479,-0.5475137,0.5469212,1.5342663,-0.9678770,1.1517235,-1.3765800,-0.7989522,-0.5504862,0.5498079,-0.2895004,-1.7863587,-1.3393479,-1.7863587,-1.3393479,0
-0.0733198,0.5545556,0.3940116,-0.4621329,0.4630213,0.0800547,-0.2463802,0.0191828,0.0673349,0.0181228,-0.3366229,-0.0464398,-0.0464398,-0.0464398,-0.0464398,1.2374167,0.8271847,1.7803566,-0.7276961,-1.9794157,-0.7405486,-0.7106683,0.7107629,1.5658064,-0.6719975,0.8361487,-1.0503028,0.0501836,-0.6808717,0.6810355,-0.3391399,-1.9794157,-0.7405486,-1.9794157,-0.7405486,0
0.0736405,-0.3809839,-0.7317700,0.3567343,-0.3559289,0.0426830,0.2294029,-0.0397464,0.0683410,0.1130148,0.1433462,0.0242844,0.0242844,0.0242844,0.0242844,0.7934151,1.6738473,1.2467677,-1.8701797,-0.3251480,-0.6803079,-0.0582921,0.0630920,0.2087766,-0.7347489,0.3080471,-0.9873053,-0.2558096,-0.1770345,0.1795796,-0.5172633,-0.3251480,-0.6803079,-0.3251480,-0.6803079,1
0.0869002,-0.3889316,0.5970394,1.7056979,-1.7038999,0.0426830,-0.4364812,-0.0397464,0.1518601,0.0346920,0.3955047,0.0184033,0.0184033,0.0184033,0.0184033,-0.7799356,1.3085936,2.8093434,-2.0070130,0.0002119,-0.4089189,0.0076011,-0.0171929,0.7486165,-0.9385698,0.6114909,-1.0951108,-0.7242677,-0.9029555,0.8978897,-0.3437717,0.0002119,-0.4089189,0.0002119,-0.4089189,1
0.4661959,-0.2747057,-1.3371402,-0.3540556,0.3535361,0.0637562,0.2647336,-0.0814355,0.1987560,-0.0450226,0.0289567,0.1820192,0.1820192,0.1820192,0.1820192,-0.6273767,-0.6304571,-0.8050555,1.1395473,0.8358944,-0.4160302,-0.4594822,0.4588550,-0.8595818,1.9321337,-2.2070023,0.7828926,-0.7493400,-0.0695929,0.0688810,-0.2930355,0.8358944,-0.4160302,0.8358944,-0.4160302,1
0.3856460,-0.0071438,0.4848505,-0.3722018,0.3724348,0.0426830,-0.0472837,-0.0397464,-0.7482319,0.0342215,-0.3627071,0.1731221,0.1731221,0.1731221,0.1731221,0.4519959,-0.1373091,-0.7533233,1.0220312,0.7532095,0.9109296,0.2356307,-0.2453294,0.7401281,0.6858176,-0.5904381,0.5655037,-0.8839998,-0.0662119,0.0610342,-0.3575163,0.7532095,0.9109296,0.7532095,0.9109296,0
2.6148964,0.8796779,-0.8473940,-2.3371998,2.3358512,0.0426830,0.2724053,-0.0397464,-0.4534174,1.4114396,0.2206717,1.7581603,1.7581603,1.7581603,1.7581603,1.4790694,-1.8583668,-1.1055443,0.3486819,-0.7074545,0.7052782,2.4236694,-2.4222677,-0.7425776,-4.3942143,-1.1032907,0.0739002,2.6818488,-0.2740923,0.2759267,1.1244918,-0.7074545,0.7052782,-0.7074545,0.7052782,1
-0.1299254,0.1144826,-0.0420240,1.1868271,-1.1853895,0.0426830,-0.4956383,-0.0397464,0.0192428,0.0346327,0.3243096,0.0039267,0.0039267,0.0039267,0.0039267,-0.9628958,0.3139051,-0.3033734,0.6683830,0.6598325,-0.3174114,-0.0720015,0.0768004,-0.5983644,0.8442308,-0.1348527,0.4202672,-0.1325119,-0.2344330,0.2461914,-0.2693549,0.6598325,-0.3174114,0.6598325,-0.3174114,0
0.2207022,0.2256680,0.8122483,-0.7400117,0.7399103,3.2695711,-0.2037386,-0.0397464,0.3088576,0.1556747,-0.1329520,0.0040775,0.0040775,0.0040775,0.0040775,0.4552954,0.5241779,0.2848928,0.1522716,-0.3250289,-0.6588406,0.3468152,-0.3421779,0.2125529,0.6074728,0.7942392,0.5749403,1.7971424,-0.1869192,0.1894741,0.0209437,-0.3250289,-0.6588406,-0.3250289,-0.6588406,0
-0.0833912,-0.7465644,0.4065639,-0.3285107,0.3287578,-1.5283679,-0.1155047,1.8570127,-0.0298132,0.0346261,0.3667520,0.0220225,0.0220225,0.0220225,0.0220225,-1.2554628,-0.1126357,0.0907680,-1.1170020,0.9214184,-0.1491103,0.8671430,-0.8682890,-0.8583944,0.2206857,0.5417554,-0.2701480,0.8498953,-0.2824716,0.2817774,-0.2951378,0.9214184,-0.1491103,0.9214184,-0.1491103,1
-0.3504406,-0.1618152,-0.2964675,0.9737816,-0.9717393,0.0694502,-0.8042437,0.0146281,0.2477557,0.0000386,1.2231184,-0.5463353,-0.5463353,-0.5463353,-0.5463353,1.2356122,-0.4125979,-0.8530731,1.2354804,1.3180067,0.5315801,3.0999941,-3.1014152,0.2721399,-0.7907570,0.3115361,-1.0723633,0.0456201,0.5975618,-0.5975644,-0.3652527,1.3180067,0.5315801,1.3180067,0.5315801,0
1.7132582,-2.6836208,-1.0138057,-0.6673490,0.6673287,0.0426830,0.9553025,-0.0397464,-3.2367692,1.5545614,1.0368603,1.0043209,1.0043209,1.0043209,1.0043209,-1.4490960,-0.4305817,-0.7576509,1.0077577,0.5368394,-1.2251165,-0.4021053,0.4020769,-0.8612039,1.3582771,-0.7841557,2.1697150,-0.7466784,-0.0930530,0.0931270,1.8284005,0.5368394,-1.2251165,0.5368394,-1.2251165,1
0.0107010,0.3561732,-0.7123717,0.6186569,-0.6169029,0.0794039,-0.5679524,0.0175752,1.0226536,0.0206560,-0.4211963,0.1289383,0.1289383,0.1289383,0.1289383,1.5377174,-0.6670548,-0.9421093,1.0626715,0.9870060,1.1437450,2.6031200,-2.6043435,-0.8585964,0.9233910,-0.1500717,0.7786489,-0.0952277,-0.1598975,0.1599798,-0.3368523,0.9870060,1.1437450,0.9870060,1.1437450,0
-1.7415255,0.5042830,1.5399113,0.2523562,-0.2336315,2.7804371,-0.1827648,-0.0390501,0.1262345,-0.0042780,-0.0236611,-0.4397211,-0.4397211,-0.4397211,-0.4397211,0.2899942,0.0669317,-0.5281869,1.2413375,0.1845659,-0.5877061,0.1706481,-0.1803240,-0.5830107,-0.0488088,0.6506609,-0.2433436,-0.8425606,-0.3425800,0.3374450,-0.2349369,0.1845659,-0.5877061,0.1845659,-0.5877061,0
0.2384671,-0.2061705,-1.2346900,0.0433782,-0.0428322,0.0426830,0.6864050,-0.0397464,-0.4970133,0.0354221,-0.4314833,0.0659047,0.0659047,0.0659047,0.0659047,1.5972223,0.0348724,-0.3603589,1.4119390,0.5688723,-0.0617182,-0.4221919,0.4215496,-0.8629156,1.4782421,-1.4258885,1.3050033,-0.7890386,-0.0880203,0.0873107,-0.2890071,0.5688723,-0.0617182,0.5688723,-0.0617182,0
0.0788229,0.1115750,0.2516333,-1.1317063,1.1312819,0.0426830,0.5248983,-4.3908972,0.3809078,3.1364504,-1.0246042,0.0630395,0.0630395,0.0630395,0.0630395,-0.8949246,-1.4420443,-1.3602232,0.3209042,1.7442141,-0.3324872,0.3208136,-0.3161671,-0.9575583,-0.6640445,-4.5179982,0.4309194,1.8071982,5.1494318,-5.1475442,4.6109719,1.7442141,-0.3324872,1.7442141,-0.3324872,0
1.6083162,3.1004227,0.3409620,0.0433782,-0.0428322,0.0426830,-0.2564091,-0.0397464,-2.1427469,0.0357761,-1.7908687,0.7613853,0.7613853,0.7613853,0.7613853,-1.4971918,-1.5894823,-0.8614191,0.2632094,0.9248005,6.2200675,0.4938496,-0.4948504,0.1270988,1.6772122,-1.7561501,1.3676875,-0.7901867,-0.5271465,0.5264912,-0.3157295,0.9248005,6.2200675,0.9248005,6.2200675,0
-0.3290395,0.2953221,-0.2209591,-0.6215499,0.6215947,0.0426830,-0.6387463,-0.0397464,0.1361413,0.0341115,0.1984984,0.0120698,0.0120698,0.0120698,0.0120698,-0.2033604,-0.1063348,0.1035059,0.0461034,0.6126572,0.2484234,0.1928647,-0.2025454,-0.5677085,0.8382625,-0.0874342,0.9342202,-0.8557113,-0.4731892,0.4680531,-0.2060713,0.6126572,0.2484234,0.6126572,0.2484234,0
0.3650927,-0.5174724,-1.0361768,-0.7501479,0.7500623,0.0426830,0.5932730,-0.0397464,0.0230071,0.8550576,-0.4917988,0.0007600,0.0007600,0.0007600,0.0007600,-0.0756645,0.0828549,-0.5874250,1.3215577,-0.2067290,-0.4262708,-0.5004502,0.5030204,0.2700962,-1.0035237,1.1380560,-1.1687257,1.8366758,-0.3400421,0.3418847,0.2376299,-0.2067290,-0.4262708,-0.2067290,-0.4262708,0
0.4380237,-1.5642872,0.0192984,-1.0171948,1.0168888,0.0426830,-0.2202926,-0.0397464,-0.1940087,1.6887708,-2.1028949,0.0870164,0.0870164,0.0870164,0.0870164,-1.3602900,-0.2849189,-0.7479142,0.5883985,-0.2930694,-1.1901380,0.0874059,-0.0882483,-0.8680891,-2.1528641,1.0113194,-1.7335645,0.0493668,-0.1358094,0.1350971,2.0441063,-0.2930694,-1.1901380,-0.2930694,-1.1901380,0
1.3000428,-1.7447568,0.7409636,-0.7877817,0.7877019,0.0426830,0.3676106,-0.0397464,-0.6165927,0.0480046,-1.0514412,0.7060424,0.7060424,0.7060424,0.7060424,-0.4787146,-0.5570596,-0.8528261,0.3132272,0.8734459,-1.0759191,0.4657767,-0.4755814,-0.5644520,-0.9296663,0.2856064,-0.9503213,-0.9067239,2.8860699,-2.8916207,-0.3476651,0.8734459,-1.0759191,0.8734459,-1.0759191,0
0.0020371,0.1485411,0.1191115,0.2814362,-0.2807008,-1.2254327,0.5134174,-0.0397464,0.0904064,1.1876114,-0.8857285,0.0423802,0.0423802,0.0423802,0.0423802,-0.8626129,-0.3528977,-0.3448146,0.0448017,0.0400825,-0.3813555,-0.1902577,0.1927037,-0.7428901,0.1103613,0.5232497,0.4071145,-0.2379223,0.8863094,-0.8846269,1.3030803,0.0400825,-0.3813555,0.0400825,-0.3813555,0
-1.0392892,0.5297661,-2.3825863,0.4350731,-0.4342039,-1.5707610,0.1506406,-0.0397464,0.1130698,-1.9964102,0.1096473,-2.9027055,-2.9027055,-2.9027055,-2.9027055,-0.1741882,-0.8901180,-0.5072965,-0.9158092,-1.2214172,1.1888225,-0.0814706,0.0862792,0.2004216,-0.3478749,0.7682683,-0.6543696,-0.2753827,-0.3050886,0.3076409,-0.6299098,-1.2214172,1.1888225,-1.2214172,1.1888225,1
0.0494084,0.5650436,0.1287953,0.1877060,-0.1862958,0.0196566,0.5353948,-0.0028804,-0.4488439,0.1192752,-1.3462449,0.0554996,0.0554996,0.0554996,0.0554996,-0.9843304,-0.2032814,-0.6750377,1.3320396,0.3577796,-0.0504166,0.0062332,-0.0064240,-0.8648313,2.0182300,-1.5747285,1.9612422,-0.7945850,-0.4710643,0.4711849,-0.1700570,0.3577796,-0.0504166,0.3577796,-0.0504166,0
0.2993540,-0.5199526,-0.5100170,-0.7189211,0.7188724,0.0426830,0.0388535,-0.0397464,0.0791415,0.0344128,-0.6731618,0.0582140,0.0582140,0.0582140,0.0582140,-1.1882763,-0.8737152,-0.8812086,-0.8235938,1.3880408,0.5354874,0.4947020,-0.4900694,-0.6105188,0.4400381,-0.7240703,1.4596652,-0.8319142,-0.1232577,0.1349595,-0.2581493,1.3880408,0.5354874,1.3880408,0.5354874,0
0.1315098,0.3890028,0.0101713,2.0271933,-2.0250685,0.0426830,0.1345051,-0.0397464,-0.0633545,0.0644440,-0.3560887,0.0470549,0.0470549,0.0470549,0.0470549,1.5139537,-0.5663253,-0.5619948,0.7538811,0.4930607,-0.3630549,-1.2906622,1.2935490,-0.7438275,-0.7080953,0.8750376,-0.9179464,-0.1515924,-0.2730944,0.2749287,-0.6763536,0.4930607,-0.3630549,0.4930607,-0.3630549,0
0.0697858,-0.1239475,-0.8523476,0.4591778,-0.4583078,0.0426830,-0.5210491,-0.0397464,0.0932490,0.0348108,0.5939072,0.0162921,0.0162921,0.0162921,0.0162921,1.2998114,1.3005884,1.8901872,-0.5394325,-3.2190943,-0.5221141,-0.2123787,0.2172149,-0.5812499,0.5097540,0.2638703,0.3853234,0.2905320,-0.2300283,0.2418034,-0.2107817,-3.2190943,-0.5221141,-3.2190943,-0.5221141,1
0.1053156,0.4655638,-0.0769240,-0.2747937,0.2750841,-1.6405857,-0.6532847,-0.0397464,0.1013617,0.0346173,-0.9680177,0.0158398,0.0158398,0.0158398,0.0158398,1.3802585,1.9626380,1.5365196,-0.6469152,-0.7939529,-0.9431874,-0.2597291,0.2590249,2.1244864,-1.5300026,0.9645979,-1.6862835,-0.0380241,-0.6654209,0.6647740,-0.2955023,-0.7939529,-0.9431874,-0.7939529,-0.9431874,1
-0.4722091,-0.0967886,-0.0389665,-0.6137977,0.6145641,0.0354701,-0.0711848,2.9413893,-0.1677991,-0.0360113,1.6108923,-0.2067382,-0.2067382,-0.2067382,-0.2067382,0.3105102,0.0049350,-0.0814060,-0.2093261,0.9344655,-0.2545034,-0.5578275,0.5578610,-0.8647214,-0.0489569,0.4309761,-0.2413758,0.0413850,0.1661695,-0.1661103,-0.1382471,0.9344655,-0.2545034,0.9344655,-0.2545034,1
0.0656805,-0.3877382,0.3176232,-0.5929656,0.5929999,0.0426830,-0.5251678,-0.7984502,-0.2368940,0.0344238,-0.6213305,0.0389119,0.0389119,0.0389119,0.0389119,-0.3264367,-0.2008886,-0.0809909,0.2603887,-1.1328089,0.3048900,-0.0642706,0.0634900,-0.8605405,0.1415041,-0.0688685,-0.4394822,0.0480985,0.4400513,-0.4408347,-0.2924448,-1.1328089,0.3048900,-1.1328089,0.3048900,0
0.0957987,0.0551507,-0.2878968,0.3160966,-0.3153324,-1.9211302,-0.0616065,-0.2294223,-0.0725015,0.0339532,-0.4969576,0.0276020,0.0276020,0.0276020,0.0276020,-0.0643483,-0.6273188,-0.2425875,-0.5647445,0.5070600,1.3795729,-1.5608399,1.5606450,-0.8587903,1.4645025,-1.1946161,0.8008217,-0.2836817,-0.5728537,0.5721954,-0.2941542,0.5070600,1.3795729,0.5070600,1.3795729,0
0.1843140,-0.4249648,1.2580001,-1.6717950,1.6710033,0.0426830,-0.3172637,-0.0397464,0.4021992,0.0346635,-0.1471398,0.0282052,0.0282052,0.0282052,0.0282052,-1.3022829,-0.1917112,-0.5838222,1.1992691,0.9181257,-0.0906381,0.0663165,-0.0615784,-0.5724435,1.9809630,-1.6732605,1.3937611,-0.9320675,-0.0205134,0.0322454,-0.2179682,0.9181257,-0.0906381,0.9181257,-0.0906381,0
0.0284499,0.4872479,-0.2466401,0.6781991,-0.6771481,0.0426830,0.1020888,-0.0397464,1.0878365,-0.4704035,-0.3840349,0.0122206,0.0122206,0.0122206,0.0122206,1.3256138,-0.1566748,-0.2382348,-0.4555045,0.6635215,-0.2447081,-1.4963845,1.4993529,-0.7371335,0.3274277,-1.0594736,-0.1427049,-0.1600656,-0.3638894,0.3657348,-0.0462552,0.6635215,-0.2447081,0.6635215,-0.2447081,0
0.3892875,-0.5645242,0.1374207,0.9423252,-0.9433504,0.1115342,0.9230827,0.4247979,-0.1206780,-1.5745081,0.4059003,-0.2412709,-0.2412709,-0.2412709,-0.2412709,-0.6949895,-0.3764897,-0.2048807,-1.0592192,1.7688865,-0.1021145,1.7094351,-1.7077475,0.2627555,1.1833269,-1.0096792,1.0852936,-0.6293475,5.2044473,-5.2032979,0.7718587,1.7688865,-0.1021145,1.7688865,-0.1021145,0
0.6424001,-0.1167097,-2.2013343,0.0433782,-0.0428322,0.0426830,0.5296383,-0.0397464,-5.0377484,0.9670750,-1.1630370,1.8406468,1.8406468,1.8406468,1.8406468,-0.8126842,-1.8583709,-1.3618016,1.5697873,-1.5959309,0.6791796,-4.2585440,4.2626161,-2.4773634,0.2098115,-2.8601129,2.7627054,0.1520105,-0.2306821,0.2324939,0.4019144,-1.5959309,0.6791796,-1.5959309,0.6791796,1
0.1952491,-0.2842041,0.5942290,2.0271934,-2.0250685,0.0426830,0.1615705,-0.0397464,0.0983221,-0.2424721,0.8976040,0.0168953,0.0168953,0.0168953,0.0168953,-0.6664946,1.2336665,1.5549564,-1.8564527,-0.7172066,-0.4906102,-0.0321247,0.0345080,2.0045699,-0.9191898,0.8402223,-1.1762548,-0.6071449,-0.5658510,0.5677214,-0.7748973,-0.7172066,-0.4906102,-0.7172066,-0.4906102,1
0.4707864,-0.5035719,-0.6733704,0.0433782,-0.0428322,0.0426830,2.6489870,-0.0397464,-0.7971754,-0.4505183,1.1736789,0.1824716,0.1824716,0.1824716,0.1824716,0.3080091,-0.2024756,-0.6919683,0.8824199,-0.4237764,2.6545728,-0.9065332,0.9116735,0.2133922,-0.1747103,-0.3882434,-0.1789183,-0.9623830,-0.2362310,0.2387920,-0.6299381,-0.4237764,2.6545728,-0.4237764,2.6545728,1
-0.0881470,0.1324783,-0.3863188,0.0433782,-0.0428322,1.0245898,0.1359036,-0.0397464,-0.0057566,0.0346920,0.4175248,0.0159906,0.0159906,0.0159906,0.0159906,1.2619122,1.5586829,0.7747615,1.1418114,0.3139527,-0.4219557,-0.4741207,0.4735011,1.8459880,0.0319381,0.8516151,-0.3364747,0.4731104,-0.3898271,0.3891548,-0.2978936,0.3139527,-0.4219557,0.3139527,-0.4219557,1
-0.4358103,0.1357815,0.2516569,1.6425140,-1.6406939,0.0426830,-0.4735841,-0.0397464,-0.1276790,0.0382082,-0.9686646,1.1771355,1.1771355,1.1771355,1.1771355,1.3992614,-0.6274618,-0.9502438,0.2500956,0.9363478,2.8893771,-0.1830839,0.1829685,-0.8639390,1.6683983,-2.1795136,1.6599068,-0.1092243,1.6430460,-1.6431691,-0.1528779,0.9363478,2.8893771,0.9363478,2.8893771,0
0.4928219,-0.1312837,0.6794595,0.2783954,-0.2776552,0.0426830,0.1113470,-0.0397464,-0.2490877,0.0526510,0.0285659,0.0892784,0.0892784,0.0892784,0.0892784,-0.6428922,0.0589262,-0.2174439,0.8333333,-0.1018253,0.0499790,-0.2062340,0.2110935,0.2133922,0.0185532,0.7495677,0.0232267,-0.0970955,0.9270355,-0.9246181,-0.6033099,-0.1018253,0.0499790,-0.1018253,0.0499790,1
-0.3197146,0.9659374,0.9900624,0.4401411,-0.4392795,0.0426830,-0.4208389,-0.0397464,0.1264807,-1.2433176,0.5129975,-0.0759963,-0.0759963,-0.0759963,-0.0759963,1.4616273,0.1304249,0.3873123,-0.3342110,-0.3088800,-0.4083322,-0.1104360,0.1128508,0.2722836,0.1862755,0.4755464,-0.1631427,-0.1675069,-0.1350867,0.1369039,-0.9170849,-0.3088800,-0.4083322,-0.3088800,-0.4083322,0
-4.9671408,0.5502159,0.1027943,0.0433782,-0.0428322,-0.7428423,0.6810073,0.9086330,-0.0104779,-3.3405493,0.5076085,-7.5326578,-7.5326578,-7.5326578,-7.5326578,1.2999283,-0.2394909,-0.1643706,0.1144902,-1.4697949,0.1982776,0.3390808,-0.3400204,-0.8621239,0.2485723,0.6024179,0.0836807,-0.7993136,-0.4102160,0.4095462,-0.2904777,-1.4697949,0.1982776,-1.4697949,0.1982776,0
0.0190822,-0.3493141,-1.0438597,0.9710902,-0.9690496,0.0761482,0.8923639,2.9363901,0.0815901,0.0268395,0.0885813,-0.0117563,-0.0117563,-0.0117563,-0.0117563,-1.1686495,-0.5389166,-0.0913698,0.3148725,0.7868849,0.0840046,0.9223670,-0.9229224,-0.8572927,0.4134774,0.4042294,0.4121156,-0.6000600,-0.8913330,0.8915227,-0.3236545,0.7868849,0.0840046,0.7868849,0.0840046,0
0.4893031,0.6359406,-0.0457045,1.1094685,-1.1080736,0.0426830,0.1088467,-2.4787911,-0.1665537,0.0346173,-0.5535900,0.0242844,0.0242844,0.0242844,0.0242844,-2.3350465,0.0348891,0.1805112,-0.1692423,0.8766500,-0.4417793,-0.7245380,0.7246387,-0.1501347,0.6344424,0.4569133,0.5267949,-0.5704413,-0.1049422,0.1050349,-0.2090628,0.8766500,-0.4417793,0.8766500,-0.4417793,0
-0.0005914,0.1348426,-0.1128803,0.6141289,-0.6127726,0.0426830,-0.0031560,0.6166779,0.2812337,0.0335552,0.2171561,0.0138794,0.0138794,0.0138794,0.0138794,-0.1352452,0.6991447,0.5056027,0.1324589,0.2756834,-0.0701071,0.2248711,-0.2101488,0.7135927,0.8576029,-0.5202641,0.4269757,0.0643093,-0.1349061,0.1554369,-0.6431202,0.2756834,-0.0701071,0.2756834,-0.0701071,0
0.0917573,-0.0913438,0.7643239,0.0433782,-0.0428322,0.0426830,-0.1457323,-0.0397464,0.1019386,0.0346349,0.4885558,0.0196097,0.0196097,0.0196097,0.0196097,-1.5714612,-0.5613724,-0.0412527,-0.0427845,0.8330927,-0.0256953,0.1596577,-0.1549348,-0.5822284,-0.3356601,-0.2292999,-0.7677864,-0.1574411,-0.1167023,0.1284204,-0.2102475,0.8330927,-0.0256953,0.8330927,-0.0256953,0
-0.0200997,-0.0723300,0.4299521,-1.9043676,1.9033635,0.0426830,0.2934709,0.8093240,0.0919825,-0.7116212,0.5753666,0.0158398,0.0158398,0.0158398,0.0158398,-0.2764345,2.1180356,2.7438847,-2.0739589,-1.1019436,-0.4894825,-0.1578760,0.1603092,1.5433544,-0.5710689,1.0749912,-0.8850683,1.8235701,-0.6039532,0.6058197,-0.3323493,-1.1019436,-0.4894825,-1.1019436,-0.4894825,1
-0.6442600,0.9846391,-0.3002063,-0.4042734,0.4044496,-1.5707610,0.1119939,-0.0397464,0.3938754,0.1430966,-0.3390254,-0.0524718,-0.0524718,-0.0524718,-0.0524718,-0.2966226,0.2840733,0.3093566,-0.6707494,0.2999954,-0.5880556,0.6058392,-0.6013065,0.2016804,0.4446676,0.6215270,0.2593928,-0.0947953,-0.7208235,0.7234358,-0.4732800,0.2999954,-0.5880556,0.2999954,-0.5880556,0
0.1530868,-0.4352042,0.0769116,0.0433782,-0.0428322,0.8880936,1.0353139,-0.0397464,0.1013828,0.0346151,0.1580894,0.0167445,0.0167445,0.0167445,0.0167445,-0.3684994,1.1962235,2.6023801,-2.2210456,-0.8087067,0.2883536,-0.2430323,0.2454991,1.8868132,0.2276227,0.4376881,-0.1658228,0.9608701,-0.7544351,0.7563201,-0.9211794,-0.8087067,0.2883536,-0.8087067,0.2883536,1
0.2820210,-0.5257959,0.2964007,-0.0930454,0.0927337,0.0198226,0.5410615,0.4574561,-0.7831242,0.0565497,-0.8855555,0.2688789,0.2688789,0.2688789,0.2688789,-1.3904377,-0.7649619,-0.6425524,0.0436973,-0.3518974,2.7496796,0.7110794,-0.7121666,-0.8688808,1.7767089,-1.7361342,1.0123584,-0.7910385,1.7058471,-1.7067867,-0.3189881,-0.3518974,2.7496796,-0.3518974,2.7496796,0
-0.2752383,-0.1652362,0.3090358,-0.8850586,0.8841100,0.0111711,-0.1880472,-0.0842066,-0.8464425,0.0365744,-0.2436792,0.0375547,0.0375547,0.0375547,0.0375547,-1.2552960,-0.0792614,-0.4736004,0.8487581,0.0696053,0.0423392,-0.2821608,0.2814617,-0.8734020,0.3632809,-0.0138199,-0.2503460,-0.8005017,-0.4609903,0.4603095,-0.3141018,0.0696053,0.0423392,0.0696053,0.0423392,0
-2.1478950,0.4296477,-3.2831320,0.0433782,-0.0428322,0.0426830,0.3341311,-0.0397464,0.3118902,0.0326580,0.2523328,-0.7980173,-0.7980173,-0.7980173,-0.7980173,-1.0179913,-0.3933226,-0.4036569,-0.3660374,1.2944325,4.2785917,-0.8731082,0.8726414,-0.8726103,-2.4030166,-0.7007601,-1.0141475,-0.5868852,-0.2559488,0.2552428,-0.3148025,1.2944325,4.2785917,1.2944325,4.2785917,0
-0.0281504,-0.6667456,1.3034777,-0.7400115,0.7399103,0.0426830,0.8645341,-0.0397464,-0.1112777,-0.0446642,0.3127220,0.0168953,0.0168953,0.0168953,0.0168953,-0.1680133,1.5884396,0.7282605,0.8486914,-0.8894573,-0.6974601,-0.1349599,0.1397899,0.2031161,-0.1006799,0.9737421,-0.4910212,-0.9805686,-0.3404723,0.3430548,-0.2572097,-0.8894573,-0.6974601,-0.8894573,-0.6974601,0
0.3820525,-0.0071412,-0.1549845,0.2820071,-0.2812692,-0.7428423,0.0846167,-0.0397464,0.0850519,0.1308066,0.3636307,0.1443197,0.1443197,0.1443197,0.1443197,-1.1768927,-0.6305685,-0.5644590,0.4730231,0.6557471,-0.9987634,-0.1977580,0.1970292,0.1363976,-0.7836496,1.1672573,-0.9165686,-0.1586092,-0.2439736,0.2432833,-0.1470677,0.6557471,-0.9987634,0.6557471,-0.9987634,0
-0.5299397,0.0081305,-0.2857430,1.1900400,-1.1893271,1.0350582,-0.5070274,0.8623892,-0.0965651,-0.0615039,-0.3679379,-0.0271377,-0.0271377,-0.0271377,-0.0271377,-1.4945402,-0.3538607,-0.6444718,0.3713252,0.4308559,0.7390749,-0.6659908,0.6654444,-0.8629156,1.0683324,-1.0164661,0.9717063,-0.7631314,0.4414106,-0.4421941,-0.2899529,0.4308559,0.7390749,0.4308559,0.7390749,0
0.0112501,-0.9487807,-0.3262890,1.5979603,-1.5938752,-0.0313334,-0.4424597,-0.5657842,-1.0507792,0.4325265,-1.1059637,-0.0040656,-0.0040656,-0.0040656,-0.0040656,0.1353961,-0.2607969,0.2757739,0.1289796,0.5845913,-0.5447132,0.9088362,-0.9044260,-0.9562997,0.1562356,0.6187163,0.0370764,-0.6790337,-0.1807853,0.1833309,-0.3092500,0.5845913,-0.5447132,0.5845913,-0.5447132,0
0.1977070,0.4276433,0.0752961,-1.2539977,1.2511915,0.1489510,-0.1298680,-0.0878775,0.0654914,0.1921379,-0.9983917,0.1407005,0.1407005,0.1407005,0.1407005,1.4318908,-0.2456483,-0.5480640,0.5873381,0.4246920,-0.3436349,0.4475859,-0.4453948,-0.7408834,-0.0700494,0.8738159,0.2242449,-0.8264029,-0.2989977,0.3008266,-0.4083436,0.4246920,-0.3436349,0.4246920,-0.3436349,0
-0.0632911,-0.0107301,2.2604050,0.4401411,-0.4392795,0.0426830,-0.5529742,-0.8888169,0.7303510,1.0750420,0.1568760,-0.0309076,-0.0309076,-0.0309076,-0.0309076,-0.5682919,-0.5221381,-0.7605103,1.1542325,-0.1621210,-0.4197087,-0.9533562,0.9561070,-0.7514809,0.3739038,-0.1396908,0.2743938,-0.1230497,-0.7297878,0.7316784,0.5657025,-0.1621210,-0.4197087,-0.1621210,-0.4197087,0
-0.4817847,0.0387792,0.2156310,0.2118798,-0.2114714,0.0426830,-1.5216410,-0.0397464,0.0444041,-0.1082583,-0.3585050,0.0214193,0.0214193,0.0214193,0.0214193,0.0550896,-0.0495262,-0.2964888,0.7045872,-0.2921202,-0.9270671,-1.1550500,1.1293549,-1.1920117,-0.1449382,0.2604787,-0.4108571,-0.4020717,-0.2690166,0.2340943,-0.4177989,-0.2921202,-0.9270671,-0.2921202,-0.9270671,1
0.7337411,-1.2411802,1.8752948,0.5817729,-0.6226653,0.0072054,-0.3572192,-0.1023945,0.0224302,0.3150490,0.7367052,0.2503307,0.2503307,0.2503307,0.2503307,-0.1223211,-0.6770445,-0.6903213,1.0950713,0.4498974,1.4891522,0.9182225,-0.9466177,-1.1904686,1.4627460,-1.0306395,1.3017792,-0.9086788,-0.1752967,0.1403111,-0.5001973,0.4498974,1.4891522,0.4498974,1.4891522,0
-0.2125760,0.2071746,1.6218636,0.6763226,-0.6752727,-0.9702503,-0.2230620,-0.0342137,-0.4537481,0.0219710,-0.7005414,0.0146334,0.0146334,0.0146334,0.0146334,-0.4551580,-0.1722731,-0.0879677,-0.4339571,-1.6712653,0.7775196,0.2635057,-0.2612410,-0.7444525,-0.4310808,1.1462070,-0.6740695,-0.6907902,-0.0171496,0.0189437,-0.9349428,-1.6712653,0.7775196,-1.6712653,0.7775196,1
0.3169856,-0.4612156,0.0298448,-0.5928832,0.5959087,0.0079340,0.7276801,0.0015799,0.0570551,0.3558574,-0.3376885,0.0141810,0.0141810,0.0141810,0.0141810,1.4162943,-0.6099192,-0.3755289,-0.5850143,1.9031352,-0.0674814,0.7818140,-0.7797556,-0.7454116,-0.3629680,0.9103588,-0.5991227,-0.3471093,-0.1003224,0.1021267,0.1679077,1.9031352,-0.0674814,1.9031352,-0.0674814,0
0.0612712,-1.1113160,0.5208802,0.0534778,-0.1027761,-0.2494724,0.3517569,-0.0219164,-0.1403511,-1.8192177,0.6483867,-0.0621228,-0.0621228,-0.0621228,-0.0621228,-1.5438796,0.3215683,0.0762235,0.6938739,-1.8571664,-0.2705155,-0.7075261,0.7076197,-0.8641999,-0.5417540,0.3009529,-0.8230537,-0.1339823,-0.1032990,0.1033829,-0.1591531,-1.8571664,-0.2705155,-1.8571664,-0.2705155,0
-0.1035767,0.5083506,0.9098190,-0.4364628,0.4252797,0.0178346,2.0817993,2.4391781,0.1522541,0.3382327,-0.7965420,-0.2507712,-0.2507712,-0.2507712,-0.2507712,0.6342602,0.6779353,-0.0633263,1.4092461,-2.1394241,-0.7116246,-0.2537012,0.2442184,-0.5687696,-0.1034695,0.2890580,-0.0777468,-0.8551368,-0.4595192,0.4543900,-0.1957770,-2.1394241,-0.7116246,-2.1394241,-0.7116246,1
-0.0487838,-0.7941788,-0.4656613,-1.1257728,1.1259425,0.0102743,-1.1711457,-0.0620276,-0.5599517,0.2501136,-0.5506769,-0.0318124,-0.0318124,-0.0318124,-0.0318124,-0.2540049,-0.0563802,-0.4290879,-0.7118539,0.4065211,-0.6312565,-0.7193608,0.7244256,-0.9548640,0.0214926,1.1329330,-0.2652827,1.2377581,0.0936041,-0.0910838,0.0385628,0.4065211,-0.6312565,0.4065211,-0.6312565,0
-0.1467360,0.5898619,-1.4867405,0.5428908,-0.5425169,0.1069030,0.3700362,0.0307166,0.2280475,0.2435101,0.4611876,0.0089030,0.0089030,0.0089030,0.0089030,-1.6205026,1.4244936,1.0547081,1.2733043,0.2428740,-0.1082813,-0.0506450,0.0554370,-0.5983644,-0.4524910,0.8605981,-0.5970049,-0.8882640,-0.2570844,0.2688543,-0.2694052,0.2428740,-0.1082813,0.2428740,-0.1082813,0
-1.2033693,1.1475660,1.2735648,2.2339206,-2.2315630,0.0139024,0.8721502,-0.0451843,0.3414209,-0.0221908,0.7802429,-0.8984488,-0.8984488,-0.8984488,-0.8984488,-0.0502145,-0.1166594,-0.4654063,0.6743962,1.5044821,1.3354524,0.9313594,-0.9269576,-0.9622029,-0.3499017,0.8671264,-0.8540324,-0.4184276,-0.2451092,0.2476713,-0.6337718,1.5044821,1.3354524,1.5044821,1.3354524,0
1.9405178,-1.0983516,-0.5593702,0.0476768,-0.0471297,-3.1501044,0.4487045,-0.0414343,-2.6174617,0.1129180,1.6524283,1.2505741,1.2505741,1.2505741,1.2505741,-0.3682312,-0.7870682,-0.9899366,0.7258719,1.0407453,-0.5102383,-0.0117389,0.0165197,-0.9519268,0.6646338,0.8030573,0.6318314,-0.9557115,-0.1270946,0.1296250,0.2574172,1.0407453,-0.5102383,1.0407453,-0.5102383,0
-0.1512998,0.3601541,0.7450108,0.1336875,-0.1325432,1.2160708,-0.7692845,-0.0635698,-0.2168551,-0.2422851,-0.2625671,-0.2269451,-0.2269451,-0.2269451,-0.2269451,-0.2079320,1.1751825,1.7054301,-0.8162519,-1.6594316,-0.0579357,-0.1581282,0.1629678,2.0660677,-0.9184795,-0.0624976,-0.8744488,1.7580845,-0.3846310,0.3871931,-0.6055221,-1.6594316,-0.0579357,-1.6594316,-0.0579357,1
1.0717329,-1.5498681,0.3860889,2.1024884,-2.0955550,-0.6116202,1.3073757,-1.1534979,0.0626558,0.1334321,0.1961119,0.3050704,0.3050704,0.3050704,0.3050704,-1.0739265,-0.6674614,-0.6280049,-0.9104248,1.0204210,-0.5264376,-0.7338726,0.7388563,0.7014556,0.4243440,0.0736118,0.3240967,-0.7907232,-0.0692746,0.0810470,-0.1777809,1.0204210,-0.5264376,1.0204210,-0.5264376,0
0.1015622,0.0837070,-5.2052865,-0.8633477,0.8631648,1.9780275,-0.5036474,2.2306422,0.1712869,0.0164098,-3.1463644,-0.0309076,-0.0309076,-0.0309076,-0.0309076,0.1999934,1.6684573,1.3216760,-0.5345394,-0.7713018,-0.8860633,0.0598407,-0.0606723,1.6875349,-1.8107073,1.0060090,-1.8751196,3.9736155,-0.9312418,0.9306191,-0.3189912,-0.7713018,-0.8860633,-0.7713018,-0.8860633,1
-0.7564156,0.9985898,2.2180940,0.5482481,-0.5419801,-0.0766638,0.0188576,0.0369084,0.3311270,0.3615242,-0.3812175,-0.1274184,-0.1274184,-0.1274184,-0.1274184,-0.1824718,2.0626950,1.1983350,-1.1769723,-0.7037838,-0.7054120,-0.2987540,0.3036504,1.5315599,-0.6017038,0.6449682,-1.1134319,-0.3001307,-0.8206258,0.8232417,0.1473159,-0.7037838,-0.7054120,-0.7037838,-0.7054120,1
-0.2325908,0.5115348,0.2823818,-0.5474292,0.5445176,0.0546111,-0.8776937,-2.6307985,-0.1300642,-0.4324494,0.8256869,0.0079983,0.0079983,0.0079983,0.0079983,-0.8133636,-0.6647564,-0.7853712,0.5489591,0.7728252,-0.1670822,-0.1056502,0.1048833,0.1296409,0.2521747,0.5514579,-0.0622161,-0.7282195,-0.8053556,0.8047260,-0.3199151,0.7728252,-0.1670822,0.7728252,-0.1670822,0
-1.4534909,0.9654934,-0.6627993,2.9298148,-2.9269720,1.3130876,-0.9719510,1.0284583,-0.5154199,-0.6283310,0.0496520,-0.7999776,-0.7999776,-0.7999776,-0.7999776,-0.3292292,-0.5996573,0.3175333,-1.4710349,-0.2372133,-0.4096720,-0.5590225,0.5616165,0.9948400,-0.9976457,0.4264003,-1.1355251,0.0210663,-0.3480858,0.3499208,-0.1264885,-0.2372133,-0.4096720,-0.2372133,-0.4096720,0
1.1988596,-2.5214343,-0.1477214,-0.8614361,0.8612617,0.0420343,0.5825031,-0.0461676,-0.8005246,-1.8170143,1.7730948,0.4002240,0.4002240,0.4002240,0.4002240,-0.6223388,-0.7602403,-0.4603945,-0.2971920,0.7272672,-0.2701410,0.4062472,-0.4040390,-0.7461683,-2.5574590,0.0897639,-1.1865497,0.0629600,1.5085311,-1.5069168,-0.0383082,0.7272672,-0.2701410,0.7272672,-0.2701410,0
-1.4622934,1.7421023,0.3905452,0.7134419,-0.7100279,-0.0321571,-0.4437557,2.2270364,0.3077741,1.9041946,-1.4368430,-0.3334085,-0.3334085,-0.3334085,-0.3334085,0.7946126,1.0987119,1.9174454,-1.2665644,-0.8879706,-0.7186777,-0.2267465,0.2316140,1.0364217,-0.2099988,0.7493016,-0.6848207,-0.0612817,-0.7596312,0.7622397,2.8694287,-0.8879706,-0.7186777,-0.8879706,-0.7186777,1
0.7485417,-1.6889148,-1.4167715,-0.4692439,0.4693816,0.0444219,0.6141357,-1.0986376,-0.5544494,0.1824427,-1.2884573,0.0882228,0.0882228,0.0882228,0.0882228,1.4128243,-0.6862653,-0.9904911,0.7546746,-0.6384108,-0.4476382,-0.8586073,0.8613212,0.9935900,-0.2374523,0.0198636,-0.5069704,-0.1441512,0.0835989,-0.0818259,-0.1266268,-0.6384108,-0.4476382,-0.6384108,-0.4476382,1
-0.1146237,-0.0340869,0.8087191,0.4379255,-0.4340776,0.0295187,-0.1375568,0.8538891,0.0878663,0.2245462,0.0756833,-0.0012004,-0.0012004,-0.0012004,-0.0012004,-0.6555756,-0.0628731,-0.3337053,0.1797384,-0.6661857,-0.4409013,-0.3151489,0.3176456,-0.7466616,0.7604670,-0.1224556,0.4792332,-0.6889434,-0.3958147,0.3976555,-0.0493033,-0.6661857,-0.4409013,-0.6661857,-0.4409013,0
-0.4196768,1.0372565,0.4295582,0.6829391,-0.6848701,0.0542637,0.6289902,-1.1516829,-0.1172725,-0.5307805,0.2880963,-0.1699434,-0.1699434,-0.1699434,-0.1699434,1.4926884,-0.3795579,-0.8489745,1.6433924,0.5375672,-0.3368106,-0.6530778,0.6525262,-0.8669015,1.4066793,-1.0728301,1.0517327,0.2763843,-0.7741873,0.7735625,-0.3189755,0.5375672,-0.3368106,0.5375672,-0.3368106,0
-0.7860913,0.8976891,0.8089749,0.4392247,-0.4383638,0.0429790,0.0763557,-0.0337422,-0.3899724,0.7715915,-0.6975393,-0.3257178,-0.3257178,-0.3257178,-0.3257178,-0.4765259,-0.2744400,-0.5884608,0.6648185,-0.5497086,-0.4811644,-0.3218840,0.3243827,-0.7460150,0.0535481,0.3939085,-0.2700592,0.4817958,0.1335215,-0.1317289,0.3657492,-0.5497086,-0.4811644,-0.5497086,-0.4811644,0
-0.5239097,-0.3063934,-0.1969917,0.8371334,-0.8359556,0.0426092,-8.0311842,-0.0412476,-0.6918935,0.2766287,-0.7875906,-0.3843782,-0.3843782,-0.3843782,-0.3843782,-0.4577296,-0.6384102,-0.8932659,1.0339271,1.1360528,-0.2335189,0.1490523,-0.1467414,-0.7422651,-0.5478619,0.5921382,-0.9091834,0.0527150,-0.4116699,0.4135040,-0.5871583,1.1360528,-0.2335189,1.1360528,-0.2335189,0
-0.1931956,1.4523285,0.9968500,-0.3578046,0.3610199,-1.5352069,3.0742626,0.0049832,-0.1964221,-1.0210309,0.5614766,-0.3475835,-0.3475835,-0.3475835,-0.3475835,1.2950948,0.1148725,-0.3139147,0.3182822,1.5498354,0.2162371,-0.1973543,0.1998037,0.9906458,1.1699867,-0.9783829,0.5528920,1.3683519,-0.3996602,0.4015101,-0.9341635,1.5498354,0.2162371,1.5498354,0.2162371,0
2.5303852,2.3472714,0.5583478,1.2362869,-1.2377798,0.0510569,-0.6335322,-0.0794436,-0.2885323,-0.4992276,0.1777474,1.0083925,1.0083925,1.0083925,1.0083925,1.7096523,-1.5967710,-0.8625504,0.0825802,-0.4642984,1.7774354,0.2292294,-0.2301273,0.1251195,1.6238215,-1.3516371,1.0514796,-0.7374445,-0.7908597,0.7902197,-0.3114779,-0.4642984,1.7774354,-0.4642984,1.7774354,0
-0.6282492,0.4217564,0.0529445,-1.5417974,1.5410813,0.0411238,-0.8998675,-0.0452792,-0.5698726,1.1629236,-0.6162657,-0.4094107,-0.4094107,-0.4094107,-0.4094107,1.3901311,-0.8476566,-0.3970609,0.1701096,0.3292731,-0.3158801,-0.4631768,0.4657326,-0.7444741,0.4867648,-0.1815104,0.2494714,-0.8070180,1.0231557,-1.0214814,0.6796625,0.3292731,-0.3158801,0.3292731,-0.3158801,0
-0.7889277,0.5543577,-0.1439264,0.8365224,-0.8353452,0.0428063,-3.4921488,-0.0372446,-0.0135879,0.0356904,-1.5530568,-0.5511609,-0.5511609,-0.5511609,-0.5511609,0.3941919,-0.5751679,-0.6186848,0.5208634,1.9063508,1.2256776,0.5968571,-0.5947250,-0.7435150,0.4319801,0.2484264,0.2531211,-0.6052350,-0.0661861,0.0679862,-0.9320362,1.9063508,1.2256776,1.9063508,1.2256776,0
1.9490377,-0.8257610,-1.2687533,0.0424180,-0.0418725,0.0439461,3.8317777,0.8088524,-0.6897264,-1.2135524,0.6274510,1.5726787,1.5726787,1.5726787,1.5726787,0.3229730,-1.8583642,-0.9432719,-0.5649717,0.8531483,3.9582386,2.6076665,-2.6063372,-0.7419526,-1.2481813,0.2426776,-1.2298605,1.8787917,1.2018378,-1.2001856,-0.9314894,0.8531483,3.9582386,0.8531483,3.9582386,0
0.3367392,-0.0674161,-0.1626460,-1.3865832,1.3859904,0.0431838,0.1750969,-0.0363276,0.1221464,-0.3931209,0.7415384,0.0223241,0.0223241,0.0223241,0.0223241,1.4511785,-0.3268465,-0.8112901,1.6726607,-1.0102794,-0.4576832,0.0909817,-0.0886475,-0.7466616,1.8983657,-1.9486048,1.4089029,-0.8182339,-0.0916163,0.0934195,0.6294511,-1.0102794,-0.4576832,-1.0102794,-0.4576832,0
0.9206832,-1.8710273,0.1980708,1.1842751,-1.1851093,0.1404763,0.3314771,-0.0998313,0.0871135,1.5007769,1.3887938,0.0624363,0.0624363,0.0624363,0.0624363,-0.6041233,-0.0603285,0.5718883,-1.3936283,-0.2499442,-0.4327830,-1.1031016,1.1059125,2.0000415,-0.4119454,0.8133820,-0.6560995,0.2660332,0.1801320,-0.1783623,1.4629215,-0.2499442,-0.4327830,-0.2499442,-0.4327830,1
-0.1147570,0.9183759,0.4998823,-0.0776821,0.0834323,-0.0634081,0.0152534,4.4124399,-0.4495968,1.3779318,-2.1401960,-0.0802186,-0.0802186,-0.0802186,-0.0802186,0.4334443,0.4890646,0.0540185,0.9970841,-0.7136207,-0.6858547,-1.2681850,1.2734710,1.0330361,0.4127826,0.9770250,0.8311034,-0.2296793,-0.6080310,0.6106379,1.6037674,-0.7136207,-0.6858547,-0.7136207,-0.6858547,1
-0.2521685,1.1677136,0.7966268,-0.0735297,0.0757630,0.0728668,-0.3169328,0.1037445,0.2595413,0.2377422,-1.0080597,-0.0351300,-0.0351300,-0.0351300,-0.0351300,1.4329503,-0.9979948,-0.5225245,-0.4487914,0.2741104,0.1153671,0.9956012,-0.9911483,-0.5724435,0.7287895,-0.4281254,1.1589707,-0.9332987,-0.0561121,0.0678486,-0.2180845,0.2741104,0.1153671,0.2741104,0.1153671,0
0.8347111,-1.2590454,-2.5799128,0.3620870,-0.3612874,0.0422636,-0.1115567,-0.0482525,0.4765501,-0.2760239,1.7877446,0.2747600,0.2747600,0.2747600,0.2747600,0.0629111,-0.6851627,-0.6292673,0.3481879,0.5171466,-0.2582235,0.7226189,-0.7205368,-0.7368210,1.2506329,-1.1416249,0.7490990,-0.6011891,-0.1420551,0.1438559,-0.4471012,0.5171466,-0.2582235,0.5171466,-0.2582235,0
-0.0181750,1.0542012,1.1706944,0.8409141,-0.8420305,0.1136504,-0.5443780,-0.1025070,-0.3660636,0.7872349,-1.5932211,0.0527853,0.0527853,0.0527853,0.0527853,1.4651507,-0.2864753,-0.4891627,-0.0859843,-0.6425343,-0.4734331,-0.9191814,0.9219191,-0.7421334,0.5464192,-0.1113027,0.1124917,-0.8029261,-0.6541683,0.6560496,0.5076666,-0.6425343,-0.4734331,-0.6425343,-0.4734331,0
0.2665806,1.0463582,0.9192839,0.1521153,-0.1491659,-0.0262986,-0.8157160,0.0304648,-0.3454688,-1.4271401,0.0258087,0.0447930,0.0447930,0.0447930,0.0447930,0.1951507,-0.5156388,-0.5676944,0.9830561,-0.1981200,-0.6486583,0.1537626,-0.1490487,-0.9506680,0.4745766,0.1561978,0.2519832,-0.0922498,-0.4973031,0.4999050,0.2144740,-0.1981200,-0.6486583,-0.1981200,-0.6486583,0
0.0305079,-0.2660606,-0.3860733,0.8749910,-0.8738209,0.0407630,0.7810829,-0.0477936,0.1156169,-1.1972735,0.2516621,-0.0257805,-0.0257805,-0.0257805,-0.0257805,0.4266748,-0.1422892,0.0278138,-0.5930163,-1.8617068,-0.6507638,-0.2416688,0.2321829,-0.5602077,-1.2172554,0.0083622,-0.9621166,-0.1797538,-0.6843387,0.6792287,-0.3403403,-1.8617068,-0.6507638,-1.8617068,-0.6507638,1
0.7050998,-1.6106288,-1.7051909,0.1125403,-0.1119387,-2.8562368,0.9215112,-3.8680691,-0.7129175,0.4831577,1.0959139,0.1696538,0.1696538,0.1696538,0.1696538,-0.6520022,-0.6321078,-0.5296572,0.1584168,0.9591822,-0.2450785,0.6145752,-0.6124500,-0.7467933,-0.2984585,0.9832798,-0.1559841,0.2682714,-0.3759334,0.3777804,1.0956923,0.9591822,-0.2450785,0.9591822,-0.2450785,0
0.0938686,1.5089987,-0.9592218,-0.3539959,0.3542255,0.8882910,-0.0487676,-0.8848142,-0.0845755,-0.4240714,-0.0924482,-0.0518686,-0.0518686,-0.0518686,-0.0518686,-0.7323490,0.1862983,0.5752592,-1.6391920,-0.6881686,-0.5036387,-1.0211007,1.0238787,2.7162161,1.1302521,-0.6565309,0.7214955,-0.0923409,-0.3307854,0.3326268,0.5638359,-0.6881686,-0.5036387,-0.6881686,-0.5036387,1
0.3480795,-0.7834745,-0.5786439,1.2354063,-1.2309143,0.0307076,-0.4994902,0.0075812,-0.0080715,0.4308619,-1.0350359,0.0880720,0.0880720,0.0880720,0.0880720,-0.4853734,0.0613738,0.0026471,0.5556949,-0.4196384,-0.4179610,-0.2290647,0.2315262,-0.7489807,1.1218419,-0.6930213,0.6816231,-0.1603179,-0.5197997,0.5216558,0.2439868,-0.4196384,-0.4179610,-0.4196384,-0.4179610,0
-0.5918290,1.0335183,-0.0462677,-1.0533839,1.1278469,0.1034244,0.3262160,0.0448152,0.3182157,-1.4847463,0.3880872,-0.1931663,-0.1931663,-0.1931663,-0.1931663,1.4237891,0.7525317,0.7411094,-0.0359963,-1.4979699,-1.0664234,-0.1515321,0.1507848,-0.8653182,-1.2700289,1.0252080,-1.5630045,0.0501926,-0.7391649,0.7385272,-0.3221681,-1.4979699,-1.0664234,-1.4979699,-1.0664234,1
-1.2917034,0.8188144,-0.4822654,0.9929997,-1.0725803,-0.0061324,-3.6078155,-0.1726367,0.2002336,1.3212095,-2.2503269,-0.5678995,-0.5678995,-0.5678995,-0.5678995,0.8841720,-0.5826271,-0.6585227,0.0448556,0.0282625,-0.7049709,-0.6351225,0.5635504,-0.2918101,0.1297645,0.6108275,-0.1482223,-0.7252927,-0.2000902,0.0832669,0.9216162,0.0282625,-0.7049709,0.0282625,-0.7049709,0
1.3523779,-1.4052101,-0.4453774,0.0448399,-0.0442926,0.0422319,3.0586523,-0.0421646,-0.3414230,-0.8550354,3.1098352,0.5011079,0.5011079,0.5011079,0.5011079,-0.3688473,-0.7044039,-0.6036798,0.2181827,1.7159199,1.9409221,2.7437632,-2.7424893,-0.7496057,-0.3220969,0.3199308,-0.5374653,0.0608279,3.9700607,-3.9687503,-0.9190489,1.7159199,1.9409221,1.7159199,1.9409221,0
-0.0557682,0.1950007,0.2903013,-1.2245395,1.2240760,0.0411732,1.8533697,-0.7518373,0.1323278,-0.1972174,-0.0423065,-0.0479478,-0.0479478,-0.0479478,-0.0479478,1.4773417,0.8581779,0.9244306,-0.8201826,-0.8303429,-0.4804820,-0.2220977,0.2245572,1.4225360,-1.2884601,1.1745052,-1.6484891,2.6756197,-0.6995142,0.7013925,-0.9117115,-0.8303429,-0.4804820,-0.8303429,-0.4804820,1
1.3465931,-2.1487446,0.1781097,-0.5135408,0.5136441,0.0431519,0.0621824,-0.0302397,-0.1863675,-0.3929780,1.5403660,0.0052839,0.0052839,0.0052839,0.0052839,1.5750011,-0.1882545,-0.0056386,0.5058431,-0.6851829,-0.4894201,-1.5310352,1.5340172,1.4241201,0.2841690,0.3093925,-0.0625039,-0.1007490,0.2533513,-0.2515820,-0.2657632,-0.6851829,-0.4894201,-0.6851829,-0.4894201,1
0.2235706,-1.0523950,-0.7590915,0.5351911,-0.5365170,0.1168991,-0.7188901,-0.1368745,-0.0634952,4.9031579,-0.7652067,0.2323857,0.2323857,0.2323857,0.2323857,0.1796843,0.4888706,-0.1575061,1.1903728,-1.3016997,-0.4639956,-0.1699746,0.1724127,-0.7400776,-1.6405424,0.9937169,-1.8254198,0.4904252,-0.3872290,0.3890688,6.3279796,-1.3016997,-0.4639956,-1.3016997,-0.4639956,1
-0.5347595,0.7865264,0.6731486,0.3368477,-0.3307842,-0.0691081,0.3566422,0.0855344,0.2487971,-0.2021101,-1.2683548,-0.2584619,-0.2584619,-0.2584619,-0.2584619,0.7946126,-0.0153008,-0.1672973,-0.4215616,-1.3537110,0.3227911,-0.0543700,0.0591679,-0.9571388,-0.4316456,0.5855687,-0.7963555,-0.9918105,-0.5422274,0.5448176,-0.6259379,-1.3537110,0.3227911,-1.3537110,0.3227911,1
1.1414276,-1.3917932,-0.3782277,-0.5937010,0.5907489,0.0819228,-0.9304026,-0.0669531,-0.7314085,0.8467829,-0.3376753,0.6133016,0.6133016,0.6133016,0.6133016,-0.4807410,-0.7705726,-0.9784454,1.3128303,0.8578498,1.6083062,3.9084060,-3.9107458,-0.8656865,0.2963262,0.4855150,0.2499389,-0.6852818,6.3282351,-6.3297453,0.4193292,0.8578498,1.6083062,0.8578498,1.6083062,0
1.4415489,-2.1741867,-1.6132206,1.0169113,-1.0178634,0.1122036,1.4264715,-0.1805647,-0.2633429,0.1302019,-1.9755164,0.2313302,0.2313302,0.2313302,0.2313302,-0.4250217,-0.3962929,-0.4606356,0.0707170,0.0671351,-0.3821045,-0.5047349,0.5073073,0.9864301,1.0357448,-0.8464746,0.5305773,-0.5955947,-0.1546583,0.1564866,-0.4922095,0.0671351,-0.3821045,0.0671351,-0.3821045,0
-0.0692251,-0.1720932,0.4993670,-0.8533824,0.8555020,-0.0288796,-0.9579186,0.0992086,0.2011905,0.0752541,2.8121639,-0.1256088,-0.1256088,-0.1256088,-0.1256088,0.7738644,3.2108377,3.2916478,-0.7431124,-0.6265839,0.2081894,0.0908249,-0.0860849,1.8421508,-0.8662769,0.4467948,-1.0713907,0.1175180,-0.5226816,0.5252694,-0.6288069,-0.6265839,0.2081894,-0.6265839,0.2081894,1
-0.1382268,0.5776517,-0.3769752,-2.1812329,2.1800078,0.0444786,0.7918271,-0.0428871,0.1051893,-2.1442950,0.1095398,0.0515789,0.0515789,0.0515789,0.0515789,1.3256138,2.2536556,1.3104994,-0.1203175,-1.6787044,-0.4855919,-0.1759715,0.1784123,1.8636392,-0.9339670,1.0287008,-1.2449207,2.6743325,-0.4212277,0.4230716,-0.8652583,-1.6787044,-0.4855919,-1.6787044,-0.4855919,1
0.2818610,-0.4646355,-0.2302054,-0.0876489,0.0903321,-0.0031505,-0.4158341,-0.0525419,0.9250060,2.2481478,-1.1426896,-0.1489825,-0.1489825,-0.1489825,-0.1489825,-0.3849166,-0.4907553,-0.6514287,-0.1901367,0.3646025,-0.3883005,-1.7272353,1.7302955,0.9833052,-0.2432235,0.7655925,-0.4439046,-0.8129818,-0.4471654,0.4490212,2.8045080,0.3646025,-0.3883005,0.3646025,-0.3883005,1
1.0442964,-0.8254729,-1.3070083,-0.7108926,0.7115839,0.0559866,-0.0441514,0.0239816,0.1233496,-0.0110992,1.8977749,0.0748018,0.0748018,0.0748018,0.0748018,1.2543756,-0.5779617,-0.6092504,0.4260673,1.1875837,-0.0135157,1.6389868,-1.6398272,0.2722499,0.9313792,0.0249528,0.9924125,0.4480801,0.0067750,-0.0066961,-0.3587292,1.1875837,-0.0135157,1.1875837,-0.0135157,0
0.3612806,0.0557037,0.5741678,0.6398443,-0.6335191,-0.0611854,-0.1371041,0.1368448,-0.0943699,3.8149035,-1.4360796,0.1321050,0.1321050,0.1321050,0.1321050,0.7863077,-0.6170277,-0.6106909,1.0318517,0.3898537,-0.5957870,-2.4514022,2.4571649,0.0316402,-0.1618635,0.7151422,-0.5290177,-0.9821441,0.0045039,-0.0019639,5.0787779,0.3898537,-0.5957870,0.3898537,-0.5957870,1
0.2308642,0.9746889,0.8943293,0.7144167,-0.7186247,0.1282860,0.3478923,-0.1556252,0.2133208,-0.2592897,-0.0188673,0.0134270,0.0134270,0.0134270,0.0134270,-0.7818727,-0.8471005,-0.5181942,-0.5743946,1.3368703,0.6817179,-1.0715533,1.0711662,0.1328077,1.4572701,-1.1682779,0.7479172,-0.6491587,-0.4329018,0.4322262,-0.3228280,1.3368703,0.6817179,1.3368703,0.6817179,0
-1.0529115,0.4675930,0.5046912,-0.0738868,0.0766510,-1.0467969,0.4542816,0.0222921,-0.5231597,-0.6035267,2.1976404,-0.3267734,-0.3267734,-0.3267734,-0.3267734,-0.1280928,0.0994285,-0.1600346,-0.0899874,-1.2891704,0.3267359,0.7130052,-0.7085153,0.2111174,-0.8439446,-1.2408616,-0.3940149,-0.9855585,-0.8681482,0.8707872,-0.6294825,-1.2891704,0.3267359,-1.2891704,0.3267359,0
-0.5604738,0.5788066,1.0834608,1.2360127,-1.2345177,0.0409933,0.0111475,-1.1025308,0.2505632,-1.0142669,-0.4092582,-0.2815340,-0.2815340,-0.2815340,-0.2815340,-0.3014765,-0.7237744,-0.3726411,0.0405317,0.1520688,-0.3922327,-0.5274055,0.5299865,-0.7508559,1.2831705,-1.3202472,1.4527424,0.4923250,1.3693792,-1.3677563,-0.4119824,0.1520688,-0.3922327,0.1520688,-0.3922327,0
1.6169001,-2.2516523,-0.4616237,1.9481569,-1.9460949,0.0426020,-0.3326968,-0.0346592,-0.1365797,1.1756996,-0.1131067,0.2613390,0.2613390,0.2613390,0.2613390,1.5139537,-0.4593249,-0.6079168,-0.2746070,1.4287262,-0.1768151,2.1777799,-2.1762786,0.2704087,0.1601729,0.4557291,0.5833349,-0.8241507,1.9531288,-1.9515866,0.7005433,1.4287262,-0.1768151,1.4287262,-0.1768151,0
-0.5878943,1.4429226,1.2405829,-1.9430985,1.9420635,5.1169164,0.3454817,-0.0433873,0.2152347,0.1698690,1.2883737,-0.0557893,-0.0557893,-0.0557893,-0.0557893,1.3256138,2.0259029,1.9789771,-0.6330831,-1.5109827,-0.4816471,-0.1052617,0.1076753,1.2187956,-2.0581571,1.1171106,-1.9446551,0.0525208,-0.1559402,0.1577599,-0.7222568,-1.5109827,-0.4816471,-1.5109827,-0.4816471,1
0.5149641,-1.7952246,0.5809723,-1.0926690,1.0975825,-0.0695888,0.1546995,-0.5597554,-0.0846952,-0.2021408,3.8521998,0.1652806,0.1652806,0.1652806,0.1652806,-0.4260665,-0.0673934,-0.7108022,0.9704292,0.7754635,1.5887530,0.7506996,-0.7462257,-0.9515071,-0.9888300,-3.3455779,-0.0103117,-0.9882861,-0.4046413,0.4072059,-0.6301141,0.7754635,1.5887530,0.7754635,1.5887530,0
-0.0552243,0.9322472,-0.3369142,-0.3144503,0.3117259,0.0869872,-0.6137562,-0.0665645,0.0860651,0.2583663,-0.5332463,0.0110142,0.0110142,0.0110142,0.0110142,-0.9388694,-0.1836759,0.1568558,-0.1605760,-1.1382695,-1.3005204,-0.8561136,0.8556411,0.1357728,-0.0413716,-1.1260949,1.9308014,-0.2597345,-0.6760627,0.6754257,-0.0251167,-1.1382695,-1.3005204,-1.1382695,-1.3005204,0
-2.8120637,4.2251301,1.3984450,0.0409876,-0.0374553,0.0342354,-2.6684668,-0.0015505,3.1556263,-0.4895741,-0.3281933,-0.5605104,-0.5605104,-0.5605104,-0.5605104,-0.0784358,0.9337924,0.4065011,0.2374275,-0.6122020,-0.4029768,0.0779423,-0.0756028,0.9903118,0.6116417,-0.7469944,1.6143384,-0.1176515,-0.1054325,0.1072375,-0.1082849,-0.6122020,-0.4029768,-0.6122020,-0.4029768,0
-0.4182000,-0.2433022,-0.2126237,0.6708425,-0.6637900,0.1333403,-0.1319647,-0.0140996,0.6412663,-4.6613355,-0.5636040,-1.1143916,-1.1143916,-1.1143916,-1.1143916,-1.1771807,-0.1866432,-0.3845412,0.7175931,-0.2863610,-1.2188665,-0.4772592,0.4766373,-0.2396160,-0.6129130,1.1878954,-0.7974649,0.5806518,-0.6536607,0.6530210,0.8263845,-0.2863610,-1.2188665,-0.2863610,-1.2188665,0
0.3991723,-0.9283125,-0.4404959,-2.0841166,2.0770328,-0.0810029,1.2888851,-0.0685803,-0.7890205,-1.9757202,1.8173758,0.1238112,0.1238112,0.1238112,0.1238112,0.6190139,-0.4385897,-0.9944354,1.4125437,-1.3427807,-0.0315084,-0.5645753,0.5552340,-0.5523330,-0.2326643,0.3861135,-0.4000835,1.5892315,0.1395349,-0.1447380,-0.3419303,-1.3427807,-0.0315084,-1.3427807,-0.0315084,1
0.0007948,0.6277072,-0.2507784,-0.0958235,0.0932646,0.0842405,-0.0394049,0.0194665,0.1594099,-0.1953373,0.6395199,0.0233797,0.0233797,0.0233797,0.0233797,1.3997108,0.2112539,0.3831722,-0.6210567,0.4782252,-0.3437597,0.3396206,-0.3405601,1.7349028,-0.7327755,0.8570379,-1.1193759,1.4959198,-0.5857753,0.5851186,-0.2951503,0.4782252,-0.3437597,0.4782252,-0.3437597,1
1.0328975,-1.9084394,-0.5688059,-1.3365111,1.3382001,-3.5135443,1.4669245,-0.0426619,0.0166254,0.2480818,-0.6481764,0.2369097,0.2369097,0.2369097,0.2369097,0.3275642,-0.5259989,-0.4642163,-1.3710006,1.7336824,-0.1389197,0.8391796,-0.8371448,0.2640055,-1.2073644,0.8716348,-1.3002921,-0.7688850,-0.6721742,0.6740491,0.1383006,1.7336824,-0.1389197,1.7336824,-0.1389197,1
-0.3017151,-0.1623170,-0.2505428,-0.9534445,0.9509556,0.0611014,-1.6398784,-0.0386942,0.3964647,-0.6800176,0.9216834,-0.1426490,-0.1426490,-0.1426490,-0.1426490,0.5684709,0.1072024,1.0791807,-1.1912090,-0.8171400,-0.0482653,-0.8556133,0.8557652,1.5603536,-0.1024054,0.7577300,-0.3969410,1.5187911,-0.8934235,0.8936049,-0.1667984,-0.8171400,-0.0482653,-0.8171400,-0.0482653,1
-0.0388030,0.0186231,-0.7488597,-1.5470885,1.5463688,0.0447181,0.4974271,-0.0312949,-0.8653627,0.5636046,-0.7290979,-0.0260821,-0.0260821,-0.0260821,-0.0260821,1.4041033,-0.2612215,-0.1458602,0.0104727,-0.3694613,-0.4181108,-1.1455850,1.1484132,0.2742905,0.2286421,0.3660675,0.0294198,1.9601798,-0.2677778,0.2695942,1.6940499,-0.3694613,-0.4181108,-0.3694613,-0.4181108,0
-0.6473576,0.8730020,0.1569903,0.8893347,-0.8610812,0.1725636,0.3942298,-0.0107222,1.4806012,1.9826514,-1.5105556,-0.2468504,-0.2468504,-0.2468504,-0.2468504,-0.6308814,-0.4462707,-0.7467802,0.6226394,-0.4228624,-0.3744938,-0.4112667,0.4138022,-0.7425992,0.6827034,-0.2637216,1.1026777,-0.2374598,-0.3997634,0.4016133,2.3244374,-0.4228624,-0.3744938,-0.4228624,-0.3744938,0
0.3501109,-1.3214470,-1.3014413,-0.4130109,0.4179682,0.0340313,0.4680791,0.2761743,0.0067888,0.0983213,0.2577073,0.1702569,0.1702569,0.1702569,0.1702569,-1.1790964,-1.0057714,-1.2170388,1.2074983,1.1006898,-0.0078815,0.4972826,-0.4926531,-0.5963398,1.8857325,-1.8862633,1.0489985,-0.9025358,-0.2130548,0.2248020,-0.1969806,1.1006898,-0.0078815,1.1006898,-0.0078815,0
0.1129931,0.0166625,0.7541588,-0.2361540,0.2311716,0.1509153,-0.8164590,0.3782392,0.0170264,0.0281149,0.1751079,0.0883736,0.0883736,0.0883736,0.0883736,-1.3561421,-0.7352566,-0.5477904,-0.1678256,1.1940187,0.4914501,0.1644142,-0.1652846,-0.8572068,0.9368655,-1.0150532,1.0481299,0.1082239,1.2911875,-1.2920759,-0.2948989,1.1940187,0.4914501,1.1940187,0.4914501,0
0.3841798,-0.0007746,-1.9270783,0.7820941,-0.7516104,0.0901101,0.0471316,0.1131844,0.2312630,-0.3799865,1.9206948,-0.1853248,-0.1853248,-0.1853248,-0.1853248,0.8349114,0.2648106,-0.5268217,1.2672443,-0.2715759,-0.6499940,-0.1072856,0.1121051,-0.9515071,1.6244922,-0.2688858,1.7766477,0.9310602,-0.6035489,0.6061466,-0.5497677,-0.2715759,-0.6499940,-0.2715759,-0.6499940,0
0.0681010,0.7506178,1.6259491,-2.9730557,2.9418545,0.0227376,0.0424278,1.5041954,0.0626136,0.2359215,0.9094606,0.1927259,0.1927259,0.1927259,0.1927259,-0.5990504,3.1529145,3.6448738,-0.1042127,-0.2734093,-0.3303775,-0.0693250,0.0427483,2.3490215,-2.2610654,0.9184836,-1.5159184,2.4778426,-0.2043917,0.1717672,-0.3462290,-0.2734093,-0.3303775,-0.2734093,-0.3303775,1
-0.7256629,1.0990234,1.1043289,-2.0029000,2.0288518,1.4416626,-0.3608982,0.0498787,0.0992860,-0.3097252,1.0806656,-0.0799170,-0.0799170,-0.0799170,-0.0799170,-0.4593539,2.7702432,1.6392066,0.0116907,-1.6419379,-0.5268620,0.3442846,-0.3420515,-0.7422651,-1.6902154,0.6630130,-1.6316837,4.4198469,-0.4859817,0.4878422,-0.9148507,-1.6419379,-0.5268620,-1.6419379,-0.5268620,1
0.7569709,-0.5484585,-0.1546893,-0.3291121,0.3053103,-0.1305466,-0.4701166,-0.0963508,-0.3212715,0.7115597,-0.0304194,0.2195679,0.2195679,0.2195679,0.2195679,-0.3769262,-0.5054259,-0.7717320,1.0522236,-0.3853796,-0.7177289,-0.7280038,0.7025039,0.0890302,0.6868688,-0.1233812,0.3560869,-0.4275465,0.0690686,-0.1017355,0.6762939,-0.3853796,-0.7177289,-0.3853796,-0.7177289,1
-1.1956279,1.7445636,1.2123793,0.4698590,-0.4672231,-0.0155528,-0.3190679,-0.0002132,0.1744883,-0.9134113,-0.9240076,0.0954611,0.0954611,0.0954611,0.0954611,-0.7312750,0.1543525,0.0216492,0.6033307,0.3870397,-0.1789706,0.1879423,-0.1832331,0.6833627,0.5472199,0.2425239,0.3488824,-0.3052547,-0.1258472,0.1376267,-0.2675040,0.3870397,-0.1789706,0.3870397,-0.1789706,0
0.4550209,-0.3217799,-0.5789910,2.0838540,-2.0763523,-1.0799695,-0.5579961,0.0504797,0.0178778,-0.0881531,0.2765824,-0.0052720,-0.0052720,-0.0052720,-0.0052720,0.7875052,-0.4470854,-0.6771700,0.5094246,-0.1260242,-0.6567517,-0.5072575,0.5122381,0.2012607,0.6321496,0.7785405,0.6571947,-0.9584471,-0.2882613,0.2908116,-0.2574611,-0.1260242,-0.6567517,-0.1260242,-0.6567517,1
0.2460433,-0.5937640,0.0942171,2.7476247,-2.7449057,1.2221830,-0.2495317,1.2282700,0.0993986,0.8023550,0.6280632,0.0116174,0.0116174,0.0116174,0.0116174,-1.3614856,0.3172665,1.0093677,-3.0456210,0.1790595,-1.1853611,-0.2471487,0.2464380,0.8409655,0.4350624,0.4473007,0.1129561,0.0424120,-0.5079707,0.5073044,0.8060976,0.1790595,-1.1853611,0.1790595,-1.1853611,1
-1.5021311,1.8657954,0.6029573,-2.5873240,2.5812234,0.1363523,1.5950115,-0.1189736,0.0101028,0.3604269,0.1662486,-0.8393359,-0.8393359,-0.8393359,-0.8393359,0.0163045,2.0858228,2.1200330,-0.7138768,-0.6224673,-0.5929324,-0.2813226,0.2812463,1.5607244,-1.4397616,0.6420751,-1.4171525,1.7887863,-0.5673049,0.5674460,-0.1583015,-0.6224673,-0.5929324,-0.6224673,-0.5929324,1
0.9057974,-1.0906843,-1.3671396,-0.3395606,0.3421238,-0.0264108,-1.5839966,-1.0150848,-0.7258288,0.6753758,0.4712478,0.4870836,0.4870836,0.4870836,0.4870836,-0.4886139,-0.5238327,-1.0091231,1.6452420,0.5750576,-0.5819637,0.2491422,-0.2444667,-0.9519268,-0.1592659,0.3560614,-0.2946560,-0.3686993,0.2858272,-0.2833306,-0.0183041,0.5750576,-0.5819637,0.5750576,-0.5819637,0
-1.0121034,2.1481308,0.5382442,-2.1431114,2.1396139,2.6868711,-0.1867320,1.0010734,0.1213795,-0.4904119,-0.0544378,-0.3012885,-0.3012885,-0.3012885,-0.3012885,-0.3596704,2.3052331,2.0784947,-1.4028951,-1.3895971,-0.5249520,0.1896900,-0.1873948,0.9912708,-1.7349945,0.8646193,-1.8127631,5.4681061,-0.5379432,0.5398101,-0.9058762,-1.3895971,-0.5249520,-1.3895971,-0.5249520,1
1.2655633,-0.2662276,0.5642127,0.7119954,-0.7056015,-0.1002275,-3.1340437,0.0199482,-1.2691953,-0.1539967,-0.5356150,1.0530287,1.0530287,1.0530287,1.0530287,-0.2093754,-0.8097311,-1.1850185,0.7730393,1.1732515,-0.4763583,0.4240657,-0.4194601,-0.9627993,0.1710325,-0.3439842,0.2927577,-0.8674337,0.6144750,-0.6120190,-0.5589433,1.1732515,-0.4763583,1.1732515,-0.4763583,0
