original_shape_Maximum2DDiameterSlice,original_shape_Maximum3DDiameter,original_shape_MinorAxisLength,original_shape_SurfaceVolumeRatio,wavelet-LLH_glrlm_LongRunLowGrayLevelEmphasis,wavelet-LLH_glrlm_RunVariance,wavelet-LLH_gldm_LargeDependenceLowGrayLevelEmphasis,wavelet-LHL_glrlm_RunVariance,wavelet-LHH_firstorder_Kurtosis,wavelet-HLL_glcm_Imc2,wavelet-HHL_glcm_Imc2,wavelet-HHH_firstorder_Skewness,wavelet-LLL_glrlm_RunEntropy,square_firstorder_Median,square_firstorder_Skewness,original_shape_Maximum2DDiameterRow,original_shape_Sphericity,original_glrlm_RunPercentage,original_glrlm_ShortRunLowGrayLevelEmphasis,wavelet-LHH_firstorder_Kurtosis,wavelet-HLL_gldm_LargeDependenceHighGrayLevelEmphasis,wavelet-HHH_glrlm_LongRunHighGrayLevelEmphasis,wavelet-HHH_glrlm_ShortRunLowGrayLevelEmphasis,squareroot_glrlm_RunPercentage,squareroot_glrlm_ShortRunLowGrayLevelEmphasis,logarithm_glrlm_RunPercentage,logarithm_glrlm_ShortRunLowGrayLevelEmphasis,exponential_firstorder_Skewness,y_train
0.6497948,-0.0328402,0.9238893,-0.4499487,-1.0238645,-0.8952840,-0.7207533,-0.0116050,-1.0971253,0.6819504,-0.1996606,-0.2003018,0.3904556,-1.9467311,1.1802363,3.5662533,-2.9176266,-0.6010439,-0.1450160,0.0709731,1.8341129,1.7385289,-1.1555327,-0.6010439,-0.1450160,-0.6010439,-0.1450160,-0.1621280,1
-1.7014300,-1.0357435,-2.2085429,0.7208477,-0.3230440,-0.4519927,-0.1752604,-0.9452124,0.2059551,0.0012515,0.4294535,-0.7376968,-0.7529192,0.2212358,0.0753034,1.3212150,-1.8552473,0.0350178,-0.3365091,0.0122535,0.5992895,0.4048769,-0.2355606,0.0350178,-0.3365091,0.0350178,-0.3365091,-0.7815770,1
0.3608187,0.3376688,0.3698423,-0.3523391,1.5369011,-0.5169856,1.3620711,0.8287996,0.2111028,-0.3324010,0.0155315,-0.6821563,-0.7955087,0.4749730,-0.7397355,-0.0227369,1.2586605,-0.8833784,-0.9589997,-0.2826502,-0.0496872,-0.0222956,-0.1807929,-0.8833784,-0.9589997,-0.8833784,-0.9589997,0.3665501,0
0.8105660,1.5070182,0.6811565,-0.1572053,-1.2618138,-0.7336375,-0.9280438,0.2199054,0.0887395,0.2576938,0.1877937,0.3791093,0.7098954,-0.9124446,2.3546049,2.1381920,-1.5032708,0.3050642,0.2824727,-0.2486165,0.5537736,0.4246603,-0.7841987,0.3050642,0.2824727,0.3050642,0.2824727,0.5474454,1
-0.9791967,-2.4710406,-0.2568666,0.9028659,-1.0481129,-1.4945913,-0.4497121,0.0529912,-0.4963187,-0.1863521,0.5913030,-0.6946141,-0.6929998,-0.4828725,0.7207609,0.4616198,-2.7490684,0.5318636,0.4679855,0.3908787,0.0275026,-0.0479011,0.1411879,0.5318636,0.4679855,0.5318636,0.4679855,-0.4754123,1
0.7321400,0.8797327,0.5528978,-0.9874115,-0.3146886,-0.5437650,0.2673689,-1.0424709,1.9411656,-0.0347284,3.0793372,1.1409227,-1.2679189,0.6116271,-0.5618551,-0.6795073,-0.2031666,2.1577082,1.2031210,1.3076556,-1.6017938,-1.8705150,3.9889723,2.1577082,1.2031210,2.1577082,1.2031210,0.1704425,0
-0.0350731,0.2319352,0.1363580,-0.1231911,0.6780764,0.5192803,0.5295771,0.9246992,0.0730112,0.2126774,0.1361769,-0.1636767,0.1907822,-0.8594971,0.1067135,1.1388731,1.1114586,-1.6580827,-1.1318856,1.4191255,1.2368108,1.6749184,-1.5158834,-1.6580827,-1.1318856,-1.6580827,-1.1318856,-2.0113668,0
-1.2884041,-1.2709938,-0.5236273,0.1063974,0.9113525,0.0316120,-1.2669127,0.1110687,-0.1258684,-0.5614646,-0.0102644,1.0312657,-1.8322913,0.3058165,-0.7571171,-0.7876454,1.5118933,-0.0630246,-0.0635914,0.0540233,-0.7523029,-0.8251569,0.7364691,-0.0630246,-0.0635914,-0.0630246,-0.0635914,-0.5084688,1
0.2858723,0.5590590,0.4461808,-0.2629245,0.2888761,0.3861649,-0.7602446,0.4675407,-0.2539129,2.1782015,-1.4694720,-1.2975746,0.1596366,0.4187790,0.0079905,-0.3283433,-0.0783825,1.1612551,0.3778791,-0.5009334,-0.2064232,-0.5763135,0.6139915,1.1612551,0.3778791,1.1612551,0.3778791,1.2623667,0
0.6852480,0.8258466,0.8624909,-3.3159658,0.7533860,0.4161367,0.8193792,0.4187088,0.5334573,0.2866800,-3.6573089,-1.2552068,2.5859593,-0.3271164,1.8062669,-0.9806911,0.7055923,1.2905210,-0.0351614,-0.2648158,0.0673645,-1.1476427,0.9865810,1.2905210,-0.0351614,1.2905210,-0.0351614,0.1669778,0
1.0279664,0.9264587,0.8760786,-2.5702757,0.6210869,1.6052571,0.6685671,2.0217331,0.9105434,3.5342102,-0.9053163,1.0896811,1.3009289,0.7993820,-0.6740117,-0.5764437,0.7124994,1.0588635,0.8665512,-0.3802806,0.1288997,0.2222816,0.2386106,1.0588635,0.8665512,1.0588635,0.8665512,1.3946158,0
0.8568612,0.8165686,0.9450342,-1.3986948,0.1665400,0.7268280,1.1538008,1.2292056,0.5028853,2.8775990,-0.8602555,0.2609177,2.1061296,-1.9014244,1.4851927,-0.4760787,0.7686868,1.3362885,1.5974668,-0.6762440,0.4118787,-0.9641071,0.3711074,1.3362885,1.5974668,1.3362885,1.5974668,0.9624343,0
-0.0188887,0.1990538,-0.3181381,0.5993144,0.2439056,0.3584836,0.1455344,-0.1914424,0.1031991,1.0579455,0.6271903,-0.6991211,0.0716056,3.2811859,-1.2283049,-0.8359737,-0.6287715,0.5657915,1.2171490,-0.6588537,-0.8968333,-1.5409090,2.0306619,0.5657915,1.2171490,0.5657915,1.2171490,0.2831150,0
0.7103056,0.4610061,0.8104798,-0.2439449,0.6966124,1.0749191,0.5361097,0.5410226,0.8520775,0.0117614,-0.2928529,0.0100617,-0.0550390,0.1497934,-0.1054926,2.1049049,-0.0660226,-1.1390041,0.3494087,1.4383451,1.2106608,1.5344019,-1.2573078,-1.1390041,0.3494087,-1.1390041,0.3494087,-1.3926156,0
0.5498471,0.3064783,0.3064917,-0.1453163,0.5305044,0.4583628,0.6817822,0.1641052,0.5652152,0.1756160,0.7958473,0.1291780,0.1890865,0.1895847,-0.0408116,-0.6362957,0.5981576,1.3963728,1.3683911,-0.1841000,0.2627313,-0.9260725,0.4545677,1.3963728,1.3683911,1.3963728,1.3683911,1.0259797,0
0.3041780,0.0302714,0.1400581,-0.0547476,0.2736427,0.5352882,0.3521588,-0.3569031,-0.5701201,-0.0686610,0.4352984,0.0716612,0.1450289,-0.0150805,-0.0626704,1.9866790,0.3828590,-1.8128686,-0.9824559,0.0466061,1.4920811,1.9499626,-1.3496971,-1.8128686,-0.9824559,-1.8128686,-0.9824559,-2.2120173,0
-3.9612899,-3.0627227,-3.2862469,2.4852479,-1.2462224,-2.0504294,-1.1178542,-1.5492250,-0.6117812,-0.1472696,2.8367323,-0.2604486,-2.8210222,-0.8264780,0.6645723,-0.6712349,0.7614432,0.7204749,-1.2085253,0.5294684,-1.0821929,-1.2223903,0.1910175,0.7204749,-1.2085253,0.7204749,-1.2085253,-0.1888395,1
0.5673443,0.5502153,0.8660816,-1.2643408,0.8462848,0.7000024,0.7803457,0.6694285,1.2083666,0.0724677,0.4522017,0.8231300,0.0567681,1.4189655,-1.1648941,-0.4321249,-0.0506921,0.7286731,1.0098588,0.9164787,-0.3850305,-0.6493390,0.7786197,0.7286731,1.0098588,0.7286731,1.0098588,2.4428058,0
0.2873133,0.3465938,0.2751153,-0.1962031,-0.0124161,-0.0168411,-0.0341777,0.6501392,0.0680052,-0.3903818,-0.2459508,0.0948363,0.7199875,-1.3348919,0.4003384,-0.1254935,0.8543710,0.2633873,-0.2609920,0.1350349,-0.2143603,0.2695783,-0.4179402,0.2633873,-0.2609920,0.2633873,-0.2609920,-0.9801417,0
0.1794354,0.2321602,0.0572235,0.3167684,-0.0595192,0.1884830,0.1479899,0.0333110,1.1322277,1.6572409,-0.0216036,0.1383564,-0.2608412,-0.8164510,1.5908905,-0.9207867,1.2696688,0.7671218,1.0728290,-0.5333854,-1.3670083,-1.2538426,0.6464368,0.7671218,1.0728290,0.7671218,1.0728290,1.0378388,0
-0.2153504,-0.1084576,-0.0009837,1.2294060,-0.6302799,-0.7401418,-0.4143128,-0.6535953,-0.1336616,-1.1100440,1.6064918,1.3142920,-1.3177868,2.2920309,-1.1112443,-0.5105134,0.2865917,0.1743606,0.4173799,-0.2399094,-1.0857303,-0.9395853,0.6601974,0.1743606,0.4173799,0.1743606,0.4173799,2.0760661,0
-2.8230716,-3.0145067,-2.5360221,1.3602500,-0.2626792,-0.7323918,-0.6034212,-1.0136014,0.5807443,0.0427069,1.7278536,-0.4488420,-2.4592661,0.6312768,-0.0843919,-0.0282359,0.0562835,-0.0848048,-0.7162546,0.3359615,-0.2156708,-0.1816676,0.1420651,-0.0848048,-0.7162546,-0.0848048,-0.7162546,-0.3218536,1
1.0380828,1.1334157,0.3443290,-0.2915709,0.2779160,0.3166048,0.6826568,0.0342438,0.1846251,-0.7335397,-0.6342217,0.7307484,0.3312209,-0.4944165,0.4854150,1.1489290,-1.0389362,-0.5851638,-0.0683168,-0.7428185,-0.2042212,-0.5616848,0.2006835,-0.5851638,-0.0683168,-0.5851638,-0.0683168,-0.1357680,0
0.5862422,0.7280675,0.5017713,-0.2970413,-0.3051939,0.1444222,-0.8271777,-0.1748933,0.8338291,-0.8891550,0.9439947,1.7526160,0.2920536,0.0300896,0.8268672,0.4662431,-0.8848117,0.6747854,0.9251149,-0.0396760,-0.1861293,-0.7418730,0.3672959,0.6747854,0.9251149,0.6747854,0.9251149,0.3690972,0
0.5390116,0.3001722,0.3726393,0.1256942,-0.9652931,-0.0326621,1.0342322,1.3414485,0.5316448,-0.0621155,-0.8070892,0.0732610,1.9533998,-0.1431432,0.1876536,0.0841379,0.3292254,-1.1094552,-0.7987100,0.8747131,0.2516257,0.4468635,-0.8436663,-1.1094552,-0.7987100,-1.1094552,-0.7987100,0.8920812,0
0.5236260,0.6567389,0.6042209,-0.9393463,0.0885084,0.6804869,0.5794611,0.6796132,0.4973065,-1.6839735,0.0239418,0.0127593,1.3622699,-0.8336145,0.7276053,-0.5750670,1.2892990,-0.1842979,-0.4016151,-0.6523587,0.2066816,-0.3510944,0.1825678,-0.1842979,-0.4016151,-0.1842979,-0.4016151,-0.8862083,0
0.0328906,0.5180083,-0.1977090,0.0588072,-0.3788172,0.0925501,0.0268011,-0.4127038,1.2606922,1.3470035,0.3651179,-0.5013188,-0.5434726,-0.5921781,0.6829538,-0.2038409,-0.9882536,-0.0520480,0.3096169,0.9241401,-0.6341931,-0.8338481,0.8482297,-0.0520480,0.3096169,-0.0520480,0.3096169,-0.9304504,1
0.3586589,0.6646606,0.4599730,-1.0256522,-1.2215822,-0.4092937,0.1138585,0.0694269,0.0365349,0.8464559,-0.9244289,-0.2926420,-0.6395249,-0.9434431,-0.2550633,-0.9811246,0.5351757,0.6283150,0.9741695,-2.0066307,-0.4522487,-1.4623568,1.5539011,0.6283150,0.9741695,0.6283150,0.9741695,0.5158040,0
0.8530592,0.4600769,0.9126498,-0.8012641,1.0310927,0.7209428,1.5473439,0.3419366,0.4568874,-0.8311423,-0.9113366,1.4817497,1.8159403,-0.6974709,0.0258513,-0.4758199,0.1941314,0.3025192,-0.3634961,-0.6502374,0.5276685,-0.8934363,0.9161414,0.3025192,-0.3634961,0.3025192,-0.3634961,-0.2909844,0
1.0597624,1.4932863,0.3700830,0.6531116,-1.4317331,-1.4321091,-0.8538994,-1.1789844,-0.0971545,0.2957212,0.5516907,-0.2334165,-0.2328523,-1.8626057,1.2633340,1.7982351,-3.9348027,-0.1923834,0.0806992,0.2309286,1.0325966,0.8265605,-0.5909256,-0.1923834,0.0806992,-0.1923834,0.0806992,0.0236199,1
-0.7483812,-0.8401882,-0.5661045,1.2593159,-0.9221834,-0.9416902,-1.3722112,-0.6665771,0.0247055,1.5162444,0.4557491,0.4671018,-0.9072853,0.0631383,0.7224776,-0.2535648,-0.3543007,0.8281370,1.5290768,-0.6090101,-1.2650677,-1.5386175,1.7277468,0.8281370,1.5290768,0.8281370,1.5290768,0.3440042,1
0.6913854,0.8740819,0.5615229,-1.0456726,-0.0536088,0.4365795,0.3459958,0.3928737,0.8302486,-0.1276510,-1.1690384,-0.3805158,0.5651446,0.2446459,0.3337799,-0.5774682,0.0709805,1.7617280,1.7186715,-0.4933669,-0.3001504,-0.6063390,0.1616943,1.7617280,1.7186715,1.7617280,1.7186715,2.4283721,0
-3.3036625,-2.1864355,-2.5539877,1.4685389,-0.7263040,-0.9201611,-0.1611343,-2.3032408,-1.4966120,-1.7369207,-0.2843011,-0.0410788,-1.7240614,-2.1555168,1.5167992,2.2572707,-2.3571768,0.1126778,0.1964195,-0.2745630,1.3164275,0.9369974,-0.7719796,0.1126778,0.1964195,0.1126778,0.1964195,1.1675596,1
0.5180862,0.4256685,0.3175429,-0.3559892,-0.2412614,0.3924280,-0.2525976,0.1587263,-1.1153691,-1.1575337,-0.1500364,-0.1899051,0.0520543,-0.4840928,0.2210787,-0.4405670,0.8371849,0.4333951,0.4059439,0.1206271,-0.8440273,-0.7934525,1.2156765,0.4333951,0.4059439,0.4333951,0.4059439,-0.4561884,0
0.5128829,0.3371409,0.5613063,-0.4706482,0.6372290,0.7210047,0.8591164,0.1996735,0.5024472,0.2141011,-0.4730233,0.6722906,-0.0995769,0.5637279,-6.1088966,0.3348858,-1.1736768,0.1345088,0.3308683,0.8805042,0.4248748,-0.0230395,-0.1912997,0.1345088,0.3308683,0.1345088,0.3308683,3.0334539,0
1.0431553,1.0144779,1.1117259,-1.6395591,0.1643010,0.7381534,1.2711259,0.1109412,3.0327118,0.1109190,-0.8289337,-2.4907553,2.5616932,-1.0615140,1.7647993,-0.3040843,-0.1945418,0.7720395,0.8026568,2.0763178,0.0144735,-0.2523781,0.3229145,0.7720395,0.8026568,0.7720395,0.8026568,0.5967671,0
0.0912742,0.4459264,0.4924068,-0.9656299,-0.2312342,-2.0959864,0.7364223,-3.3385716,1.9162400,-1.1055835,-2.5939941,1.3256515,-1.6500270,-1.1223430,1.4942909,-0.0557062,0.1956237,0.0314612,0.3551620,1.1760443,-0.8209965,-0.9415359,1.2624822,0.0314612,0.3551620,0.0314612,0.3551620,-1.3001711,0
-0.3358965,-0.1447305,-0.2825858,0.1396281,0.3636973,0.2159559,0.8705862,0.0653551,-1.1355681,0.1034450,-0.2058562,0.0315247,-0.1347445,0.3145555,-0.5710840,0.3565099,-0.9716320,-0.1299610,0.0044055,0.4125330,1.1300947,0.7157870,-0.5705145,-0.1299610,0.0044055,-0.1299610,0.0044055,1.6781376,0
-0.0853315,-0.4692470,-0.0880543,0.4521175,-0.0460154,-1.1424594,-3.5202465,-0.4006627,-0.1899238,0.9251095,0.0133897,-0.0411060,-1.3144615,-1.8157227,0.9125346,-0.6747234,1.3484768,-0.0986324,-0.0805074,0.0853261,-0.5051898,-0.3824281,-0.1442111,-0.0986324,-0.0805074,-0.0986324,-0.0805074,-0.5789546,1
-1.0837494,-0.7080533,-0.4494718,0.5574627,-0.8123776,-1.3088289,-0.1015012,-0.3569074,0.3211564,0.1209741,0.2171457,-0.2227727,-0.3148524,0.8812101,-0.9730968,1.2824616,-1.6530829,-1.1225663,-1.9308193,0.2966122,0.4211706,0.5237246,-0.4922249,-1.1225663,-1.9308193,-1.1225663,-1.9308193,-0.8646376,0
0.5919202,1.1108882,0.7704023,-1.0188291,-0.1466363,-0.0005913,1.1278456,0.7597045,-0.0180576,-1.0105244,-2.8425866,-0.9411067,1.4010716,-0.4279934,-0.0835314,0.0812766,-0.0601109,0.0495009,0.5753208,-1.1663097,0.3792444,-0.4720013,0.1439429,0.0495009,0.5753208,0.0495009,0.5753208,0.9841652,0
0.4762903,0.7701592,0.9820954,-1.2150763,0.0191826,0.4142076,-0.1908400,0.4062960,0.5656942,0.1897733,0.3936696,2.6642456,1.1874399,3.7642450,-1.6671460,-0.3022280,0.1985578,-0.4883284,-0.2450230,-0.4231169,-0.0302551,-0.6548490,0.6739131,-0.4883284,-0.2450230,-0.4883284,-0.2450230,3.6060037,0
0.4970178,0.9202061,0.4751852,-0.7140653,0.4237424,0.3705518,2.1015307,0.3681354,0.0934275,-1.6980548,0.4362718,-0.3571855,1.3431432,-0.0901992,-0.1076469,-0.4115182,-0.5636060,-0.0961498,-0.0031249,-0.5619677,-0.6579592,-0.3847784,0.2209741,-0.0961498,-0.0031249,-0.0961498,-0.0031249,-0.1451476,0
-0.2371014,-0.5617592,-0.7317056,1.4267997,-1.2041014,-1.2167852,-1.2371540,-1.1050363,-0.1695318,0.1108459,-0.4997099,0.0781606,-1.1710409,-0.5819517,0.4210222,1.7235492,-3.0102488,-0.4249446,0.1537816,0.6814540,-0.4806866,-0.3855795,0.3403969,-0.4249446,0.1537816,-0.4249446,0.1537816,-1.7470466,1
0.2197022,0.2796739,0.4203744,0.5220107,1.9626262,0.5924878,2.7289293,-0.2643364,-1.2389904,0.0153826,1.6106381,-0.2850570,-0.2566425,-0.1929802,-0.7109715,-0.6805649,-0.1881852,1.7233513,1.5226043,-0.9796347,-1.2308440,-1.5267967,2.0804830,1.7233513,1.5226043,1.7233513,1.5226043,1.2543931,0
0.7235644,1.2592383,0.1847141,-0.5636514,0.5088073,0.4579226,1.3232806,0.3641308,-0.9575597,0.3844748,0.5016767,-0.7326743,0.3850031,-1.6477624,0.3384525,0.6569491,-0.7988220,-0.0427866,0.2253630,0.2502889,-0.6036451,-0.2440180,0.2762350,-0.0427866,0.2253630,-0.0427866,0.2253630,-0.1981990,0
-0.8272753,-0.5050086,-0.9243869,0.8677615,-3.1544390,-3.4261072,-1.9377729,-0.6105684,-1.0587427,1.2416550,0.2131986,0.6247657,-0.3786190,-0.5353536,0.7464391,0.1874538,-0.1022124,-0.2735464,-0.1064894,-1.3923254,0.0426925,-0.3267092,0.2240485,-0.2735464,-0.1064894,-0.2735464,-0.1064894,-0.2068667,1
0.5915524,0.8109620,1.1766176,-2.5982907,0.3566533,0.6615588,0.0911284,0.8593702,1.4977381,-0.8061140,-2.8868036,-1.0641856,1.7823456,-1.3958699,-1.6686756,-0.1846773,0.6726702,-0.9884262,-0.8194787,1.8938080,1.1096889,0.2893210,-0.2081712,-0.9884262,-0.8194787,-0.9884262,-0.8194787,2.7132634,0
0.1364005,0.6251692,-0.0095444,0.4253837,0.2842277,0.0861678,0.3528759,-0.2493875,0.2305567,-0.1464808,0.8214341,1.6091245,0.1455543,0.3611978,-0.7401157,0.0028718,-0.3283040,0.3553918,0.0581408,-0.4127005,-0.0799786,-0.5525568,-0.6020097,0.3553918,0.0581408,0.3553918,0.0581408,-0.4289103,0
0.6724315,0.7448706,0.7867379,-0.6739037,0.5483849,0.1237043,0.2539372,0.1259159,0.4380001,-0.9663886,-0.0962169,-0.4386061,0.9916253,0.0951619,1.3820132,-0.0754227,-1.1778399,0.2158957,-1.3907445,-0.4726424,-0.8218145,-0.6799236,0.4076472,0.2158957,-1.3907445,0.2158957,-1.3907445,1.2002116,1
-1.1368634,-0.9846669,-0.9642366,0.2093479,-0.2658281,-0.0509018,0.2957603,-1.9566287,-0.5027261,-0.7286486,-0.1043811,-0.1124370,-0.9363711,-0.1003117,0.7527134,1.2088255,-0.6218137,-1.6771184,-2.0746639,0.5148401,0.5686370,1.1242705,-0.9178081,-1.6771184,-2.0746639,-1.6771184,-2.0746639,-1.7444744,1
0.5834751,0.3835642,0.6107393,-0.7158156,0.5871795,0.4335921,-0.0810684,0.5951044,1.5108041,1.1408224,-0.7330498,1.1550112,0.0862848,-0.1760602,-0.3253723,-0.7187538,0.7613404,0.5017020,0.4895909,0.2754194,-0.5657610,-0.8597528,0.6670468,0.5017020,0.4895909,0.5017020,0.4895909,-0.0673309,0
-0.9695034,-0.7746440,-1.2739350,1.1608845,-0.2032648,-0.3316320,-1.3218965,-0.1694344,-0.6300881,0.8545404,0.7751222,-0.9706450,-1.9944409,0.6368156,-1.2077848,0.0106648,-0.9523566,0.1841926,0.3583836,0.5349700,-0.2349064,-0.0211558,0.1236971,0.1841926,0.3583836,0.1841926,0.3583836,-0.9614897,1
0.6131815,0.7246025,0.6963924,-0.3586378,0.2124022,0.5927578,0.4533623,0.0377753,0.6625515,0.6867233,-0.7832380,-0.4456481,1.0879203,0.9114767,-1.0297360,0.0763302,-0.2766204,-0.5548509,-0.4927111,0.4791689,1.0908144,0.1091669,-0.0839700,-0.5548509,-0.4927111,-0.5548509,-0.4927111,-1.1792216,0
0.5999681,0.7059042,0.7581855,-1.3389332,0.6873116,0.5601092,1.7034240,1.1004195,0.4251789,-0.3422684,-0.1556766,0.8656843,1.5192756,-1.4166462,1.1740478,-0.3577832,0.2284402,0.3493472,0.1412274,-0.0229468,-0.0860671,0.1012001,0.0643725,0.3493472,0.1412274,0.3493472,0.1412274,0.4167011,0
0.3896147,0.3387930,0.4235450,-0.2393050,0.0397182,0.2570205,-0.1308801,0.6417411,0.5144241,-0.1564271,0.8800162,-0.6453084,0.2948200,-0.0400987,-0.1692625,-0.0924902,0.9782863,-0.5131795,-0.5974325,1.6707381,-0.4764789,-0.1732905,0.4328310,-0.5131795,-0.5974325,-0.5131795,-0.5974325,-0.9733495,0
0.3211023,0.4905481,0.5043396,-1.4065391,-1.6717159,-2.8991161,0.6593825,-2.2781755,0.5762357,-3.0511908,-1.2281508,3.6559397,-1.0006632,0.7959265,-0.4877152,-0.7714047,0.5186879,1.6677612,0.9590167,0.2631097,-1.0255266,-1.2605754,1.3274568,1.6677612,0.9590167,1.6677612,0.9590167,-0.0004225,0
0.0463566,0.0863593,0.7436789,-0.2930472,-0.0201616,0.2169817,-0.0510802,0.3324711,2.8426535,-0.0194485,-0.3754833,-0.1262684,0.0857915,0.3982200,-0.1100457,2.3404688,0.2595419,-1.7045219,-0.6474451,4.7318266,1.5937364,1.7958333,-1.4411587,-1.7045219,-0.6474451,-1.7045219,-0.6474451,-1.9774380,0
0.4020273,0.8180972,0.7706600,-1.5744973,0.4587170,0.3692443,0.9407410,0.6686431,-0.8437430,-0.6008144,-0.1366915,-0.0881085,1.1096327,0.5830162,-0.2242854,-0.3842962,0.1519876,-0.3640732,-0.0897012,-0.3006727,-0.2173625,-0.4470676,0.2326356,-0.3640732,-0.0897012,-0.3640732,-0.0897012,-1.2238267,0
-0.2302514,-0.1829493,-0.5231206,0.9094656,0.9171352,1.3825633,-0.0877092,1.4526513,-2.4595903,-0.3503886,-0.7070525,-0.3210265,1.6101038,-0.9256987,0.3417186,-1.1227511,0.4792614,-0.7407992,-0.6057491,-1.0707333,-1.8073052,1.3776795,-2.7267448,-0.7407992,-0.6057491,-0.7407992,-0.6057491,-0.0443103,0
0.3760988,0.3453430,0.1478540,-0.1478806,1.5091602,3.7663630,0.0726878,0.2066018,1.1652277,1.5301466,0.4175927,-0.5616921,-0.2998260,0.6537080,-0.5729091,-0.0521804,-1.0633546,-2.2996856,-2.0355547,0.2195099,-1.5757478,1.7638090,-2.0311795,-2.2996856,-2.0355547,-2.2996856,-2.0355547,-1.1165732,0
0.1095777,-0.0849143,0.2602677,-0.5245759,0.6582493,0.5247454,0.4494546,0.3048184,0.3728258,0.1988173,0.0388895,-1.1290493,-0.0665037,-0.2578318,-0.2457235,-0.7965385,0.9972943,0.3949892,-1.4780488,-0.7007036,-0.6914677,-1.1026544,0.8555248,0.3949892,-1.4780488,0.3949892,-1.4780488,0.4500253,0
-0.1643970,-0.6638951,-0.4557999,-0.0407494,-0.2926507,-0.2819040,-0.6650873,-0.1056063,-0.5130068,0.0027446,0.1652219,0.1164560,-0.6041956,0.6714690,-0.2555489,0.0488622,-0.2035467,-0.9482087,-0.5149293,-0.3546950,0.2174125,0.0389099,-0.1904365,-0.9482087,-0.5149293,-0.9482087,-0.5149293,-0.5120354,1
0.1811255,0.1963169,0.1581344,0.5333109,-0.2882123,-0.0495769,0.0311722,0.1256713,4.3652572,-0.2459329,-1.7797586,1.3845632,-0.1863541,-0.1169923,-0.2235252,-1.1004334,0.0513278,1.5489421,0.2335253,4.3482098,-1.1779496,-1.5265246,1.4746025,1.5489421,0.2335253,1.5489421,0.2335253,-0.3725849,0
0.0888527,-0.1188133,0.2663940,-0.2370330,0.2866861,-0.4659559,0.5281536,-0.6242152,-0.8127823,0.2637835,-0.4023038,-0.3214683,-0.8614718,-0.0761455,0.2341859,0.8269040,0.2189891,-1.0701381,-2.0443569,-0.3013039,0.6608801,0.4683365,-0.6736096,-1.0701381,-2.0443569,-1.0701381,-2.0443569,-0.6812734,1
0.1782901,0.0600653,0.1412486,0.1123767,0.4372241,0.0154028,0.4118912,-0.4198760,-0.6897961,0.5298963,-0.1543461,-0.9352924,-0.3509724,-0.0039153,-0.2551352,-0.6348047,0.7688741,0.2054042,0.5238682,-0.7200543,-0.8725055,-0.9788011,1.6654991,0.2054042,0.5238682,0.2054042,0.5238682,-0.0587796,1
0.3525989,0.3370872,0.0753418,-0.1361827,0.3123612,-0.3321290,-0.1465043,-0.0539307,-1.4447488,0.0143162,-0.2454673,0.3473067,0.0647975,0.2412567,-0.6375985,-0.1378356,0.1647530,0.8547928,0.8953544,-0.3303106,0.2537648,0.1586806,0.0054626,0.8547928,0.8953544,0.8547928,0.8953544,-0.1717699,0
0.3016757,0.1986394,0.3000990,0.2263249,0.0090377,-0.0155721,-0.0733369,0.2730625,-2.9224345,-0.2306136,0.1710918,-1.5094706,0.0762838,-0.0359782,-0.1613493,0.1422671,0.0344598,-0.3309799,-0.2506066,-0.6940569,-0.2379358,-0.2103995,0.0571251,-0.3309799,-0.2506066,-0.3309799,-0.2506066,-1.0637173,0
0.1131920,0.1922424,0.1062217,0.0268773,-0.3294933,-0.1284410,-0.2394303,-0.1426516,-0.0875829,0.0706454,1.5355251,0.9448544,-0.5866680,1.6457791,-0.3992143,-0.1892447,1.0656895,-0.6672136,-0.5839070,0.3555601,-0.3832487,-0.1797945,-0.1514333,-0.6672136,-0.5839070,-0.6672136,-0.5839070,-0.3257238,0
-0.2332404,-0.0554308,-0.1006221,0.5413395,-1.2607040,-0.3543428,-1.5867789,-0.4279735,-0.5014972,0.4978986,0.8046452,-0.4008003,0.1216931,-1.8442522,0.6567470,0.1825101,0.2120242,-0.1747624,-0.3462003,-0.1867000,-0.0581836,-0.0196248,-0.2443859,-0.1747624,-0.3462003,-0.1747624,-0.3462003,-0.3046694,1
0.3840052,0.0350191,-0.0821686,1.1059816,5.1979059,0.7548864,0.6566020,1.3441360,0.3726317,-0.0375308,-0.8675638,-1.4914994,0.4477711,0.5344444,-2.1995322,-1.1134218,1.2699067,-0.0983156,0.7144091,-0.6854971,-1.7297690,2.1390814,-0.4982532,-0.0983156,0.7144091,-0.0983156,0.7144091,-0.1081901,0
0.0924050,0.9242115,0.2307427,2.0486462,-1.2480132,-0.4469757,-0.1919386,-0.5626725,0.0525128,1.2643377,2.2571270,-3.8014653,-0.6306219,0.6942382,-0.2120572,-0.5891537,-0.6867428,1.8154657,2.5153939,-1.4868069,-1.7997961,-1.3207663,-0.3482937,1.8154657,2.5153939,1.8154657,2.5153939,-0.5620746,1
0.3744575,0.2996550,0.2383017,-0.3313674,-0.0379241,0.1745211,0.4394487,0.4206867,0.0588433,0.4758827,-1.0957176,0.9940802,-0.2434637,0.3579520,-2.0327579,-0.9468043,0.1374835,2.3906242,1.4268225,-0.6012461,-0.9502386,-1.5304533,2.1247551,2.3906242,1.4268225,2.3906242,1.4268225,0.9717609,0
-0.2818559,0.6193283,0.3178985,2.4626244,-1.6404397,-0.8950774,-2.3096940,-0.3608773,-1.5140529,-0.0716641,-1.2046262,1.9497623,-0.2627795,-3.7725142,2.4602557,0.0483425,-2.5080110,0.6976879,1.7650534,-0.9736823,-1.2946900,-1.1847566,1.1967929,0.6976879,1.7650534,0.6976879,1.7650534,1.2073676,1
-0.2793806,-0.1941575,0.3610298,-1.2846814,-0.3909405,-0.4478611,1.3535278,-0.8619689,-0.9055722,0.9416256,-0.4801422,-1.5464204,-1.0022622,-0.6895576,-0.4919246,-0.7789323,0.1885590,1.3621925,-0.0408155,-1.0573912,0.2918390,-1.2720112,1.7629638,1.3621925,-0.0408155,1.3621925,-0.0408155,-0.3290543,0
0.3179653,0.1761669,0.7351598,0.2286385,0.3733438,0.3909007,-0.2487714,0.1989462,0.4594429,0.0586218,0.5664609,1.1016489,-0.6993220,-0.1684125,-0.0223752,-0.5546893,-0.1429708,1.0362603,1.4920651,-0.2909232,-1.1600382,-1.5022600,1.6855514,1.0362603,1.4920651,1.0362603,1.4920651,0.0196610,0
0.3088968,0.7586646,0.2259205,-0.0328924,0.0101306,0.1339405,0.2539890,0.0896904,0.1557516,1.0603305,0.2214924,-0.3541781,0.1087871,0.1760871,-0.3683878,0.3111567,0.0072735,1.6897504,1.8123528,0.6484600,0.1549690,-0.1328752,0.9333968,1.6897504,1.8123528,1.6897504,1.8123528,0.9687919,0
0.1646334,0.1216514,0.5441537,0.8643559,1.5426203,4.6888747,-0.0749406,4.5190889,1.2124129,2.4277720,0.9400553,-1.5297197,2.2847349,0.5162778,-1.6898144,-0.3876789,-0.4905576,-0.6449089,0.0110801,0.9995002,-1.5187073,2.4838801,-2.0417676,-0.6449089,0.0110801,-0.6449089,0.0110801,-0.0034343,0
0.4589347,0.5590975,1.0802543,-0.3761258,-0.3131683,-0.4588564,0.2789021,0.1887445,-0.3422479,-0.2425622,0.4909418,-0.3520582,0.3657598,-0.9600892,0.7313337,1.6989410,-2.3816346,-0.7946414,-0.1285731,-0.3053058,0.1957114,0.2186508,0.0574446,-0.7946414,-0.1285731,-0.7946414,-0.1285731,-0.4373309,1
0.2384621,0.1074734,0.1554435,0.1835325,0.6966739,0.4786790,0.5216499,-0.0969765,0.3231100,-1.0502456,-0.7582926,0.1330451,-0.0162662,0.3505713,-0.2768623,-0.1609965,0.9853286,-1.2784853,-1.2804248,0.9795201,1.0724826,2.2383125,-1.5452123,-1.2784853,-1.2804248,-1.2784853,-1.2804248,-0.3792493,0
-1.7272480,-1.1208800,-1.2327567,0.5345561,-0.5767841,-0.6314888,-0.5669621,-2.6613747,0.1520942,-1.0260360,-0.4816350,-0.1793956,-0.9847530,0.5544487,0.2938288,1.0895390,-1.6385098,-1.1213430,-1.9047977,-0.1144787,0.2665227,0.1332582,-0.2832967,-1.1213430,-1.9047977,-1.1213430,-1.9047977,-0.4441275,1
-2.4170574,-3.2871746,-3.2145511,1.0463439,-0.7623775,-1.9148218,0.2065700,-3.0898323,-0.7389919,-0.6568660,0.0810518,0.0535597,-2.2427805,-0.2156811,1.5770351,0.6036299,-0.8210780,-1.1439510,-0.6020103,0.8992969,0.0388909,0.2941059,-0.4122594,-1.1439510,-0.6020103,-1.1439510,-0.6020103,-0.6916418,1
0.3327316,0.1941733,0.2028928,0.7748264,0.3547035,0.5147545,-0.0756434,0.0588473,0.3638367,-0.7019837,1.5565475,-0.9377579,-0.7196347,0.1921517,0.5011245,-1.1710288,0.6529808,2.2214699,1.8727965,0.6237428,-1.0370298,-0.8805131,2.3713330,2.2214699,1.8727965,2.2214699,1.8727965,1.0863554,0
0.4481426,0.3798016,0.1136628,-0.0466448,-0.0687255,0.0177508,0.3242982,0.5069153,-1.2606444,0.8503922,-0.6453965,-0.8740317,0.0463453,0.1825875,-0.4627995,-0.7414181,0.0833375,1.9923202,1.7869674,-1.2040654,-0.5189369,-1.3113278,1.4455960,1.9923202,1.7869674,1.9923202,1.7869674,-1.9270549,0
0.4535833,0.2831000,0.4272302,-0.3018981,0.4799574,0.6205322,0.7161062,0.5594050,-0.8416092,-0.1619334,-0.1865934,-0.0016012,0.4327238,0.2261448,-0.4373515,1.2947962,-2.4251060,-0.8187631,-1.0250586,0.2257225,0.3893679,0.7251468,-0.5068010,-0.8187631,-1.0250586,-0.8187631,-1.0250586,0.5307042,0
0.4286644,-0.0719135,0.5351466,-0.1387787,-0.3346532,0.0507563,-0.2846887,-0.4978394,0.1965244,0.4161481,0.1843093,0.1162534,0.0539595,0.1532723,-0.0798925,0.1089202,0.6770487,0.4384804,1.1069697,-0.2592266,0.7904616,0.2068565,-0.2015963,0.4384804,1.1069697,0.4384804,1.1069697,0.0259110,0
-0.2609466,0.3582694,0.5242764,-0.6298384,-0.1194729,-0.1119977,0.1190808,0.0959415,-0.3986900,-0.3416719,0.4489286,0.1272480,0.5155556,0.4854318,-0.9208615,0.6074202,-1.1907432,-0.5426687,-0.2573215,-0.5470773,-0.3433199,-0.4085794,-0.0110417,-0.5426687,-0.2573215,-0.5426687,-0.2573215,-0.2947747,0
0.4078465,0.3454788,0.3437315,-0.3196577,0.0044423,0.3014617,0.1393214,0.1608590,-1.0428870,0.5214000,0.9722873,-2.3331664,0.3630253,0.1003841,-0.2480329,-0.9294704,1.3619869,1.3676768,1.3070732,-1.3434291,0.1816791,-0.6078652,0.1118003,1.3676768,1.3070732,1.3676768,1.3070732,0.8336490,0
0.3205657,0.4511198,0.4310438,-0.4506797,0.2092673,0.2404285,1.0379724,-0.0641765,1.6209442,-0.1903212,0.2345498,0.9065501,0.5177439,0.0905358,0.0368866,-0.5614038,1.7254335,-0.7527657,-0.9534397,2.0017923,0.9985088,-0.0829892,-0.1660262,-0.7527657,-0.9534397,-0.7527657,-0.9534397,1.0010022,0
0.4208787,0.2458448,0.2247440,-0.4470479,-0.2728591,0.3967670,-0.9985401,-1.5305418,-2.2055549,-1.5091654,-1.5861997,0.2498265,0.0313319,0.7464076,-0.2326942,-0.0362682,0.8251305,-0.0008370,0.6885381,0.3853582,0.6015949,0.4740859,-0.3588425,-0.0008370,0.6885381,-0.0008370,0.6885381,-0.4948709,0
-0.0494713,0.0967493,-0.2572386,-0.0533924,-0.1005649,0.5859878,-1.2009253,1.4477172,-0.9263493,2.9588177,1.6909580,0.0040306,0.1672665,-0.2231157,0.5354441,-0.0156164,-0.1969507,0.0132098,-0.1649509,-0.1947285,1.5926038,0.7343432,-0.9059785,0.0132098,-0.1649509,0.0132098,-0.1649509,-0.3663303,1
-0.3505392,-0.1496529,-0.0509124,1.0702142,0.0549116,-0.7669159,-0.4942487,-0.7591529,-0.3883271,-0.5239896,0.8159626,1.6708595,-0.1541594,-0.7915108,1.4247820,-0.7423337,0.8484353,0.9072326,0.9594406,-0.8068931,-0.5536899,-0.7398767,0.7402161,0.9072326,0.9594406,0.9072326,0.9594406,0.2587671,1
0.2298208,0.2975317,0.3459952,-0.5658053,0.9662291,0.4815787,1.2964771,0.8830532,0.1712800,0.1552555,-0.9945571,1.2389809,0.4812336,0.3815236,-0.2968787,0.2354086,0.3041002,-0.8862430,-0.8253841,-0.0123235,1.3876363,1.0148643,-1.1970863,-0.8862430,-0.8253841,-0.8862430,-0.8253841,-0.0102990,0
-0.4194602,-0.8309605,-0.2756093,0.1876427,0.5642579,-0.2584934,0.0194344,-0.8224559,0.7106758,0.1395995,0.2874645,0.9012903,-0.4779511,-0.3080875,-0.0819136,0.1244176,-0.1121789,-0.5887598,-0.1011145,0.4495421,-0.0238835,0.3757439,-0.1721526,-0.5887598,-0.1011145,-0.5887598,-0.1011145,0.5841465,1
0.5423480,0.4696406,0.1260902,-0.8117414,0.7781026,0.4045527,0.6487782,0.3801311,0.2567860,-1.5262817,-0.7407948,0.0841828,0.7292421,0.0436493,0.9385393,-0.4653744,0.2310547,0.6844560,0.8137960,-0.6711642,-1.2087272,-0.9005242,1.5432990,0.6844560,0.8137960,0.6844560,0.8137960,-0.2405757,0
0.8668153,0.4335432,0.4497241,-0.7834262,0.1539540,0.4698784,-0.3103855,0.4584409,-0.5867180,0.3468198,-2.2406872,0.4231082,0.4026810,-0.3980179,0.9747962,-0.7657286,0.4780196,-0.4836217,-0.4032967,-1.2503300,0.7684482,-0.1442622,-0.5003467,-0.4836217,-0.4032967,-0.4836217,-0.4032967,-1.3518614,0
0.5473505,0.3326488,0.1099827,1.3589272,0.3035548,1.1280675,-0.0199250,0.4907070,0.0365157,-0.9533971,1.4834695,0.3897584,1.4478206,1.6580640,-0.7878383,-1.0107706,0.6454106,-1.4117366,-1.5422871,-1.3613518,-1.7080867,3.0754088,-4.8593158,-1.4117366,-1.5422871,-1.4117366,-1.5422871,-0.4921933,1
-0.4601994,-1.2994846,-1.4255942,0.5143425,-0.6329245,-0.5317786,-0.8295498,-2.7241307,-0.2285140,-1.3165122,0.1181553,-0.2587190,-0.2502121,0.7857947,-0.2855641,1.3062692,-1.7101207,-0.5847703,-0.7032272,0.9807008,0.7680843,0.7198333,-0.5116579,-0.5847703,-0.7032272,-0.5847703,-0.7032272,0.2738093,1
-0.0641845,0.1877257,0.2945043,0.1482578,-0.0927178,-0.2837315,1.0882458,-0.1708302,-1.0970623,-0.7090882,1.4174004,2.7277136,0.3046985,0.8385180,-0.3240451,0.3107441,-0.9001915,-0.0642493,-0.3349509,0.1823349,-0.2574043,-0.1816947,-0.0019810,-0.0642493,-0.3349509,-0.0642493,-0.3349509,0.0317048,0
-1.8550263,-1.9351728,-2.2912952,2.1455705,-1.1669537,-1.5176570,-0.7882065,-1.6059473,-0.1183748,0.9716828,0.5970260,0.5517902,-1.9665218,-0.6319819,-0.0114590,-0.0580234,-1.6548821,0.3017009,-0.4447585,1.0964862,0.6116169,-0.3970613,0.3920902,0.3017009,-0.4447585,0.3017009,-0.4447585,0.9464890,1
0.0611377,0.0780742,0.0514146,-0.0464441,0.1635068,-0.0452718,-0.0448600,0.2860912,-0.1204278,-0.0446972,-0.3013742,-0.3967974,0.3437612,0.6589916,-0.2782715,1.1706041,1.1274973,-0.8377588,0.2812245,2.9464421,0.6474273,1.3336221,-1.0821196,-0.8377588,0.2812245,-0.8377588,0.2812245,-1.4801643,0
0.7211442,0.1500498,0.5350269,-0.2906979,0.1810663,0.0784079,0.2435575,0.4150661,0.2585131,0.5394899,-0.9809847,0.1811331,0.4414375,-0.2931349,2.2280664,0.7874195,-0.9354112,0.3112846,0.6743698,1.0621908,1.3658822,0.6247346,-0.6069030,0.3112846,0.6743698,0.3112846,0.6743698,1.5370377,0
-1.3868532,-1.2804157,-1.5962369,2.7884869,7.2541321,3.1588350,-0.4775152,1.1141210,-0.1445410,0.2841909,-0.6254619,0.2000298,0.9432567,-1.4197823,0.6403064,-0.8077783,-0.4398511,-0.7893438,-0.0063487,-0.7603393,-1.6952349,1.4713663,-0.6300718,-0.7893438,-0.0063487,-0.7893438,-0.0063487,0.4440690,0
0.4086150,0.0887176,0.2575740,0.9908535,0.1492663,2.6315626,-0.2244741,2.2516484,0.4502683,-0.8302100,0.4905138,1.8384892,1.2536401,1.4350949,-0.7277102,-1.0936154,0.9384093,-1.6323129,-1.7610221,0.1766595,-1.7391564,0.2378675,-0.6506426,-1.6323129,-1.7610221,-1.6323129,-1.7610221,-0.7035810,0
-0.6045155,-0.5252090,-0.5880077,2.9309975,-0.8916947,-0.1274641,-2.6544828,-0.2787366,-1.3751019,-0.0914637,3.1132831,1.2020744,-0.0609161,-1.9675101,0.1493336,-1.3408986,1.5892836,-1.1093080,-1.6559356,-1.4996750,-1.7445340,-0.9362391,0.2476853,-1.1093080,-1.6559356,-1.1093080,-1.6559356,-0.2779104,1
0.3424506,0.3705695,0.4370408,-0.5282767,0.0872749,0.1248596,0.3431671,0.5360085,-0.9162081,0.8173215,0.6959597,1.4934029,0.1808147,0.7087561,-0.8823881,-0.5567443,0.9635528,0.9264563,0.0380040,-0.1554766,-0.0914349,-1.2878726,0.5750947,0.9264563,0.0380040,0.9264563,0.0380040,-0.3458255,0
-0.0404438,0.0201323,0.4360039,0.0223759,-0.1754429,-0.5466566,0.1403126,-0.8193712,1.0146187,0.5400629,1.7943822,-1.2716175,-0.4416580,0.4067694,-1.6419117,-0.7555907,0.6678158,0.7940504,-0.2761367,0.4315082,-0.5863746,-0.5791449,0.4506553,0.7940504,-0.2761367,0.7940504,-0.2761367,0.3047052,0
-0.1230097,-0.2851849,0.0568981,0.5202898,-0.0219243,-0.0064694,0.3079928,-0.7401604,-0.0006578,-1.1316500,-0.5558051,-0.1258807,-0.2376484,0.2800884,-1.5125529,0.0262260,-0.4940224,1.4737919,1.4210912,-0.9304480,-0.1054287,0.0891248,0.3626240,1.4737919,1.4210912,1.4737919,1.4210912,-1.1734453,0
-0.6066643,-0.5606790,-0.5737719,0.4402158,-1.3485722,-0.9643761,-2.1269963,0.0870952,-0.4907493,-0.3455107,0.4302407,-0.4534271,-0.3779610,-2.4722429,2.0364133,0.1815451,-0.0197495,-0.6317469,-0.7142754,-0.6403060,0.0246938,0.2214808,-0.0313434,-0.6317469,-0.7142754,-0.6317469,-0.7142754,-0.7174445,1
-0.1227105,0.8041215,-0.1137263,-0.0071142,-1.0409413,-1.1073810,-0.2038790,0.0627763,0.2624746,0.5259984,0.2385394,-0.3372129,-0.0658326,-0.0667794,0.8844397,2.7968133,-1.2021852,-0.2513157,0.4147828,0.1676878,2.2273782,1.7522009,-1.4084136,-0.2513157,0.4147828,-0.2513157,0.4147828,0.6342680,1
2.0139934,1.9263335,0.8530135,-0.6290881,0.4190578,0.8031254,0.4326992,0.3802144,-1.0137109,0.6601672,-0.3621547,-0.4679235,1.3521910,-0.5860405,1.1670173,-0.2067127,-0.6932500,-0.0973745,0.5359735,-0.9384951,-0.2167979,-0.9039846,0.7744831,-0.0973745,0.5359735,-0.0973745,0.5359735,-1.0967784,1
0.2348594,0.2222859,0.2072942,-0.1215479,-0.9371678,-2.0599865,0.1664121,-0.1237113,0.7488308,-1.9553253,-2.8319758,0.9920244,-0.3666487,-0.0432458,0.7088487,-1.1677706,0.5176447,-0.9449357,-0.8549697,-0.2745398,-1.7911324,0.4968075,-1.6046883,-0.9449357,-0.8549697,-0.9449357,-0.8549697,1.1300833,0
0.4839045,0.1333550,0.3090717,0.5952516,1.2709848,2.1262634,-0.0746101,1.4154398,1.0482817,0.5549893,-3.8620960,1.4996467,1.5666665,-0.2449633,0.1470180,-1.0989330,0.9747892,-1.5125731,-1.6540217,-0.2856695,-1.7470613,0.2890404,-0.5586457,-1.5125731,-1.6540217,-1.5125731,-1.6540217,0.2879009,0
0.2357723,0.2851092,0.3396147,-0.2092202,0.7503534,1.0140551,0.4521657,0.4789772,-0.8166164,0.3756006,-0.0909850,0.3422548,-0.2664443,-1.1872698,0.1778643,1.8601621,0.3813553,-1.2273855,0.5169365,1.8549670,1.3080509,1.8272243,-1.4252205,-1.2273855,0.5169365,-1.2273855,0.5169365,-1.6330432,0
0.4372276,0.4579391,0.7420741,-0.2616197,0.2797857,0.5854640,0.0810128,0.5563730,-0.6636551,0.0395603,0.1877065,0.1307483,0.3303977,-0.1488993,-0.3839749,3.7764403,-1.3413691,-2.0764374,-1.6446641,1.4410042,1.9721984,2.1412884,-1.5968215,-2.0764374,-1.6446641,-2.0764374,-1.6446641,-2.8682405,0
0.2709093,0.2573082,-0.1076054,0.1885623,-2.2050384,-1.6131370,-1.4863581,-0.7804007,0.2887137,-0.9147395,0.0713621,-0.0218854,-0.6661396,-0.1537076,0.0095099,0.6741699,-0.7082412,-1.1196441,-1.7991902,0.2446685,0.7450987,0.5935646,-0.7763235,-1.1196441,-1.7991902,-1.1196441,-1.7991902,-0.8999495,0
-1.9641973,-1.6852519,-0.1552923,0.3666797,-0.2134537,-0.2219739,0.1597809,-0.1539844,-0.4934913,0.0964456,-0.3892311,-0.1036363,-0.0700564,0.1243413,0.1583359,1.2163391,-1.6539346,-1.0048287,-0.6084292,-0.8600819,0.5500304,-0.0031636,-0.2956167,-1.0048287,-0.6084292,-1.0048287,-0.6084292,-0.7618558,1
0.2322203,0.2412471,-0.0631055,0.4350352,-0.5094580,-0.5526987,-0.5418759,-0.2660329,0.6890315,-0.1852529,-0.2239572,0.2656860,0.1057773,-0.0692746,0.3786519,2.5685329,-1.4536624,-0.4750721,0.0255666,0.7350039,1.0092439,1.0445680,-0.6611466,-0.4750721,0.0255666,-0.4750721,0.0255666,0.3803905,1
0.4312273,0.0548621,0.2452859,0.0664729,1.2760680,0.5533257,-0.2238110,0.6882338,-1.3415716,3.7437856,0.5947133,-0.9218058,-0.1228408,0.6418619,-0.2054931,-0.8418764,1.1552961,0.9894276,0.9088975,-1.4589514,0.5170920,0.1876224,0.4354178,0.9894276,0.9088975,0.9894276,0.9088975,0.8882465,1
0.2851693,0.2737120,0.0738385,0.1666704,0.4937506,0.3415457,-0.1199169,0.0680947,0.5621969,0.1440516,-0.2373837,-0.4915448,0.1677369,0.1556212,-0.3947429,-0.8470372,1.1608403,1.4368040,0.7302665,3.1552427,-0.8359845,-0.6872253,0.4472250,1.4368040,0.7302665,1.4368040,0.7302665,0.6720808,0
-0.4569449,-0.8067344,-0.5957761,2.6423336,-0.5547065,0.8561988,-1.2400491,1.0578519,-0.8704049,2.0104491,-0.2070942,-0.6723932,0.3108314,-0.4088127,0.2111052,-1.0527391,0.3535636,-1.1524945,-0.8148017,-1.1401542,-1.8719028,1.2033579,-1.1199290,-1.1524945,-0.8148017,-1.1524945,-0.8148017,0.2115992,1
0.2956963,0.3975197,0.6224919,-0.3868939,0.8008425,0.6392402,1.6108693,0.1755913,-0.0343326,-0.3514137,-0.1236983,0.0063431,0.5640753,0.2521460,0.2516221,-0.2181342,0.7039788,1.1050931,1.3302803,-0.7363236,0.5915646,-0.6686484,0.3545050,1.1050931,1.3302803,1.1050931,1.3302803,1.1588566,0
0.1131920,0.4038166,0.4849956,-0.1601996,0.3386640,0.4002306,1.0216934,0.2447952,0.6555740,-0.3517776,0.4151907,-1.5621915,0.7624555,0.1630647,-0.1628763,0.1777906,0.1179434,-0.8490203,-0.6091514,1.3906708,-0.2163096,-0.0333426,-0.0905532,-0.8490203,-0.6091514,-0.8490203,-0.6091514,0.7723182,0
-0.8413155,-0.7230030,-0.4667238,0.7917219,-1.9717362,-1.8003847,-1.9407799,-0.9729010,0.4826354,0.0252388,0.5427807,-0.2693184,-0.7354051,0.5756630,0.3872983,0.2409879,-1.3343930,0.6760061,0.9924638,0.7460267,0.4385670,0.6225764,0.0530922,0.6760061,0.9924638,0.6760061,0.9924638,0.7659867,1
0.7300783,0.5312753,0.4714439,-0.9438048,0.0104269,0.8709050,0.5584950,-0.4820034,-0.3872989,-1.7096808,-0.7886267,-1.5896949,0.5072461,0.1060830,1.3843020,-0.8883940,1.2701939,1.8803809,1.5061856,-1.3660544,-0.6113943,-0.9535063,0.8487846,1.8803809,1.5061856,1.8803809,1.5061856,1.2764404,0
-2.1894386,-2.7216869,-2.2070421,2.7841713,-1.7850267,-2.6047755,-2.6859318,-1.7029110,-1.0458652,2.2621345,0.9646425,-0.4662069,-3.1817573,-0.9319315,0.9481276,-0.7972889,1.0390340,0.3634252,0.7254161,-0.4511811,-0.9428593,-0.5718733,0.6777834,0.3634252,0.7254161,0.3634252,0.7254161,-0.4259937,1
0.2662156,0.2152845,0.3509676,0.0644118,0.0381157,0.1832471,0.2162079,-0.1423051,-0.8626548,-2.3772146,-2.2785115,-1.2992370,-0.0971101,0.2216145,-0.4284823,-0.9380103,1.0963956,1.8137112,1.1744045,-1.4587190,-0.6699496,-1.1085515,1.2222654,1.8137112,1.1744045,1.8137112,1.1744045,0.7144272,0
0.4135784,0.3769936,0.5812022,-1.0048660,0.6077538,0.9497684,0.3350781,0.2272927,1.8512663,-1.1276359,-1.2553480,-0.2620394,1.2828158,-0.1607503,0.3111294,-0.4677582,1.3511898,0.5358844,0.1954196,1.6365037,-0.2502688,0.6311391,-0.1142405,0.5358844,0.1954196,0.5358844,0.1954196,0.0170761,0
0.3184303,0.1660958,-0.0956639,-0.2604379,-0.4667543,-0.1071104,-0.4693805,-0.2489801,-1.4201333,-0.5262040,-0.7390211,0.0225347,-0.1431503,0.3111200,-0.4897802,-0.3977107,1.4506304,0.3250247,0.6500871,-0.8420966,0.4709325,0.4583273,-0.5309451,0.3250247,0.6500871,0.3250247,0.6500871,-0.1056056,0
0.4213755,0.2418032,0.2463436,2.0925313,-0.2633085,-0.0645336,0.3024499,0.1697967,0.2383619,1.8561122,-0.1610817,0.7538556,0.3034390,3.1011918,-1.1994728,-1.1685130,0.2610864,0.8034291,1.4124580,-0.0968348,-0.7293221,-1.6536967,1.2158447,0.8034291,1.4124580,0.8034291,1.4124580,-1.3053640,0
0.2011799,0.0003576,0.3601213,1.3224959,0.8579979,0.7832497,-0.2035567,4.1805882,0.4065806,1.3987746,-0.3939534,-2.3668140,0.4357723,1.2111469,-1.9834347,-0.9711775,0.1809901,-0.7439277,0.9962981,-0.5130059,-1.5618173,2.2573012,-1.2326564,-0.7439277,0.9962981,-0.7439277,0.9962981,-0.0144220,0
0.4152880,0.2196138,0.3315492,-0.2460240,0.3274605,0.1540391,0.1215242,0.3328025,-0.2357535,-0.3333529,0.5418563,-1.4947806,0.2886120,0.5238469,0.1777006,-0.3838471,0.3232123,0.6938123,0.6002750,-0.8920530,-0.7652182,-0.5965086,-0.0099963,0.6938123,0.6002750,0.6938123,0.6002750,-0.0484167,0
0.0253780,0.1585822,0.3465096,-0.4779743,0.4199817,0.4127523,0.5902196,-0.5484557,-1.0691103,-1.1469759,-0.8207771,0.6752419,-0.4413128,1.1437684,-0.5384955,-0.4969404,1.3373587,-0.2300016,-0.3430037,-0.8547808,-0.3571748,-0.5014772,0.5650812,-0.2300016,-0.3430037,-0.2300016,-0.3430037,-0.1210366,0
-0.4245775,-0.5619139,-0.4749313,1.1328564,-2.8071850,-2.3264102,-1.9303813,-2.0683365,0.0336636,-2.0116366,-0.1905110,-0.0000317,-0.9146126,3.6445716,-2.3262801,-0.5877981,0.5490645,-0.4603563,-0.1921495,-0.5739816,0.4420247,0.2997321,-0.1642802,-0.4603563,-0.1921495,-0.4603563,-0.1921495,3.1414810,0
-0.4559520,-0.8011854,-0.3221736,1.6020224,-0.4536818,-0.3568482,-0.8974968,-1.4526052,0.8517445,-0.8920296,1.1401462,1.3125258,-1.4087085,0.4478183,-1.0972686,-0.7754550,0.5593463,0.4745652,0.8423134,0.7709180,-0.9183258,-0.8677930,1.3293429,0.4745652,0.8423134,0.4745652,0.8423134,0.4620115,0
0.2596139,0.0365448,0.1914234,0.2000754,-0.1834790,-0.3791970,-0.0745947,0.2172620,0.1469006,-0.5535404,0.4539612,0.0018390,0.0222215,1.5044029,-0.9529546,-0.1218019,0.0467521,-0.0729373,-0.1112766,-0.0923014,-0.3057042,-0.6437116,0.0453991,-0.0729373,-0.1112766,-0.0729373,-0.1112766,0.5526475,0
0.4946692,0.4827813,0.5330452,-2.4591460,0.6099826,0.4024437,0.9077266,0.4446925,-1.7220362,-2.0440883,-0.2011730,-1.8382216,1.1775633,-0.3388528,0.1191590,-0.5255593,-0.8314288,0.2517390,-1.4856211,-1.7372872,-0.8091308,-1.2642821,0.8923365,0.2517390,-1.4856211,0.2517390,-1.4856211,-0.1256057,1
0.1977911,0.2146400,0.3370857,-0.2452370,0.0620681,-0.1282950,0.7563523,-0.2001560,0.0406729,-1.5198507,1.2356631,-0.2219801,0.2647868,0.1963349,-1.2420966,-0.6596453,1.3685209,0.6818818,0.5449124,-0.5609357,-0.1870323,-0.3984045,0.3837890,0.6818818,0.5449124,0.6818818,0.5449124,0.0274509,0
0.1450317,0.5036590,0.2246489,0.9866737,-0.2490803,-0.2134815,0.2116325,-0.4310915,-0.5663845,-0.5322965,1.6891244,0.8940013,-0.4425909,0.3480326,-0.6424217,-0.8395656,-0.3372863,2.2771264,1.9913791,-2.3054852,-1.1823401,-1.2608068,0.9091574,2.2771264,1.9913791,2.2771264,1.9913791,1.0228687,0
0.0982918,-0.1416078,0.2416355,-0.7655150,1.0959981,0.6413025,0.6610100,0.4937214,0.0322344,1.5030052,0.1771251,-0.3894848,-0.3296290,0.9427635,-0.3957127,-0.4830989,0.7636691,0.3915079,0.3153386,0.5651288,-0.4432238,-0.8242197,1.0645539,0.3915079,0.3153386,0.3915079,0.3153386,0.2503317,0
-3.3709284,-3.9390858,-4.3895465,0.9086193,-1.1509630,-2.1878788,-0.4598223,-0.0524089,-0.9555733,1.3250130,-0.6223228,0.0944501,-2.0535339,-1.0201980,0.4932651,1.1095547,-0.1271039,-1.1139448,-2.1925699,1.6401269,0.7515298,0.5720765,-0.7464006,-1.1139448,-2.1925699,-1.1139448,-2.1925699,-0.9547694,1
-1.8002819,-1.1984594,-0.9118318,0.0247299,0.6430963,0.9609283,0.1765356,0.6508864,-0.0778905,0.1758111,0.3775579,0.0968144,0.2791461,0.9779756,-1.0793091,2.5126876,-0.8178102,-0.9101292,-0.6790041,0.5702968,2.9920945,1.9699430,-1.4815885,-0.9101292,-0.6790041,-0.9101292,-0.6790041,1.1768820,1
1.1155092,0.9190668,0.4926013,-0.2826202,0.3142169,1.3735123,1.1302706,-0.9201662,-0.1505512,0.6675652,0.0110988,-1.1551007,0.8483792,-0.5699566,1.8354976,-0.3783225,-0.1864028,1.0139190,1.1251552,-0.5589243,-0.5027476,-0.5703285,0.1886157,1.0139190,1.1251552,1.0139190,1.1251552,-0.0020003,1
0.2667010,-0.0524297,-0.6972317,0.3247130,0.3140750,0.4956126,-1.1520462,-0.4922115,0.3795229,-0.7074553,-0.5853869,-0.1519067,-0.6392572,1.7610809,-0.6983789,0.2222423,0.1744068,-0.3634456,-1.0076599,1.0379719,0.4859690,-0.0345763,0.3199046,-0.3634456,-1.0076599,-0.3634456,-1.0076599,-0.8397148,0
0.3844040,0.3459791,0.1556821,0.2638833,0.3340516,0.1407287,-0.1771624,0.1010901,-0.3224795,0.9680129,0.7679695,0.7429573,-0.5348246,0.1771501,-0.5617214,-0.4497411,-0.7247389,1.0068010,0.5886171,-1.4097128,-0.5519792,0.1057018,0.7178209,1.0068010,0.5886171,1.0068010,0.5886171,-0.3615786,0
0.2986456,0.0127927,0.1539053,0.2306629,0.1786407,0.2987916,-0.2219914,-0.3402589,1.4436390,0.5342968,0.6466458,0.6115153,0.0030948,0.1854290,-0.1709429,-0.5957351,1.0553035,1.4755329,1.5704651,1.1642012,-0.0001438,-0.3133643,0.1844483,1.4755329,1.5704651,1.4755329,1.5704651,0.8970843,0
0.1177766,0.4703709,0.6021665,0.1017892,0.1105778,0.2084963,0.9633614,0.6066741,-0.2380750,-0.2877822,-0.1614356,0.1774910,0.7043871,0.0361499,-0.4251155,-0.4587972,-0.4582170,0.2431615,0.4757958,0.7511415,-0.5250204,-0.5483581,0.6789129,0.2431615,0.4757958,0.2431615,0.4757958,-0.2375049,0
0.3839910,0.6413500,0.3334138,-0.6429726,0.1123354,0.2797522,0.3254728,-0.0367267,0.1183747,-0.2492465,1.6044524,1.3240126,1.0324288,0.0325048,0.3084011,-0.5047424,-1.0678021,0.8806121,1.5177929,-0.8848582,-0.8259533,-0.9875043,1.1199858,0.8806121,1.5177929,0.8806121,1.5177929,-0.5026297,0
0.1064597,0.1500426,0.1064271,0.3378954,-0.9669110,-0.2708996,0.1218834,-0.0876977,-2.2955091,-0.9738054,0.5868692,-3.8087107,-1.0561818,1.7530635,-1.2447149,-1.2564847,1.5877631,-1.0457505,-1.6504343,-1.2365643,-2.0261113,2.9465295,-1.0008705,-1.0457505,-1.6504343,-1.0457505,-1.6504343,-0.5890602,1
0.6715837,0.1491354,-0.1631118,0.2406328,-0.3976455,-0.2228619,-0.5910944,-0.2802666,0.6469906,0.1808381,0.1895663,-0.7586709,-0.1187842,-0.9903626,0.9233156,1.4062034,-1.8736428,-1.0760247,-0.8235951,1.6512400,1.3926807,0.6718620,-0.6315011,-1.0760247,-0.8235951,-1.0760247,-0.8235951,1.0340373,1
0.1972396,-0.4502302,-0.1841923,0.4718984,-0.0363502,-0.4191925,-1.4837832,-0.2345671,-0.4500301,0.8696759,0.5671774,0.4770739,-0.1883140,-0.7322429,1.3561562,-0.7040901,0.7591807,0.0538195,-0.7058677,-1.4301548,-0.6763192,-0.4482558,0.4465608,0.0538195,-0.7058677,0.0538195,-0.7058677,0.6247324,1
0.3926698,0.1401084,0.4060613,-0.2103523,1.5953241,1.4534596,0.8039780,0.2046796,-0.4365841,-0.3609951,-0.4112792,0.3971183,-0.4524620,-0.5085081,0.4430859,1.4928118,1.1437669,-1.1139645,0.4011280,1.5412365,1.0574003,1.9323577,-1.3644582,-1.1139645,0.4011280,-1.1139645,0.4011280,-1.9281082,1
0.2659864,0.1659873,0.0967691,1.0125960,0.3977099,-0.0865023,-0.0902972,0.1861432,0.2864551,0.2044427,1.0491360,0.0674366,0.3116193,-0.0502347,-0.9501069,-1.0782123,0.2772335,1.8837211,1.1263520,-1.4428183,-1.3727322,-1.6890348,1.9050117,1.8837211,1.1263520,1.8837211,1.1263520,0.1118531,0
-0.4012766,-0.1147023,-0.2364065,0.5918702,-1.9853188,-1.9636085,-1.4372462,0.0101547,0.5567519,0.1148234,0.3942151,-0.4389318,0.0665590,-0.0226192,0.0248975,-0.1180535,0.7159050,-0.1388499,-0.3911459,0.1808937,0.0339166,-0.3517439,-0.2717277,-0.1388499,-0.3911459,-0.1388499,-0.3911459,-1.6517071,1
0.3528739,0.8894921,0.7619051,-0.8748878,0.4022070,0.8487218,0.6431406,1.1570248,1.0636293,0.6525018,-0.2577517,-0.7836704,1.6768356,-1.0152766,0.5186654,0.3928530,-0.3367133,-0.5924522,-0.4400161,0.0673026,0.5445450,0.1503945,-0.0162937,-0.5924522,-0.4400161,-0.5924522,-0.4400161,-0.6886511,0
1.5628229,1.4521682,1.4305546,-6.0703458,0.9543100,0.4004781,1.4193336,0.7642880,0.1304637,-0.4123367,-0.0474812,-0.1228685,1.4410976,-0.4141412,0.5420674,-0.2381829,0.0187816,-0.0803091,-1.3363406,-1.0792509,0.0678769,-0.3985866,0.1707802,-0.0803091,-1.3363406,-0.0803091,-1.3363406,-0.2709531,0
0.3963748,0.4598660,0.3391632,-0.0916365,-0.1102114,0.4766111,-0.4319400,-1.3848448,-1.3099445,-0.4728807,-0.0198571,0.9234981,0.0832359,0.0884711,0.1853660,-0.1421549,0.3437295,1.2121473,0.9726333,-0.6713491,0.0634103,-0.8838073,0.3262131,1.2121473,0.9726333,1.2121473,0.9726333,0.4183220,0
-0.4441320,0.2871200,-0.2269649,-0.0827713,0.5358430,0.3458989,1.2216000,0.5212596,-0.0266166,-0.1366096,0.1862464,0.3870055,0.0141425,-0.0068361,-0.5572377,0.0076958,-0.1475845,0.3151832,1.0685297,-0.3317266,0.4757051,0.5536811,-0.6419771,0.3151832,1.0685297,0.3151832,1.0685297,0.3247355,0
-0.0330457,0.1359893,0.4465850,-0.5439892,0.9605367,0.4620775,0.5287462,0.2217461,-0.2612265,-1.7536234,-0.2891181,0.8100375,0.4484644,-0.3456823,0.4962438,-0.3788048,0.7989536,1.3348569,0.5940846,-0.3773200,-0.9101904,-0.8798596,0.5762270,1.3348569,0.5940846,1.3348569,0.5940846,-1.0968261,0
0.0909819,0.3072061,0.3738795,-0.1446695,0.0048935,-0.3000869,0.4381606,-0.0212314,0.8823884,0.6045761,-0.2579902,0.2321579,0.1310781,-0.0630031,0.3988377,-0.5912157,0.2227524,1.6421862,1.4901417,1.9256637,-0.6750873,-0.6381325,0.2266101,1.6421862,1.4901417,1.6421862,1.4901417,-0.8994849,0
1.4148842,0.8058655,-0.2426192,0.0059495,-0.4945877,-0.6763949,-0.2978806,-0.0366741,0.4740792,0.5000998,0.0223128,-0.0051019,0.1121229,-1.2837890,0.5842850,3.1341498,-2.0946406,-1.3228477,-1.1846738,0.7094376,0.9679513,0.9274225,-0.7524793,-1.3228477,-1.1846738,-1.3228477,-1.1846738,-0.0213975,1
0.7451826,0.7419007,0.8140785,-1.5325726,1.3441107,1.3001306,0.6484023,0.7437010,-0.1723196,-0.5523925,-0.8357836,-0.0196542,1.2751068,0.6880130,-0.4024485,0.1377088,-0.6191050,-0.4629054,0.0013522,-0.8027436,-0.4550092,-0.2457869,0.3570666,-0.4629054,0.0013522,-0.4629054,0.0013522,-0.9360361,0
-3.2750665,-1.0159427,-1.5046895,0.5487690,-2.2247052,-3.0965747,-1.0904896,-0.4538716,0.1024827,0.2960438,0.2546957,-0.3221967,-0.2647350,1.3629647,0.1452615,2.6771365,-2.2415539,-0.8330975,-0.9076029,1.1454489,0.9354811,1.0613413,-0.6976023,-0.8330975,-0.9076029,-0.8330975,-0.9076029,-1.5397680,1
0.2353957,-0.1173237,0.2122319,0.1881267,0.0129797,-0.4526993,0.0102309,0.4014064,0.5115157,0.9540656,1.1069211,0.2026770,-0.2944885,0.9212740,-1.0723952,-0.7315316,-0.0484409,1.0144720,-0.2496272,0.4257071,-0.8458630,-0.4136752,0.5530722,1.0144720,-0.2496272,1.0144720,-0.2496272,0.1170569,0
0.5086804,0.4423273,0.3935141,-0.1345995,0.8323607,0.6770512,-0.5953386,0.8449473,0.4454830,0.6676064,0.7383191,0.8533385,0.2870407,0.2998279,-0.5799282,-0.1471779,0.8375171,0.1920699,0.1622679,-0.7193492,0.2444619,0.1179639,-0.3812771,0.1920699,0.1622679,0.1920699,0.1622679,-0.9504532,0
1.1491812,1.0189035,0.6360809,-1.4462108,0.8299106,0.5889888,1.0321711,0.6027727,-3.7949708,0.2779239,-0.3856281,-0.9218054,1.1697148,0.2748849,0.2615777,-0.1693524,-0.5032779,1.6191922,1.3559537,-0.8899769,1.2080848,-0.6744508,0.0912463,1.6191922,1.3559537,1.6191922,1.3559537,1.4957206,0
0.0971294,0.1716818,0.2515773,-0.1035634,-0.4038545,-0.3732217,1.0021363,-0.3418285,1.0211491,1.0443405,0.8103540,0.2634900,0.6632038,0.4081091,0.3552449,0.7551221,0.7334755,-1.3820005,-1.1596616,2.2322232,-0.0058216,0.7217789,-0.9223511,-1.3820005,-1.1596616,-1.3820005,-1.1596616,-0.9379347,0
-0.2167663,0.0093088,0.0918172,0.0580256,-0.8852566,-0.4583592,-0.3669735,0.0176430,-0.1683891,-1.0757128,0.6537037,-0.1460443,-0.8196317,-0.1651833,0.3838687,-0.5240803,0.4086501,0.3235089,0.7351984,-1.1531244,-0.9564712,-0.9691754,0.9951429,0.3235089,0.7351984,0.3235089,0.7351984,-0.8946885,0
0.4063276,0.4507644,0.2179478,0.0712620,0.3484595,0.3045073,0.7536138,0.7648590,-0.0845913,1.0786877,0.8436934,2.3082039,0.1018773,0.0250399,-0.6553743,-0.5233382,0.3042663,0.9683713,0.5155972,0.6784305,-0.1735558,-1.0743686,0.7408832,0.9683713,0.5155972,0.9683713,0.5155972,-0.4645781,0
-0.2855086,-0.4099502,-0.3913609,0.4588682,-0.5616759,-0.7753266,-0.7245986,-1.4370569,-0.3634867,-0.7678212,0.5383306,-0.8027261,-1.1941907,0.6539447,-1.0602347,-0.6286507,0.0881497,0.0631107,0.2785928,-0.5724848,-0.4946543,-0.7156377,0.3276396,0.0631107,0.2785928,0.0631107,0.2785928,-0.5939823,0
-0.5346162,-0.3557181,-0.0488780,0.2769930,-0.7160223,-1.4619367,-0.1720603,0.7923534,0.1850596,1.0649055,-2.5101627,-0.3111480,-0.8748861,0.3365011,-1.2261413,-0.5849807,0.5975748,0.3164520,0.2525998,-0.3621650,-0.4209045,-0.5302077,0.7017846,0.3164520,0.2525998,0.3164520,0.2525998,-0.1080180,0
0.2957719,0.4174112,0.3783426,-0.1965418,0.4772896,-0.0516716,1.8875313,0.0341474,2.4007418,-0.6755317,0.3194995,-0.9448868,0.3560221,0.5439857,0.1439848,-0.6580608,1.1683669,-0.0677272,-0.2991961,1.6764165,0.2650903,-0.7741363,0.7466452,-0.0677272,-0.2991961,-0.0677272,-0.2991961,-1.4406299,0
0.0662499,-0.2609916,0.2046991,-0.5216220,1.3755924,1.0147518,1.9609997,0.1031402,0.2223697,0.1058282,0.0674347,0.1672662,-0.7446012,-0.0396530,-0.5076200,0.0932161,0.5698647,-0.8334931,-0.6060224,-0.5288425,0.0559384,0.1365002,-0.5998826,-0.8334931,-0.6060224,-0.8334931,-0.6060224,-0.0946645,1
0.7722358,0.5724536,0.5458896,-1.5823478,0.9969015,0.8917406,0.2156300,0.4775371,1.9419200,-1.1109359,-0.3254682,-1.8901737,-0.0350766,0.7685139,-2.2190999,-0.8341207,1.1760357,0.8553065,0.0918759,1.6212161,-0.8948942,-0.7924010,0.4916400,0.8553065,0.0918759,0.8553065,0.0918759,0.0737425,0
-1.2200039,-1.8422830,-2.3611430,1.5123922,-3.0603008,-3.5669524,-4.0039219,-1.9746862,1.9968948,0.5056079,-0.7548921,-0.2523457,-2.7526290,0.3802867,0.3062707,-0.0571912,-0.4359850,0.3017884,-1.7209379,1.9756827,-0.5596893,-0.8814254,0.6008447,0.3017884,-1.7209379,0.3017884,-1.7209379,0.9606671,1
0.3554013,0.2955990,0.4582810,-0.2216812,0.4923044,0.0666768,0.1810785,0.5177355,-0.0124771,-0.8083686,0.5055748,-1.0824607,0.0913856,1.8011592,-0.6248770,-0.4748395,-0.5884453,1.0484962,1.6444320,-0.3033025,-1.3148846,-1.1827500,1.7458766,1.0484962,1.6444320,1.0484962,1.6444320,0.4159838,0
0.1569965,0.2281828,0.2180301,-0.1583073,-0.0365409,-0.1770683,0.1029178,-1.3602254,-0.1644803,-2.5889340,0.1156172,0.9618760,-0.2290220,0.4770101,-0.4863744,0.2226134,0.7242989,-0.9003447,-1.6739044,-0.4474869,0.0738248,0.2635478,-0.3926471,-0.9003447,-1.6739044,-0.9003447,-1.6739044,-0.5501817,0
-0.0647800,0.1121732,0.1675072,-0.5297611,1.0289236,0.0678728,2.4373433,-0.4933451,0.6408673,0.0371049,1.1278618,0.6257464,0.7876519,-1.1858183,1.7024559,-0.0987982,1.4959025,-0.8134566,-1.9791694,0.0760010,0.1432022,0.6827781,-0.8425145,-0.8134566,-1.9791694,-0.8134566,-1.9791694,0.1495725,1
0.6360267,0.5655605,0.3423574,0.1153195,-3.2051533,0.8265076,-2.3422260,0.2468620,0.2463826,1.3663352,0.4206785,-0.2089186,-0.0180372,1.2470986,-1.1119731,-0.3418823,-0.6401712,-0.2581467,0.1062529,-0.8847502,0.2610056,-0.5117025,0.4173889,-0.2581467,0.1062529,-0.2581467,0.1062529,-0.2405738,0
0.2782982,0.2545842,0.2997285,-0.1899262,0.2126563,-0.2299035,-0.3333002,0.4434963,0.9116072,0.4606937,0.1184428,-0.4577364,0.1377809,0.2334572,-0.3467405,0.6930159,1.1259754,-0.1412233,0.9513092,0.8366306,0.5981035,0.7071290,-0.9684672,-0.1412233,0.9513092,-0.1412233,0.9513092,-0.8036323,0
0.2436813,0.1755334,0.1571150,-0.2413539,-0.2552014,0.4206822,0.0700213,-0.0435009,-1.4723063,0.0550522,-0.5242133,0.4929487,0.7114377,-1.6008656,1.8672785,-0.2950140,0.5773251,1.4822764,1.1803415,-0.2135647,-0.9021769,-0.6838810,0.7445377,1.4822764,1.1803415,1.4822764,1.1803415,0.6798292,0
0.5427047,0.4268035,0.2606793,0.1163090,0.9655474,0.2520795,0.2501749,0.4590754,0.7265386,1.5444408,3.0203544,-1.7250245,0.1894313,0.3573712,0.4246928,-0.9067453,0.6186776,0.4327247,0.7255858,-0.5743458,-1.0100416,-0.8811807,0.3792572,0.4327247,0.7255858,0.4327247,0.7255858,-0.9594930,0
-0.8967223,-0.6317880,-1.5989221,0.4387640,0.5354690,0.4547326,-0.7640542,-0.1722067,-0.0501266,0.2131988,-0.5178065,0.0340924,-0.7358544,-0.6351773,0.4009113,1.1301634,-0.7386840,-1.0238970,-1.9134287,-0.1520953,-0.0684335,0.3975593,-0.0970888,-1.0238970,-1.9134287,-1.0238970,-1.9134287,0.8719066,1
-0.1248729,-0.0718465,-0.2181378,0.8117513,-0.2614960,-0.8715578,0.3487930,-0.1300004,1.0861000,-1.3617040,0.9493736,1.0389765,-0.0491052,-0.6513253,0.4427169,-0.7432758,-0.4304492,1.0552703,1.6638886,0.3863620,-1.5363001,-1.2965642,1.5656886,1.0552703,1.6638886,1.0552703,1.6638886,0.2123837,0
-0.1964667,-0.1792470,-0.1313850,-0.0527456,-0.5127249,-0.8294704,-0.0959353,0.1386426,0.1668991,-0.3361572,-0.4010375,-0.3852863,-0.3718181,-0.0074542,0.0215949,1.7535889,-0.6854391,-1.0086377,-0.6583155,0.1574963,2.6809659,2.0100586,-1.3600918,-1.0086377,-0.6583155,-1.0086377,-0.6583155,2.1192161,1
-0.7635030,-0.6043977,-1.3486725,0.5179203,-0.2612529,-0.9526949,0.5818855,-1.8718783,-5.4029767,-0.4466472,0.6952313,-0.5887481,-1.1222863,0.7012533,-2.5199735,0.9937598,-1.0678936,-1.4981749,-0.9800763,0.9689323,0.9807340,0.8618118,-0.8928681,-1.4981749,-0.9800763,-1.4981749,-0.9800763,0.9221871,1
0.4481841,0.1319056,0.7158008,-0.4152460,0.9595387,1.0703547,0.3305628,-0.0590539,1.3672317,-0.7010074,-1.1138893,0.6645709,-0.7776508,0.3084069,-0.6116751,-0.6411745,0.5030674,0.8834889,0.8466634,0.4123953,-0.2949685,-0.2889838,0.5209548,0.8834889,0.8466634,0.8834889,0.8466634,1.3869058,0
0.0566786,-0.0936029,0.9262453,-0.7849924,0.6622815,0.4379359,1.2169156,0.6884178,-0.0536403,0.0815127,0.2679339,1.4144295,0.6814289,-0.5294057,0.4842207,0.5338540,-1.4830478,-0.5610442,-0.3709884,-0.2604657,0.1048740,-0.2347509,0.2862066,-0.5610442,-0.3709884,-0.5610442,-0.3709884,0.0657589,0
0.7736792,0.6494398,0.4895191,-0.9295416,0.2946514,0.2800251,0.4287430,0.3450786,0.7291192,-1.1102297,1.4260099,1.6857395,0.7157799,-0.3748072,0.3799613,-0.6316955,-0.3011360,0.4474568,0.5355092,1.5765536,-0.8085240,-0.1393600,0.6314487,0.4474568,0.5355092,0.4474568,0.5355092,0.6912685,0
-0.7321549,0.1406181,-0.5883387,0.3851845,-0.6958567,-1.0024371,-0.7679848,-1.2163884,-1.0598167,-0.0530256,-0.0079419,-0.1942289,-0.2136275,-0.2827085,0.3189377,1.4914998,-1.1397256,-1.6997012,-1.1607203,0.3662867,1.1995210,1.0985524,-1.1641310,-1.6997012,-1.1607203,-1.6997012,-1.1607203,-1.0859606,1
0.0469608,0.0762035,0.2392144,0.3035994,0.4643075,0.4989873,2.7066313,0.4331784,-0.6437273,-0.9492826,0.4073455,0.1965377,1.8171979,0.4847282,-0.8868320,-1.0438307,0.7662540,-0.7474443,-0.7479862,-0.6020414,0.6682971,0.6596667,-1.2120996,-0.7474443,-0.7479862,-0.7474443,-0.7479862,-0.3127964,1
0.6884266,0.4275205,0.8364050,-0.4215776,0.2439204,0.4132545,0.3351647,-1.1002417,-0.3355868,-0.1196143,-1.7632233,0.6570102,0.2852838,0.7243289,-0.6516067,-0.1508166,0.1849055,-0.8394401,-0.7726700,0.8809170,0.5501367,0.6959924,-0.6933901,-0.8394401,-0.7726700,-0.8394401,-0.7726700,-0.4324801,0
0.3579762,0.0745851,0.2665041,-0.0973017,0.6211472,0.4786155,0.2517377,-0.8794180,-0.9936648,1.1459507,0.6991903,0.8495364,-0.3021594,0.3230276,-0.0589124,-0.7482871,1.7074449,0.1789879,0.6174923,-1.4085253,0.9542385,0.1116117,-0.9967367,0.1789879,0.6174923,0.1789879,0.6174923,-0.4109854,0
0.4358165,0.3019330,0.4913346,-1.1444227,0.5082266,0.4515886,0.8094553,0.9238287,1.4099179,1.4233321,-1.1616386,0.7110386,0.8049442,0.0758219,-0.5304346,-0.6598351,0.6750030,-0.5902505,-0.6649665,-0.2000378,1.2325292,-0.3927168,-0.2160604,-0.5902505,-0.6649665,-0.5902505,-0.6649665,-0.5603415,0
0.4327443,0.2575838,0.2531962,0.1261096,-0.1789002,0.0330286,-0.1532249,-0.1708844,0.6985910,-0.3214446,-0.4233272,0.7019871,0.4907562,0.2579111,-0.0781617,-0.7522332,1.0456539,0.7324876,0.9197260,-0.4292068,-1.2539540,-0.8260821,0.6404001,0.7324876,0.9197260,0.7324876,0.9197260,-0.2444247,0
0.7140651,0.8394185,1.2036708,-1.7068385,0.8165645,0.9509600,1.8316455,1.3589713,-0.1568750,-0.3909464,-1.5825629,-0.0209279,1.0983726,0.7356735,-0.7117838,-0.4154967,0.3232250,1.1043156,1.3094594,-0.3911003,0.0695010,-0.6146735,0.9741853,1.1043156,1.3094594,1.1043156,1.3094594,1.1906056,0
0.3185102,0.2748135,0.1539278,0.2426764,1.2778564,2.1676796,0.0874001,5.0297764,1.8725952,-0.9653176,-0.8554831,-1.0549136,2.4985634,-0.7938659,1.0426934,-1.0993320,-0.0116218,-0.4504748,-0.3576900,0.6568104,-1.6066242,2.3592235,-4.0446388,-0.4504748,-0.3576900,-0.4504748,-0.3576900,0.1900756,0
0.6724736,0.4329477,0.3219996,-0.0868403,0.1758965,0.1520519,-0.1403475,-0.9389250,-0.3778255,0.8052463,-0.9454534,-1.6727179,-0.3582740,0.6630217,0.1598396,-0.3227238,0.1738676,0.2361140,0.1631172,-0.8455004,0.3602385,-0.5206548,0.4521491,0.2361140,0.1631172,0.2361140,0.1631172,0.8304955,0
0.5501819,0.4629198,0.3514546,-0.3086355,0.4036964,0.4493806,0.2580212,0.3393411,-0.1127551,0.8423573,0.1820957,-0.5784547,0.3899373,0.1665437,-0.5513840,-0.5509142,0.5280729,1.8761797,1.6450513,-1.0927626,-0.3543524,-1.2269827,1.2075015,1.8761797,1.6450513,1.8761797,1.6450513,0.3258415,0
0.3879593,0.2993416,0.7331921,1.0749045,0.4867974,1.8752063,-0.1487460,1.1502730,-0.8276670,1.6388856,0.9101054,1.4392155,1.3095018,0.3289368,-1.2995516,-0.8941477,-0.5698429,0.2556003,0.6533983,-2.0058894,-1.7737691,0.6952470,-0.1087727,0.2556003,0.6533983,0.2556003,0.6533983,-1.0482550,0
0.3222110,0.4332244,0.4377536,-0.4896166,-0.1473712,0.1529304,0.7944990,0.2008508,-0.5117025,0.8781084,-1.9257000,-0.7658599,0.5064920,-0.2784721,0.1701076,-0.6416321,1.6931506,-0.7930022,-1.0964468,-0.9567861,1.3623100,0.3132351,-0.8467379,-0.7930022,-1.0964468,-0.7930022,-1.0964468,-0.8241900,0
-0.1387134,-0.8754848,-0.1766515,0.5508443,-0.8237780,-1.0025547,-1.1748112,-0.7657688,0.7215277,-0.4901630,-0.0912986,-0.1710744,-0.6632992,-0.0981069,-0.0703798,0.5521646,-1.4077032,-0.7614660,-0.3832370,0.1824590,0.0165416,0.5217491,-0.3189060,-0.7614660,-0.3832370,-0.7614660,-0.3832370,0.0734754,1
-5.2917403,-6.7842800,-6.8051270,1.6523354,0.7063701,-0.5120437,1.6749473,-0.6855996,0.1022748,0.0076985,-0.0019663,-1.0287853,-3.9896513,0.2620895,0.8684407,0.0142048,0.8568460,-1.0363201,-0.9883319,-0.2066663,-0.1259857,0.5326576,-0.4253137,-1.0363201,-0.9883319,-1.0363201,-0.9883319,-0.8405847,1
0.5249109,0.2699401,0.4994986,0.4553209,0.0787831,0.6210754,-0.7658840,-0.0613788,0.2903992,-2.4206705,1.9319232,-0.0467875,-0.0028808,0.4966122,-0.9088733,-0.5076122,-0.0943944,1.2672840,0.9851221,-0.2231579,-0.8413801,-0.2459068,0.3771301,1.2672840,0.9851221,1.2672840,0.9851221,-0.1513002,0
0.3718873,0.1536454,0.3475785,-0.6083498,0.1710441,0.1374899,0.3263954,0.2689635,1.0422141,-0.0014646,-0.3142389,-0.1114082,0.1331777,0.4003758,0.0637835,-0.4551539,0.3535368,0.2547711,0.3379367,0.0130415,0.0489917,-0.2368212,0.4440777,0.2547711,0.3379367,0.2547711,0.3379367,-1.4750802,0
0.3323270,0.2598282,0.3939607,-0.0141119,-0.1634101,0.0577880,-0.1442326,-0.1069054,-1.8162728,-0.6721272,-0.4387736,1.9589194,0.2933148,0.3758061,-0.3114621,-0.4904627,-0.0819093,-0.8370504,-0.7511012,1.1626317,1.5214016,0.9732426,-1.1898697,-0.8370504,-0.7511012,-0.8370504,-0.7511012,-0.6099711,0
0.2853526,0.2840469,0.2233332,-0.4902867,0.2315492,0.0157610,0.2618149,0.5189577,0.6346692,0.2843409,-0.9363833,-0.0028980,-0.1514289,1.0192101,-0.6254981,-0.5708388,0.8416915,-0.6270728,-0.4857441,0.2317767,0.3619763,0.0718170,-0.4372106,-0.6270728,-0.4857441,-0.6270728,-0.4857441,-1.0206598,0
-0.0218457,-0.2179523,0.1153202,0.5183444,-1.0544116,-0.5796854,-1.3184885,0.0948399,0.1014212,0.6562890,0.2191731,0.3766856,-0.6116927,-0.3132683,0.2722993,-0.1177962,-0.2252817,-0.1306680,-1.7206235,-0.5323672,-0.4760515,-0.7271136,0.4172404,-0.1306680,-1.7206235,-0.1306680,-1.7206235,-0.1125347,1
0.0798389,0.0157607,-0.2527179,0.4040955,-0.3801344,-0.8288471,-0.5076754,1.0235086,-0.6905896,-0.1281950,0.4558384,1.2983355,-0.2240149,-0.0888208,-0.6854791,-0.7772980,0.1595241,0.5562255,0.7539849,-0.8854714,-1.2472506,-1.1141301,1.1264850,0.5562255,0.7539849,0.5562255,0.7539849,0.1615694,0
-4.1816106,-3.4719899,-3.3971006,1.1355140,-1.6688525,-2.7086637,0.3573869,-0.0343104,-1.3174591,0.5084066,0.4810049,0.7779531,-0.9384538,-0.6531396,0.1057367,0.2392288,-1.6537277,-1.0455992,-0.7941829,-0.2879420,0.9091418,1.1078992,-1.2552395,-1.0455992,-0.7941829,-1.0455992,-0.7941829,-1.9958350,1
0.5331830,0.4102720,0.3780745,-0.4846930,0.2822528,0.6299467,0.3520946,0.3310739,-1.3404459,0.2302476,-0.2419950,0.2518330,0.0012678,-0.1071323,0.1391681,-0.1632138,0.5621889,-0.4056768,-0.5425283,-0.7495116,0.1580596,-0.1744123,-0.1633862,-0.4056768,-0.5425283,-0.4056768,-0.5425283,-1.0078941,0
1.1301863,1.2622236,1.0006152,-0.6375712,0.0008309,0.1044406,-0.4083785,-0.4636466,0.1688050,-0.5393718,-0.1562461,0.5324624,0.6786422,-0.2924685,-0.6917417,1.4146276,-0.1477070,-1.6123104,-1.3657330,0.4177549,2.8723128,2.3145043,-1.5905185,-1.6123104,-1.3657330,-1.6123104,-1.3657330,2.1802006,1
0.5060293,0.1756107,-0.0327241,0.1314607,-0.5748443,-0.4973252,-0.5068026,-0.0186861,-0.1960333,0.0749944,-1.1376349,0.2206864,0.2484975,-0.2269016,0.1667102,-0.4145516,-0.3192738,-0.0894185,0.2173719,-0.1020749,0.2421865,0.4023034,-0.1314398,-0.0894185,0.2173719,-0.0894185,0.2173719,0.5919728,0
0.6724239,0.4826699,0.3685252,-0.4400856,-0.0853633,0.4020336,0.3775381,0.1327380,-0.9700574,-1.2251287,-1.5494685,0.8291798,0.5589939,-0.0382940,0.5024457,-1.0177514,0.2215880,2.0562638,1.4671881,-0.7162801,-0.9064599,-0.7970810,1.3649186,2.0562638,1.4671881,2.0562638,1.4671881,1.0485468,0
0.0881024,0.2031821,0.1020653,0.0987576,-1.7045085,-2.0728324,-1.3418441,-0.3101726,0.1853171,-0.5167398,-0.4631921,-0.1651481,0.1047226,0.5372797,0.0358851,1.1727165,-0.8247173,-1.3197565,-0.9267517,0.1115015,0.5543163,0.8226437,-0.6681838,-1.3197565,-0.9267517,-1.3197565,-0.9267517,-1.8209572,1
-1.2159640,-1.1047374,-0.1707858,-0.0878425,0.6041769,0.4065315,1.6980083,-0.2533015,0.4152210,-0.0339284,-0.3812912,0.0767788,-0.3075375,-0.1296842,0.6587688,0.0409384,0.5143967,-0.6943518,-0.7924417,0.2279360,0.4146676,0.1214902,-0.6043695,-0.6943518,-0.7924417,-0.6943518,-0.7924417,-0.3313954,1
-4.8350462,-3.8886781,-5.2599605,1.0818488,-0.8555755,-1.0476248,-1.5614565,-2.3895809,-0.4793903,-0.1763055,0.5113718,-0.2043171,-2.8588414,0.2900927,1.8183930,0.0322578,1.2023956,-1.2567180,-1.3749789,-0.6741502,1.1002134,0.6372128,-0.6927035,-1.2567180,-1.3749789,-1.2567180,-1.3749789,0.2350336,1
0.1166008,-0.5382772,-0.8316958,0.9339448,-0.2044101,0.0311829,-0.6026091,-0.5408632,-0.0352234,0.1737008,0.7631666,0.0690569,-1.4052564,0.6586950,-0.2506912,-0.6358869,-0.3947409,-0.8295789,-1.6160035,-0.0535456,0.5481388,0.1304512,-0.1785985,-0.8295789,-1.6160035,-0.8295789,-1.6160035,-0.2130327,1
-0.3096520,-0.2407068,-0.1638194,0.8682120,-0.9144461,-0.3539575,-0.9426516,-0.2512025,-0.2035880,-1.9683290,0.2284719,0.1033956,-0.9612779,0.7742251,-1.1546589,-0.9888246,1.3503732,1.9904591,0.9311488,-0.9003477,-0.7067779,-0.6603494,0.4427185,1.9904591,0.9311488,1.9904591,0.9311488,0.3465806,0
0.1417644,0.3920114,0.2885879,0.1966098,0.1079564,0.1402879,0.1358824,-0.2295115,-0.1446895,-0.5914112,0.9960699,0.9618480,-0.0456136,0.4513483,-0.5509982,-0.4636728,0.0712973,-0.3432755,-0.0851351,-0.6678013,-0.2311503,-0.6187829,-0.0457907,-0.3432755,-0.0851351,-0.3432755,-0.0851351,0.5566720,0
0.4385361,0.0684414,0.1951225,-0.0576397,0.1107635,-0.1131405,0.1914730,-0.0953897,0.0553229,-0.2107464,-0.5347740,-0.2044413,0.1091334,0.2262117,-0.1806056,2.2978969,-0.6695313,-1.9281358,-0.9045511,0.9115576,1.8774322,2.1797337,-1.5851656,-1.9281358,-0.9045511,-1.9281358,-0.9045511,1.4509472,1
-0.5636651,-1.1839283,-0.8610249,0.0477083,0.2487941,0.0485822,0.4221145,-0.9524922,-0.6542848,0.0445001,0.7183551,0.0342950,-0.5168868,0.5591908,0.4249167,1.3561159,-0.1195900,-1.8376789,-1.7281297,-0.0099166,1.6707225,1.9443136,-1.5988337,-1.8376789,-1.7281297,-1.8376789,-1.7281297,0.2103886,1
-0.5960154,-0.5800523,-0.8019830,1.9489628,-1.6165298,-1.4330478,-1.8491718,-1.6029051,-0.6788365,0.5111471,0.6181474,-0.6006304,-1.3695484,0.1950373,-0.1027400,-0.7376394,-0.1903618,-0.0041744,0.1960441,-0.4066725,-0.6826283,-0.4288176,-0.0636318,-0.0041744,0.1960441,-0.0041744,0.1960441,0.2334011,1
0.7561474,0.5852948,0.7182911,-0.7900312,-0.2268142,0.0691757,0.3270427,0.4913933,-0.0695061,1.0558530,-0.9168407,0.1411174,0.4739354,-0.0247722,-0.3567379,-0.6049257,0.4529733,1.5793907,1.3775548,-0.2541340,-0.4557158,-1.0261501,0.8917003,1.5793907,1.3775548,1.5793907,1.3775548,0.7385433,0
-4.8882350,-4.6166037,-4.4319689,2.3227993,-0.6596661,-1.6906663,-1.2030456,-2.9463545,-1.6528967,-0.3248229,1.7748374,-0.3330226,-4.7315436,-2.9449487,1.3234407,-0.6659593,0.9011692,-0.0214291,0.0913918,-0.2678822,-0.9709385,-0.6667810,0.5549107,-0.0214291,0.0913918,-0.0214291,0.0913918,-0.2721231,1
0.2666516,0.2542491,0.6272032,-0.2257759,0.4195623,0.4507188,0.2088878,1.2914218,1.1378242,-0.1904863,-0.2155153,-0.0295263,0.1313158,0.2479614,-0.5629112,-0.2656971,-0.7446436,1.5737599,1.3969070,0.6448942,-0.6306841,-0.4311608,1.0694977,1.5737599,1.3969070,1.5737599,1.3969070,0.5365295,0
0.3439459,0.5349890,0.5020916,-1.3371223,0.4728778,0.9082175,0.3874542,0.1842641,1.2222619,-0.2058900,-1.0574130,-0.7543194,0.9311124,-0.5596751,0.9059612,-0.0719572,-0.1086282,-0.6005920,-1.5533778,0.7639401,0.3640144,-0.5498156,0.1263175,-0.6005920,-1.5533778,-0.6005920,-1.5533778,-1.0124137,0
0.2671916,0.3453505,0.0074228,-2.4065759,0.5741556,0.4751166,1.0404621,0.9485831,-0.0621142,-0.0056822,-0.3590668,-1.3375436,1.0227620,-0.2701208,0.3064007,-0.2703413,0.0428607,-0.1982205,-0.0038126,0.5741281,-0.6062722,-0.3686511,0.3295790,-0.1982205,-0.0038126,-0.1982205,-0.0038126,-0.5181543,0
0.2621104,0.2750195,0.4911694,-0.2258579,0.2338890,0.5156060,0.3967168,0.0542411,0.1279833,0.4378854,-0.8472100,0.8204537,0.6424124,-0.1634607,0.3801842,-0.5360966,-0.2753744,0.6801163,1.1957566,-0.7779555,-0.5668100,-1.4048578,1.0159351,0.6801163,1.1957566,0.6801163,1.1957566,0.6665955,0
-0.3710215,-0.5244196,-0.2048311,0.0209999,-0.3149741,-0.7816316,0.0075933,-0.7080855,0.5051658,-0.5042857,0.0696679,-0.0322064,-0.6440847,0.1246938,1.5356674,2.2419563,-0.6376187,-1.8025101,-1.5703122,0.4893876,3.1373896,1.7556550,-1.1028417,-1.8025101,-1.5703122,-1.8025101,-1.5703122,1.6813187,1
0.2197866,0.1996263,0.4170619,-0.5606540,-1.0573091,-0.0342206,-2.0445573,-0.1512085,1.1848990,-1.1318207,-0.5006191,1.3799774,0.6740784,-0.4396050,3.1934947,-0.5104461,0.8330457,1.2512792,0.4661664,0.3035354,0.7947648,-0.6403714,0.7162682,1.2512792,0.4661664,1.2512792,0.4661664,-1.1787747,0
-0.2251419,-0.2039180,0.0279428,0.1230581,0.3575518,0.1260160,0.4010279,1.1631915,-0.0878333,-0.6860116,0.0802537,0.4739385,-0.6126287,1.1822580,-0.5732078,0.5303473,-0.2718490,-1.1746934,-1.0151323,-0.0439914,0.3564029,1.3142612,-1.2451895,-1.1746934,-1.0151323,-1.1746934,-1.0151323,-1.5647816,0
0.3487639,0.2543982,0.2252291,-0.1655380,-0.0280451,-0.1300491,0.4561057,1.8460547,0.5599837,0.1958968,-0.2781915,0.2552355,0.2949484,1.2958304,-0.3444357,0.5501723,0.2413140,-1.0563980,-0.7231496,0.9763515,0.4731298,0.9737730,-0.9750841,-1.0563980,-0.7231496,-1.0563980,-0.7231496,-1.1332332,0
0.2294473,0.3998381,0.9731149,-1.9450933,1.1934103,1.1205046,1.5034038,0.5464387,-0.1996394,1.2009547,0.2927215,0.1036688,1.0544677,0.2620861,-0.0935329,-0.4329103,0.6879232,-0.5713342,-0.1842994,-1.1553047,0.2170228,-0.3077016,-0.0383583,-0.5713342,-0.1842994,-0.5713342,-0.1842994,-0.8529106,0
0.6642670,0.5895826,0.4820518,-1.8019664,0.2298519,0.5895866,0.3481531,0.3618657,0.3985195,-0.5991956,0.3442708,0.2779024,0.5716576,-2.4994769,0.9958593,-0.9774642,1.5073092,-0.1626154,-1.2315347,-0.3116988,0.7253256,0.0351400,-0.2388957,-0.1626154,-1.2315347,-0.1626154,-1.2315347,1.4920697,1
0.9928691,0.5725676,0.4288326,0.2515286,-2.3582197,-0.7138394,-3.9967594,-0.7957404,0.1838920,0.6079937,-0.6082222,0.3501625,0.1803432,-4.8379890,1.5878673,0.5449903,-0.7880475,-0.0243290,0.5605949,0.5730033,0.9108613,0.7800934,-0.6783067,-0.0243290,0.5605949,-0.0243290,0.5605949,0.3693839,1
-2.2263962,-1.8141651,-1.0829444,0.7981033,-0.1976221,0.1301930,-1.5151390,-0.4020256,-1.1951600,0.6116824,0.2891882,0.5594248,-1.2642682,0.1480681,-0.1523120,-0.2878094,-1.3835326,0.8358542,1.4841570,-0.8725468,-0.5469387,-1.2812260,1.0003360,0.8358542,1.4841570,0.8358542,1.4841570,-0.2190428,1
-1.2915393,-1.1840934,-0.2332082,0.6787236,-0.0507556,-0.7866733,-1.0274542,-0.4862551,0.1560340,-0.0732548,0.3890660,0.1650071,-0.3960498,0.2758817,-0.1669185,1.0563693,-1.1741513,-0.3629964,-0.6334002,0.0433621,0.0358768,0.2562986,-0.2528524,-0.3629964,-0.6334002,-0.3629964,-0.6334002,-0.6150166,1
0.8599254,0.8095487,0.6971398,-0.3099161,0.9579486,0.8688248,1.9463994,0.3877163,-0.6174141,0.0687415,-1.0149676,-3.6971275,0.6983538,0.4578633,-0.1835728,-0.2715211,0.0142270,-0.7882175,-0.4950444,-0.4038190,1.0312781,0.4189638,-0.1500908,-0.7882175,-0.4950444,-0.7882175,-0.4950444,-0.7464637,0
0.4602915,0.4281122,0.4898690,-0.3222497,-0.0309320,0.1728964,0.0198419,-0.1750485,-1.1686259,0.2630529,-0.4322144,-1.1309655,0.7967209,0.0034261,0.1062058,-0.6164943,0.6299196,-0.4358072,-0.5453730,-0.9312694,0.0573819,-0.0347919,-0.3972405,-0.4358072,-0.5453730,-0.4358072,-0.5453730,-0.3453374,0
0.1574686,-0.0249258,-0.0435995,0.7456342,0.3445020,0.0202688,-0.8486820,0.0736947,-0.2252343,1.5897856,1.8876278,1.1041539,-0.0537851,0.3995342,-1.5339780,-1.1616508,1.1012880,1.8152310,1.7319861,-1.5498591,-0.6015452,0.2856364,-0.0502411,1.8152310,1.7319861,1.8152310,1.7319861,1.6396763,0
0.5176602,0.4343893,-0.0207027,0.4142049,0.3163745,-0.1019430,0.0773915,0.4876920,0.2978261,0.6638193,0.8647397,0.4245277,-0.1026734,-0.3292363,0.2770339,-0.9264725,-0.2925844,1.4701274,1.2583279,0.9155547,0.1690189,0.0281054,0.9328139,1.4701274,1.2583279,1.4701274,1.2583279,0.5975387,0
0.2015445,0.1954793,0.1260009,-0.0441861,0.6914592,1.1313661,0.2807967,-0.0562884,-0.1007791,-2.5860191,0.5186453,1.0479854,0.2019598,-0.1012347,0.2289919,-0.3863943,1.0947272,-0.6194533,-0.5573644,-0.6575893,-0.0098291,-0.2177349,0.0606086,-0.6194533,-0.5573644,-0.6194533,-0.5573644,0.5602387,0
1.1910407,2.5656429,1.2549296,-0.6368156,0.2023243,0.9418937,0.0941740,1.2588788,-0.0664192,-0.1004027,-0.1191251,-0.0590650,1.2338491,-3.3805860,4.0736778,4.7474127,-0.2879778,-1.4746964,-0.3509911,2.3015612,3.4968579,2.4853313,-1.5953894,-1.4746964,-0.3509911,-1.4746964,-0.3509911,1.6854587,1
0.1676561,0.3199662,0.5885960,-0.5049141,0.6825773,1.0875539,0.7472052,1.9790366,1.0351380,1.0028168,-0.3837651,-0.3697906,1.0935937,-0.0402008,-0.2831946,1.8514967,0.0129262,-1.8922512,-1.6942345,0.8729287,3.1260345,2.2911645,-1.5905746,-1.8922512,-1.6942345,-1.8922512,-1.6942345,-0.7952564,1
-0.1746120,-0.6788867,-0.3376468,0.4171682,-0.4688254,-0.5180799,-0.2547180,-1.1874907,-0.3345025,0.8344444,0.2071632,0.0683113,-0.5150089,-0.1176429,0.3106065,-0.5275354,0.8253487,-0.4265268,-0.4935648,-1.1039441,0.4091527,-0.5585654,0.0831020,-0.4265268,-0.4935648,-0.4265268,-0.4935648,0.6977738,1
0.3424346,0.3446434,0.0097862,-0.0040683,-0.4128236,-0.0663965,1.0476722,-0.0437934,0.8208972,-2.3684126,-0.0238957,-0.2661730,0.5337124,0.1847288,-0.2916673,-0.4887682,0.6174485,0.2346200,1.0852180,0.3174164,0.3315295,0.7075148,-1.0206874,0.2346200,1.0852180,0.2346200,1.0852180,-0.7135252,0
0.1850178,0.3131359,0.5318110,-0.4773296,0.2557299,0.2492435,0.2726862,0.2384505,0.6069932,-0.4593245,0.0384735,-0.0074708,-0.0104232,-0.3652527,-0.4623588,-0.5770705,0.4226220,-0.7238200,-0.4150090,-0.6292065,-0.1201097,-0.4652823,-0.0000220,-0.7238200,-0.4150090,-0.7238200,-0.4150090,0.2660557,1
0.8587365,0.0868810,0.3354397,1.3017212,-0.5684517,-0.5710380,-0.9567036,-0.4306010,0.1357745,-0.3572661,0.3700972,-0.1117970,-0.8496453,-0.9223150,0.4988187,0.8141333,-3.4586433,-0.7269750,0.2701572,0.5482632,0.1823202,0.5005752,0.0051852,-0.7269750,0.2701572,-0.7269750,0.2701572,0.6701657,1
-0.3943937,-0.5798556,-1.1205110,0.1506146,-0.1403959,-0.5053093,-0.0531823,-1.3580713,-0.7148975,-1.1036589,0.4135171,-0.2347957,-0.8130573,-0.1360674,0.6736058,1.5384855,-0.6943130,-0.6406704,-0.4363537,-0.5467817,1.6247691,1.3554337,-1.3107078,-0.6406704,-0.4363537,-0.6406704,-0.4363537,2.2435949,1
0.3381091,0.3079034,0.4800154,-0.3457999,0.3618894,0.3353610,0.1768798,0.5962967,-0.1700546,1.3529563,0.8972984,1.0384268,0.3975854,-0.5511512,-0.3688592,-0.9032799,1.4292263,0.1391253,0.2703534,-1.4402693,-0.0160859,-1.3382510,1.2353674,0.1391253,0.2703534,0.1391253,0.2703534,-0.2346779,0
1.0269278,0.9546292,1.0672760,-1.0971583,-0.6300554,-0.2457882,-1.6223112,1.0396171,0.2523177,0.4873530,-0.8400770,0.0033805,1.1080555,-2.0065543,2.0034705,1.5257620,-1.4159915,-1.8010425,-1.4566659,0.4429875,3.2132525,2.2097094,-1.6048648,-1.8010425,-1.4566659,-1.8010425,-1.4566659,1.4271915,1
0.0900703,0.0111659,0.0281894,0.5085866,0.1512534,0.1977702,-0.1548416,-0.1967474,-0.0029426,0.2912475,-0.8677968,-3.5193656,-0.5912957,0.8596005,-0.6063497,-0.9792752,0.6488191,0.4667693,0.8546288,-0.4966629,-0.5451068,-0.8630282,1.2740147,0.4667693,0.8546288,0.4667693,0.8546288,-0.5902621,0
-0.1519470,-0.3181638,-0.7813676,0.3094861,-0.7943228,-0.6116197,-1.4341097,-0.3828266,0.9586820,0.2017323,0.7365715,-0.3349011,-0.4854718,1.2800535,-0.0699225,-0.3781395,0.0238767,0.4688543,-0.7126921,0.1089399,-0.2730807,-0.7226788,0.6953387,0.4688543,-0.7126921,0.4688543,-0.7126921,-0.3801207,0
