diagnostics_Image-original_Maximum,original_shape_Maximum2DDiameterRow,original_shape_Maximum3DDiameter,original_shape_Sphericity,original_glrlm_ShortRunLowGrayLevelEmphasis,wavelet-LLH_glrlm_HighGrayLevelRunEmphasis,wavelet-LLH_glrlm_LowGrayLevelRunEmphasis,wavelet-LHL_glcm_ClusterShade,wavelet-LHL_glcm_DifferenceVariance,wavelet-LHH_glcm_MaximumProbability,wavelet-HLL_glszm_SmallAreaLowGrayLevelEmphasis,wavelet-HHH_firstorder_Uniformity,wavelet-HHH_gldm_GrayLevelVariance,square_firstorder_Minimum,squareroot_glrlm_ShortRunLowGrayLevelEmphasis,logarithm_glrlm_ShortRunLowGrayLevelEmphasis,y_train
-0.1821733,3.3198785,2.7887625,-2.9818524,-0.0657276,-0.1737379,0.1738235,0.3879116,0.0578575,-0.1233794,1.2218165,-0.4172913,0.4176708,-0.5167401,-0.0657276,-0.0657276,1
-0.9203972,1.3485116,0.9866540,-1.6539894,-0.4089150,-0.1508826,0.1509668,-1.1241132,0.9276279,-0.8887192,1.5985437,-0.1996039,0.1999570,-0.5069167,-0.4089150,-0.4089150,1
-0.2749362,-0.0666280,-0.2163642,1.2385563,-0.9048775,-0.0277789,0.0278606,0.0025346,0.8090000,-0.3934387,-0.0082033,-0.2890607,0.2894207,0.8861522,-0.9048775,-0.9048775,0
0.8044073,1.9802641,1.6541376,-1.5526486,0.3699902,-0.0501783,0.0502602,-1.1792155,0.9501176,-1.0719533,2.2075633,-0.3526912,0.3530462,-0.5090066,0.3699902,0.3699902,1
0.1085221,0.3919125,1.0937245,-2.8125655,0.5653788,-0.0078314,0.0079126,0.5694589,-0.0280070,-0.5185383,0.1180070,-0.3108324,0.3111842,-0.5125139,0.5653788,0.5653788,1
0.7925221,-0.6882869,-0.6860873,-0.2384115,1.3155096,1.8181370,-1.8180943,-0.1268170,-0.9065378,2.0003900,-0.2472258,1.9122003,-1.9120085,-0.5198016,1.3155096,1.3155096,0
0.8012965,1.0303492,0.9368231,1.0894670,-1.0821732,-0.3398257,0.3399138,0.4897304,0.4155704,-0.8812301,0.3726680,-0.2969742,0.2973347,-0.5153460,-1.0821732,-1.0821732,0
-0.4886954,-0.7889813,-0.8407455,1.4947414,0.0148489,-0.2712435,0.2713314,-0.5092404,0.7069783,0.1710582,-0.7707274,-0.2842422,0.2846017,0.5338701,0.0148489,0.0148489,1
0.8020277,-0.3542915,-0.4408190,-0.1134708,0.4690700,0.0565978,-0.0565182,0.1477795,0.5356284,0.8185076,-0.1830388,0.4513527,-0.4510494,-0.5150316,0.4690700,0.4690700,0
-0.6166192,-0.9706001,-0.7629569,0.6793516,0.0443852,-0.4721326,0.4722242,0.0295621,0.1061295,-0.6377347,-0.6695956,-0.0282805,0.0286302,-0.5126505,0.0443852,0.0443852,0
0.8084726,-0.5811694,-0.5624631,0.6869672,0.9705093,0.8570262,-0.8569640,0.6534597,-1.5200948,0.4983016,-0.8133757,-0.1439162,0.1442650,-0.5074424,0.9705093,0.9705093,0
-2.4430871,-0.3671426,-0.5441614,0.7895126,1.0051908,0.3285594,-0.3310251,1.7943424,-1.5163532,-0.3942072,1.8626181,-0.2533231,0.2487927,-0.2597286,1.0051908,1.0051908,0
-0.5482791,-0.8355762,-0.6632370,-0.6688543,1.3301395,0.8254744,-0.8254099,-1.8763240,0.0695580,0.5602886,-0.4812320,-0.0261846,0.0265342,0.0495465,1.3301395,1.3301395,0
-1.4832918,2.3907013,2.0956956,-0.2759335,-0.3623754,0.0091029,-0.0115385,-0.3820900,0.7927763,-0.7237425,-0.2465367,-0.1747276,0.1701619,-0.2079907,-0.3623754,-0.3623754,0
-2.7172341,-0.5207266,-0.3509792,0.6067295,0.7444635,0.3726905,-0.3751459,1.3588076,-0.9351471,-0.1965932,-0.7170219,-0.1137806,0.1092200,-0.2032594,0.7444635,0.7444635,0
-0.7460969,1.8366769,1.5084117,0.3554292,-0.9265221,-0.2158073,0.2158934,-0.3298421,0.7633987,-1.0751771,0.3747509,-0.4606976,0.4610804,-0.5085711,-0.9265221,-0.9265221,0
1.4401858,-0.5733227,-0.7723287,0.7940320,-2.0447092,-1.7593986,1.7570547,1.0620045,-0.5862844,0.4553912,-0.9445009,-0.2500225,0.2454822,-0.2544380,-2.0447092,-2.0447092,1
-0.8264473,-0.4469137,-0.5960057,-0.0836377,1.1166542,0.2510708,-0.2509949,-1.3303140,0.0173615,-0.3465580,0.3865947,-0.4027475,0.4031161,-0.5097308,1.1166542,1.1166542,0
0.8286517,-0.1038681,-0.2643338,0.8484551,-0.3430203,0.2827911,-0.2827172,0.2802296,-2.5238853,0.5717884,-0.3208567,-0.2566334,0.2569810,-0.5042676,-0.3430203,-0.3430203,0
0.8087945,-0.9057865,-1.0201661,1.2500409,1.1826566,1.8801531,-1.8801144,-1.0747026,-0.5210205,0.6629614,-0.5200177,2.1243836,-2.1241982,1.5163426,1.1826566,1.1826566,0
0.8080633,-0.5187448,-0.5162603,0.2563114,0.5091390,-0.6426847,0.6427793,-1.2531508,-2.3870282,-0.1679211,-0.8341299,-0.0023758,0.0027138,0.3246072,0.5091390,0.5091390,0
-0.1417257,-0.0735754,-0.0399052,0.0249307,-0.6530552,-0.3584534,0.3585436,-0.6418163,0.9110117,-0.8259318,-0.4239710,-0.4409337,0.4413150,-0.5182348,-0.6530552,-0.6530552,1
0.1041525,1.0479171,0.7257304,-1.0838883,0.0103504,-0.4093066,0.4093961,-0.4743243,1.0154381,-0.4330023,2.0850424,-0.2519715,0.2523188,-0.0828221,0.0103504,0.0103504,0
0.0472006,0.3931332,0.1801745,-0.9275065,1.0298851,0.5767702,-0.5767006,-0.8637898,0.6531820,-0.5313526,-0.1830861,0.3138376,-0.3135139,-0.5197887,1.0298851,1.0298851,0
0.8066009,0.1072429,-0.0129990,0.3634848,-0.8430562,-0.7784559,0.7785541,0.3663096,0.4561928,-1.2265440,0.3742607,-0.3038102,0.3041713,1.1672714,-0.8430562,-0.8430562,0
-0.7559492,-0.5542854,-0.7136740,1.2512780,-0.4692281,0.3432992,-0.3432255,1.4595725,-1.1294490,-0.2908906,-0.1383028,0.0503738,-0.0500202,-0.4592505,-0.4692281,-0.4692281,0
0.8123794,-0.2387327,0.2930931,-1.0313002,0.4012539,0.9156425,-0.9155807,-0.9171843,1.0676978,-0.5560274,1.5981273,-0.3330742,0.3334375,-0.2301114,0.4012539,0.4012539,1
-0.1942648,-0.9702183,-1.0511815,0.5077570,1.0852158,0.2514214,-0.2513457,0.7522242,-1.0739997,1.8158936,-0.8336780,-0.3587145,0.3590797,2.3387389,1.0852158,1.0852158,0
0.6290372,-0.4942719,-0.5873842,0.1623929,-0.2930556,-1.2390682,1.2391767,-0.1064719,0.8461036,0.6410773,-0.2302624,-0.1632394,0.1635995,-0.5107280,-0.2930556,-0.2930556,0
-0.1146892,1.6526970,2.5485269,-4.0108866,0.1670444,0.0903662,-0.0902870,0.9019959,-0.0686561,-0.5386159,0.9905222,-0.3764315,0.3768079,-0.5139441,0.1670444,0.1670444,1
-0.0760685,-0.2862598,-0.4261665,-0.3911978,1.6503963,0.6731779,-0.6731105,-0.3091793,0.7037555,0.2335776,-0.6633518,-0.3228592,0.3232119,-0.2600945,1.6503963,1.6503963,1
-2.7970497,-0.4742816,-0.4606728,-0.1232812,1.1364798,1.0686650,-1.0711728,0.3986000,0.0543321,0.2118958,-0.0298030,0.0061938,-0.0107048,-0.2571232,1.1364798,1.1364798,0
0.0255144,2.0836002,1.6599559,-2.4159631,0.2812223,-0.0254342,0.0255175,-0.9955949,1.0588043,-0.7806671,-0.6450073,-0.4081537,0.4085227,-0.5197861,0.2812223,0.2812223,1
-0.6660731,-0.4167431,-0.5892105,0.8282871,0.2985437,0.7396303,-0.7395634,-0.6276836,0.4758754,-0.6176436,-0.6871004,-0.4361543,0.4365352,-0.1911373,0.2985437,0.2985437,0
0.7976405,0.3608809,0.3374235,-1.0227283,0.2246042,-0.4218071,0.4218986,-1.4060791,0.6332998,-0.5616392,-0.7968021,-0.1070718,0.1074178,-0.5172710,0.2246042,0.2246042,0
0.8249957,-0.3240952,-0.4906717,-0.2289312,0.9082695,0.5355569,-0.5354885,-0.2287624,0.7332362,-0.3793117,0.9914829,-0.1238682,0.1242253,-0.5059478,0.9082695,0.9082695,0
-0.1691089,-0.0981382,-0.2592986,0.1640869,0.4450766,-0.1458015,0.1458865,-0.2342548,0.6013746,-0.4781659,0.1337213,-0.2399741,0.2403302,0.0968133,0.4450766,0.4450766,0
-3.3183021,0.5326091,0.5188252,-1.4601209,-0.7416067,-0.1543444,0.1519164,-0.4850709,-0.0328961,-0.5173351,-0.9459508,-0.1356110,0.1310423,-0.2175100,-0.7416067,-0.7416067,0
0.8137526,-0.6821966,-0.7600528,1.3305042,0.0009839,0.1589905,-0.1589126,0.6348422,-1.1871565,-0.5162768,-0.2267403,-0.4098187,0.4101878,4.5207267,0.0009839,0.0009839,1
-0.1070030,1.1739523,1.7396690,-1.7047466,-1.9031885,-0.3961053,0.3961940,-0.9171306,1.0718917,-0.7462350,-0.2126099,-0.2566628,0.2570202,-0.5065482,-1.9031885,-1.9031885,0
0.8182290,0.0319444,-0.0504450,-0.0937556,0.6751103,0.3771166,-0.3770441,0.0481332,-0.1665902,-0.2404068,-0.2374521,-0.1754719,0.1758231,-0.5143049,0.6751103,0.6751103,0
0.8131817,-0.3207820,-0.2035725,0.1666668,-0.1706529,0.4286430,-0.4285728,-1.8094212,1.0153117,-0.3979214,-0.8250452,0.6665819,-0.6662754,-0.4902849,-0.1706529,-0.1706529,0
-0.4490245,-0.3886698,-0.5063409,-0.4626082,-0.0946930,-0.3621991,0.3622880,0.0245036,0.6844853,-0.7490712,1.7179777,-0.1644441,0.1647945,-0.1699907,-0.0946930,-0.0946930,0
-0.0175215,1.5908691,1.2024966,-3.0759656,0.2422676,-0.6560573,0.6561518,-0.5615090,1.0216774,-0.5013054,0.7897853,-0.3394990,0.3398627,0.1204210,0.2422676,0.2422676,1
-0.5596317,-0.6796404,-0.7927937,-0.2234682,1.6444305,-4.2096381,4.2098120,-0.5417669,0.4982554,1.9689777,-0.8438523,-0.1676662,0.1680071,-0.5079475,1.6444305,1.6444305,0
-0.8814195,0.6839107,0.7232633,-0.6735599,0.1243024,-1.1719508,1.1720575,0.5336750,0.2261842,-0.8584798,-0.3936312,-0.2496210,0.2499877,1.3138262,0.1243024,0.1243024,0
-0.8600643,0.2128630,0.1850373,-0.0427149,-0.1893910,-0.3230508,0.3231401,-0.7089618,0.7308116,-0.6145243,-0.1554503,-0.4620296,0.4623929,0.5929703,-0.1893910,-0.1893910,1
-0.3907966,-0.2110074,-0.1696506,0.6465169,-0.7615037,0.5825815,-0.5825136,-1.9256169,0.7728941,-0.0398639,2.2073959,-0.1158667,0.1162134,-0.4707979,-0.7615037,-0.7615037,0
0.1089243,-0.0448093,-0.2634852,-0.3646386,0.1388275,-0.4834073,0.4835015,-0.2224345,-2.9879003,1.4804398,-0.6415020,-0.3506835,0.3510481,-0.5208478,0.1388275,0.1388275,0
0.2694208,-0.1086711,-0.0966858,-1.2238456,-1.3488588,-0.4010380,0.4011282,-1.2116898,0.0055379,-0.5764538,1.2801820,0.6972170,-0.6969324,-0.5083366,-1.3488588,-1.3488588,1
0.8034901,1.0969620,1.5852989,-0.6630259,-2.0504587,-0.2068088,0.2068939,-0.6987712,1.0353335,-0.8639466,0.0693680,-0.2669463,0.2673045,-0.5125783,-2.0504587,-2.0504587,1
-0.3293939,-0.6983662,-0.6924662,0.7613764,0.3704161,-0.3385997,0.3386886,1.5297180,-1.2878379,0.5379579,-0.0309409,-0.3331036,0.3334571,0.9326743,0.3704161,0.3704161,0
0.8215640,0.0347201,-0.1059518,-0.8178646,0.2440047,-0.1530621,0.1531461,0.0283993,0.1562706,-0.3106530,3.0639439,-0.0115918,0.0119207,-0.4107287,0.2440047,0.2440047,1
0.8220709,0.0991729,-0.0909979,-0.2049956,-0.5582271,0.3347270,-0.3346532,0.5785573,-0.8065881,-0.8903083,1.3523472,-0.4227661,0.4231362,2.0807223,-0.5582271,-0.5582271,0
-0.0599029,-0.3822676,-0.4887838,0.1978540,0.2292314,-0.1295925,0.1296762,1.9155200,-2.1889082,-0.5885502,-0.7676139,0.0364176,-0.0360727,-0.5138075,0.2292314,0.2292314,0
0.1224961,-0.0683949,-0.2141081,0.9731377,-0.6515916,-0.3181211,0.3182092,0.3375971,0.2471173,-0.1736777,-0.7586848,-0.2589153,0.2592729,0.4901879,-0.6515916,-0.6515916,0
-0.0116083,-0.7750176,-0.7905725,0.4923877,1.0681211,2.3002956,-2.3002632,-0.1762783,0.9269328,0.6368340,-0.2997589,-0.1133497,0.1137059,-0.5178044,1.0681211,1.0681211,0
0.3836916,2.1717786,1.9992827,0.2302092,-0.5816771,-0.2497764,0.2498625,-0.9586489,1.1030853,-1.0421622,2.9931558,-0.4021207,0.4024893,-0.5064245,-0.5816771,-0.5816771,0
-0.3155190,-0.4015744,-0.4496269,0.1211640,-0.0129272,-0.4263120,0.4264033,-0.0061880,0.7288660,-0.6332604,-0.8434251,-0.2168313,0.2171759,-0.2153866,-0.0129272,-0.0129272,0
-0.3659636,-1.0960124,-1.0407470,0.4518655,-0.5382930,2.5716138,-2.5715902,-0.1325161,0.5756123,4.1499059,-0.0925282,-0.2907355,0.2911053,-0.5027781,-0.5382930,-0.5382930,0
0.3784764,-0.0944114,-0.2861670,-1.1077801,-2.0075257,2.2431870,-2.2431551,-0.5136399,0.6379361,-0.4447887,-0.0487785,-0.3837279,0.3840950,0.0384372,-2.0075257,-2.0075257,0
0.7959183,-0.7889065,-0.8855044,0.9748741,-1.4383380,-0.4227504,0.4228405,-0.9948403,0.8966206,0.2796815,-0.8305074,-0.2921262,0.2924962,-0.4534188,-1.4383380,-1.4383380,0
0.7975590,0.0082436,-0.0037607,-0.2387190,-0.4492627,-0.3944656,0.3945548,0.4490836,0.4452939,-0.5201073,-0.6942153,0.0174861,-0.0171496,1.0421234,-0.4492627,-0.4492627,1
0.7848535,-1.0851873,-0.8206792,0.0186778,0.3195624,1.9410129,-1.9409735,-2.9583866,-0.9413831,1.1861253,-0.8181852,-0.3539938,0.3543587,-0.5182296,0.3195624,0.3195624,0
-0.2262594,0.7426007,0.7641665,0.1884344,-2.0205999,-0.2135965,0.2136820,-1.2523668,1.0242882,-0.8904802,-0.0329362,-0.3506737,0.3510285,-0.5082696,-2.0205999,-2.0205999,1
0.3900406,-0.6356587,-0.7638328,0.7447361,0.6221686,-0.2658058,0.2658925,-0.2235156,0.7885591,-0.4006245,0.3757855,-0.3544933,0.3548680,-0.5042186,0.6221686,0.6221686,1
-0.7516331,-0.1768254,-0.2192913,0.1344922,1.0028233,0.1636149,-0.1635358,1.3918379,-1.1599374,-0.0975924,0.1134465,-0.4742621,0.4746361,-0.5177683,1.0028233,1.0028233,0
0.8315765,0.1646115,0.0101643,0.0936540,-0.3345488,-0.0091205,0.0091998,1.1217130,-0.5177644,0.2241270,0.3798597,-0.2746148,0.2749834,-0.3841344,-0.3345488,-0.3345488,0
0.4073931,-0.2141354,-0.2167716,1.0443323,-0.5154175,-0.4661166,0.4662065,-0.6441859,0.5394332,-0.9370003,-0.1987728,-0.2731066,0.2734751,-0.4728878,-0.5154175,-0.5154175,0
0.8131106,0.1261219,-0.0116148,0.1820023,-0.2724250,-0.0289790,0.0290615,-0.6813084,1.2117454,-0.7436128,1.6498277,-0.3392541,0.3396277,-0.5167994,-0.2724250,-0.2724250,1
0.1371022,-1.0960744,-1.1511853,1.2499253,0.8143862,-4.2084115,4.2085857,2.4524897,-3.0968565,1.6273797,-0.8120881,0.8242822,-0.8240073,-0.5165778,0.8143862,0.8143862,0
0.8308453,-0.5693310,-0.7435138,-0.5740965,2.2697205,1.2102970,-1.2102436,-0.2449852,-0.6758906,2.6980839,-0.7379375,12.7676316,-12.7682003,0.8657761,2.2697205,2.2697205,1
-2.2200483,-0.8657781,-0.8277287,-0.0250534,0.8187249,2.1304283,-2.1329953,-0.4348197,0.7339280,-0.0773665,1.8430609,-0.0986785,0.0941560,-0.2531779,0.8187249,0.8187249,0
-0.4409001,-0.0014996,-0.1459165,-2.5683517,1.8927311,0.9804668,-0.9804055,0.2335300,0.5080002,1.3463126,-0.6433733,-0.1702910,0.1706320,1.0512484,1.8927311,1.8927311,1
-0.3880221,-0.7797774,-0.7382917,0.1564813,0.0387940,-0.8895815,0.8896823,-0.8432079,0.7242430,1.4168115,0.0359599,-0.2970133,0.2973739,-0.5151063,0.0387940,0.0387940,0
-0.7006712,-0.5319420,-0.6037138,-0.0679299,1.3171151,1.3199943,-1.3199419,1.6770501,-1.8347507,0.4821321,-0.6233042,-0.1548559,0.1552154,0.4315231,1.3171151,1.3171151,0
-2.1021089,0.4708462,0.2082254,-0.1932006,1.2374447,0.0961562,-0.0986058,1.1224999,-0.6532047,0.9863289,-0.0357850,-0.1423296,0.1378006,-0.2519409,1.2374447,1.2374447,0
-0.6497292,-0.4122488,-0.4803323,-0.5281648,0.0945365,-0.0352664,0.0353493,1.0267428,-0.4204422,0.3255579,-0.6428762,-0.4167723,0.4171224,-0.5126350,0.0945365,0.0945365,0
-0.2257065,1.5670477,1.3523846,-2.4412599,-0.0515571,0.2680018,-0.2679280,-0.7485046,0.9835095,-0.8139600,0.9955936,-0.2876798,0.2880298,-0.5010412,-0.0515571,-0.0515571,1
-0.8768104,-0.1375462,-0.2310604,0.9739389,-1.2987878,-0.6756072,0.6757025,1.7148007,-1.6224391,0.6791883,-0.4169594,-0.3581954,0.3585508,0.1063507,-1.2987878,-1.2987878,0
0.7947157,0.9820210,0.9118934,-1.6897200,-1.8772454,-0.5481564,0.5482499,-1.0593830,0.5767697,-0.4992292,0.3732370,-0.3797026,0.3800597,-0.5186033,-1.8772454,-1.8772454,1
-0.3174447,0.5249692,0.6236970,-0.8630402,-0.5344820,-0.6990393,0.6991359,-1.1055869,0.7105703,0.0918214,-0.7943185,-0.3674995,0.3678556,1.1313226,-0.5344820,-0.5344820,1
-0.7955941,-1.1506360,-1.2243473,0.6274054,2.0078122,1.7736105,-1.7735673,1.1805066,-1.9170632,0.9075236,-0.0282034,1.4851991,-1.4849649,-0.5145497,2.0078122,2.0078122,0
-0.7535773,-0.7376649,-0.7842308,0.0513009,1.9157098,0.6721029,-0.6720369,0.4201417,-0.5452729,1.6724067,-0.0301160,-0.2882283,0.2885783,-0.5089370,1.9157098,1.9157098,0
2.1740185,1.3215401,1.7598963,-2.1858097,-1.0616681,-0.1608684,0.1609524,-1.4517270,0.1606375,-0.3510575,0.0323394,-0.3531222,0.3534968,-0.5049711,-1.0616681,-1.0616681,0
1.5356624,0.2571445,0.0783271,0.7038754,0.4701248,0.0916543,-0.0941011,-0.3636020,0.7390100,-0.6640812,0.1440364,-0.2134426,0.2088896,-0.2467922,0.4701248,0.4701248,0
-0.2533035,0.6348817,0.5609651,-1.0461180,-0.3261880,-0.8277402,0.8278415,-0.2824996,0.5176120,-0.5248140,0.3736169,-0.1122527,0.1126089,0.9914782,-0.3261880,-0.3261880,0
-0.7364566,-0.9151587,-0.7130642,1.3439228,1.4226662,0.4207037,-0.4206314,1.0809927,-1.2884232,0.2604213,-0.8438907,0.9876530,-0.9873808,-0.5086562,1.4226662,1.4226662,0
-0.4753199,-0.5384554,-0.6646235,1.6564254,-0.9838047,-0.7383245,0.7384222,1.3402158,-1.3164605,0.2074788,-0.7850744,-0.3076494,0.3080108,-0.2530851,-0.9838047,-0.9838047,0
0.6862110,-0.0693560,-0.1172278,0.8009592,0.7921136,0.0192232,-0.0191445,0.3884426,0.4044985,-0.5785384,-0.1150739,-0.2158519,0.2161964,-0.4920064,0.7921136,0.7921136,0
-0.5840818,-0.0500597,0.1854244,-0.2322009,-0.0848717,0.2924103,-0.2923376,0.4697472,0.0143349,-0.3246233,-0.8475624,-0.2754081,0.2757670,-0.5027420,-0.0848717,-0.0848717,1
-0.6698027,-0.7379342,-0.7400616,0.8255394,1.0692405,-0.0459766,0.0460588,0.5185569,-0.0540155,0.2657364,-0.8230381,1.0957867,-1.0955326,-0.5064116,1.0692405,1.0692405,1
0.8101858,0.2610430,0.1432124,0.3321622,-0.8658403,-0.1714992,0.1715855,1.3343314,-2.0245260,-0.6554849,0.0143267,-0.1445430,0.1448919,-0.1977395,-0.8658403,-0.8658403,0
0.7961781,0.1497832,-0.0457856,-0.0428376,-0.1814160,-0.9562849,0.9563876,0.6546475,0.0912461,-0.4739326,0.0682852,-0.3054850,0.3058364,0.6860866,-0.1814160,-0.1814160,1
-0.8122947,-0.4425934,-0.4470231,0.2821639,0.6769544,0.0078126,-0.0077322,-0.0119077,0.8176407,0.5947510,-0.0834367,-0.2517169,0.2520837,1.3862443,0.6769544,0.6769544,0
0.8036761,-0.7453942,-0.4914956,0.4976956,-0.4695053,-0.6909652,0.6910618,-0.3559105,0.0890610,-0.7112973,-0.8215547,-0.3420356,0.3423897,-0.5044969,-0.4695053,-0.4695053,0
0.8211538,-0.9980038,-1.0734317,0.6191043,-1.5000879,-0.3419223,0.3420101,0.2677657,-0.7099976,1.0735653,-0.8271370,1.1049243,-1.1046611,0.4794290,-1.5000879,-1.5000879,1
0.7979616,1.1877586,1.1761930,-1.7626693,-0.6420965,-0.0455193,0.0456017,-0.8387635,1.0782109,-0.6684256,-0.2693098,-0.2083498,0.2086937,-0.5165700,-0.6420965,-0.6420965,1
0.5281932,0.2554216,0.3071908,-0.9429774,-0.2643526,-0.2840713,0.2841582,-0.0239854,0.6360437,-0.3619861,-0.2195221,-0.2756040,0.2759629,-0.5084242,-0.2643526,-0.2643526,0
-0.6763020,-0.1014944,0.0693206,-1.7050287,-0.3740113,-0.1442288,0.1443137,0.3357070,0.5584008,-0.8908661,-0.8414751,-0.3254938,0.3258565,-0.5178250,-0.3740113,-0.3740113,1
1.5674879,1.3855462,1.1594835,1.3047646,-0.4275677,-0.0987626,0.0963279,0.4039858,0.4202067,-0.7221163,0.4571967,-0.1988106,0.1942565,-0.2442332,-0.4275677,-0.4275677,0
0.8000201,0.8135092,1.5702807,-0.8135497,0.5466525,-0.1664942,0.1665794,-1.1802907,0.7978949,-0.9783502,1.1724264,-0.3900057,0.3903636,-0.5111945,0.5466525,0.5466525,0
0.7124984,-0.8002923,-0.6274977,-0.4765501,0.0766598,-3.3557747,3.3559295,-1.2424910,0.5106543,-0.1579851,1.1702254,-0.2463303,0.2466771,-0.5071950,0.0766598,0.0766598,0
0.2546720,-1.0702835,-1.0117844,0.9158088,-1.7296094,1.3300686,-1.3300161,0.4032489,0.2718021,3.7152036,-0.1918124,-0.3007644,0.3011350,-0.4973664,-1.7296094,-1.7296094,0
0.6912323,-1.3023105,-1.3595234,1.5731481,-1.6208806,0.9924191,-0.9923601,-0.1589641,0.3327923,0.8037031,-0.5948101,-0.0391908,0.0395414,-0.3879921,-1.6208806,-1.6208806,1
-2.4160041,-0.4375469,-0.5489281,1.0911512,-0.7050975,-0.5313037,0.5288973,1.1178099,-0.4515393,-0.0938327,-0.9444152,-0.0933800,0.0888277,-0.2171750,-0.7050975,-0.7050975,0
0.8094546,-0.7602875,-0.6850561,0.6432388,-0.2009867,0.1605685,-0.1604887,0.5312281,-0.4194211,-0.0092421,-0.8224544,0.1334157,-0.1330782,-0.5172143,-0.2009867,-0.2009867,0
0.8201016,0.0504487,-0.0869444,-0.3957271,1.2451008,0.3895827,-0.3895101,0.2301314,0.2962474,-0.4314081,-0.8469964,-0.1053089,0.1056548,-0.5129442,1.2451008,1.2451008,0
0.8182290,0.2063714,0.2939871,0.0419941,-0.7648301,0.2049422,-0.2048652,0.0668272,-0.0825982,-0.9326171,-0.0853296,-0.3351505,0.3355139,-0.5133720,-0.7648301,-0.7648301,1
0.8220709,2.6019127,2.5630465,-1.2472142,0.5093308,0.0000258,0.0000553,0.1167813,0.6119709,-0.8676794,-0.8068435,-0.3820336,0.3823908,-0.5074888,0.5093308,0.5093308,1
0.1039206,-0.2325896,0.8595533,-0.7339595,0.6306550,1.1678781,-1.1678229,0.0247566,0.6698148,-0.2349754,-0.1973032,-0.1691157,0.1694763,-0.5075120,0.6306550,0.6306550,1
0.1073330,-1.1493248,-1.1329467,0.4914257,-0.7956805,0.3231289,-0.3230538,-0.9354679,1.0031389,0.2405443,1.2676541,-0.2867886,0.2871483,-0.4786370,-0.7956805,-0.7956805,0
-0.3892626,-1.0825882,-1.1869159,0.9527327,-1.6156477,2.3965211,-2.3964927,0.3714519,0.1575411,6.6167832,-0.6082859,-0.4143728,0.4147325,-0.5008016,-1.6156477,-1.6156477,0
1.0080417,2.1150367,2.1776276,0.3026733,-0.1741167,-0.0654848,0.0630417,-0.3034000,0.7242596,-0.7755255,0.2895824,-0.2147060,0.2101629,-0.2641017,-0.1741167,-0.1741167,0
-0.4634347,3.5275099,3.2480817,-1.3894397,-1.6094091,-0.3765172,0.3766057,-0.5480956,0.8205442,-0.9625935,-0.8448131,-0.3008231,0.3011741,-0.5055844,-1.6094091,-1.6094091,0
0.7014435,0.5903656,1.5592658,-0.7494713,-1.7685263,-0.4080136,0.4081044,-0.9190553,1.0860833,-0.9854601,-0.0290825,-0.3453361,0.3457003,-0.5179410,-1.7685263,-1.7685263,0
0.8020277,1.1036618,0.8774853,-1.7062417,-0.5442647,-0.0697576,0.0698397,-1.1701355,0.6928699,-0.2625639,-0.0302755,-0.2655556,0.2659137,-0.4087651,-0.5442647,-0.5442647,1
0.2250677,2.3771970,2.1309918,-1.5014260,0.1089842,-0.0917350,0.0918199,-1.0984706,0.8619049,-0.6402153,-0.6447731,-0.4978554,0.4982410,-0.5185440,0.1089842,0.1089842,1
-0.2423671,-0.8322800,-0.7759044,1.1359375,1.0170942,-0.2950062,0.2950935,2.3013339,-2.9717431,0.3758916,-0.7956287,-0.2647231,0.2650909,-0.5063627,1.0170942,1.0170942,1
0.8153042,-0.8450315,-0.8175539,1.1409083,0.8338662,0.1971869,-0.1971098,0.2316450,-0.1323236,-0.1187805,-0.8279806,0.7920801,-0.7918027,-0.5155238,0.8338662,0.8338662,0
0.8073321,-1.0336973,-1.0627185,0.3868364,-0.8585320,2.1305731,-2.1305393,-3.8077423,-1.3360533,-0.0893466,2.4206263,0.6152133,-0.6149127,1.6326258,-0.8585320,-0.8585320,1
-2.0223717,-0.0917070,-0.3036442,0.7217908,0.7138198,-0.0549926,0.0525513,1.1174032,-0.3613910,-0.4286612,-0.2046780,-0.2303957,0.2258538,-0.2532423,0.7138198,0.7138198,0
0.4530327,0.1216605,0.1177959,0.0858354,-0.5459877,0.3086473,-0.3085723,-0.2342599,0.9674122,-0.2289272,2.2064539,-0.2830963,0.2834656,0.0996171,-0.5459877,-0.5459877,0
-0.5355300,0.1903730,0.2416986,-1.3812388,1.1032775,0.8968991,-0.8968379,0.6236713,0.1301923,-0.4924800,0.7369775,-0.2898540,0.2902238,-0.5060586,1.1032775,1.1032775,1
0.8138418,-0.8844583,-0.9063282,1.2516433,1.6308287,3.0919844,-3.0919706,-1.0113661,0.7633056,-0.2616910,-0.0324696,-0.3493809,0.3497357,-0.5164463,1.6308287,1.6308287,0
-0.1388801,-0.7967113,-0.8078333,1.0160649,0.8262398,-0.1279118,0.1279949,0.5047706,0.0705558,0.0501530,-0.7884518,2.9135508,-2.9134257,0.3006079,0.8262398,0.8262398,1
0.7954469,-0.9314917,-0.9842542,1.0749821,1.2864416,2.6359836,-2.6359590,0.1926449,0.4776980,-0.1041613,-0.1667812,-0.2743700,0.2747288,-0.5183739,1.2864416,1.2864416,0
0.8279205,-0.4777952,-0.5953981,1.3333239,0.2848289,0.1509554,-0.1508783,-0.3721025,0.8953401,-0.9341018,-0.8168278,-0.1664126,0.1667730,-0.5046026,0.2848289,0.2848289,0
0.8039971,-0.4130597,-0.2798225,1.4334432,0.7477862,-0.2611921,0.2612793,1.8495351,-2.0898465,0.1761795,-0.8343631,0.3102139,-0.3098899,-0.5077362,0.7477862,0.7477862,0
-0.7692532,-1.1488495,-1.1802146,0.2315069,1.5345333,0.2844269,-0.2843509,-1.1364109,-1.8344613,0.0899509,2.2153486,-0.1652667,0.1656172,4.4597298,1.5345333,1.5345333,0
-0.8028961,-0.9626007,-0.8299682,0.1494793,1.1035637,0.5666339,-0.5665644,2.0304485,-2.4405418,0.1661424,-0.8399976,1.5376255,-1.5374051,-0.5167607,1.1035637,1.1035637,0
0.4543245,-0.3997784,-0.0631183,0.2936119,0.6967176,0.1546803,-0.1546027,0.3543649,0.2882586,0.0731291,-0.8435561,-0.3161799,0.3165516,-0.5083469,0.6967176,0.6967176,0
-0.3194424,-0.4756586,-0.5491900,1.2923376,-0.4127453,-0.6439387,0.6440345,-0.6159170,0.8810687,-0.2299198,1.6351883,-0.2721860,0.2725544,0.7097818,-0.4127453,-0.4127453,0
-0.6774434,-0.6015239,-0.6887134,0.5230037,-0.1144800,0.2031716,-0.2030932,-1.7091351,0.6715542,-0.6337727,-0.0334343,-0.1891049,0.1894572,1.2689045,-0.1144800,-0.1144800,0
0.4913839,-0.7764884,-0.8955737,0.5323767,0.9495278,0.4792262,-0.4791551,-1.0884778,0.5885533,3.0283000,-0.8419752,0.5535220,-0.5532264,-0.5053319,0.9495278,0.9495278,0
-0.8449769,-0.0994227,-0.3078733,0.1022781,-0.1958995,-0.3493666,0.3494545,0.4299248,0.2744196,-0.2050967,-0.3008408,-0.3176979,0.3180600,1.8181574,-0.1958995,-0.1958995,0
-0.0728606,-0.5333310,-0.4742549,-0.8726855,-1.4428209,-0.0914483,0.0915310,-0.9291871,0.9823222,0.9988315,-0.0816363,-0.3332897,0.3336530,-0.5031028,-1.4428209,-1.4428209,1
0.0205007,-0.6608685,-0.7276403,1.3517711,0.6428081,0.2492767,-0.2492007,0.9275348,-0.3744318,-0.3916558,-0.8227458,0.1687812,-0.1684562,-0.5075713,0.6428081,0.6428081,0
-2.5310070,-0.7529021,-0.7628357,-0.6447565,1.4280538,0.4601137,-0.4625862,0.7731084,-0.9752274,0.3475549,-0.8476392,-0.2137560,0.2092031,-0.2641094,1.4280538,1.4280538,0
0.8044073,-0.4618246,-0.5238170,0.7626840,0.2066986,-1.3935515,1.3936632,-0.3385058,0.6211304,0.3393277,-0.2188743,-0.0001918,0.0005394,-0.2403652,0.2066986,0.2066986,0
1.6510988,1.3307794,1.3329801,-0.3881186,-3.1226883,-0.1798732,0.1774428,0.8320917,0.0714937,-0.4713812,0.1727914,-0.2349009,0.2303594,-0.2193783,-3.1226883,-3.1226883,1
0.8245856,2.3347198,1.8861165,-0.8591034,-0.6138826,-0.1177993,0.1178831,-1.0910152,0.6080863,-0.6341940,-0.1145788,-0.3764805,0.3768470,-0.5057029,-0.6138826,-0.6138826,1
0.4583906,-0.3937800,-0.1641697,-0.2219448,1.2364174,-0.2717383,0.2718250,-0.4975032,0.8522466,-0.3489173,-0.0328004,0.1893776,-0.1890444,-0.4966707,1.2364174,1.2364174,1
-0.1243527,0.1732610,0.0347167,0.1427157,-0.9547322,0.0570740,-0.0569953,0.5366382,-0.5524169,0.0003046,-0.0331508,0.0861604,-0.0858096,-0.5065482,-0.9547322,-0.9547322,0
0.0652464,-0.4617698,-0.1370382,-0.7648280,0.6882550,-1.2873816,1.2874912,1.8421128,-1.8280790,0.2771217,-0.3496373,-0.2045988,0.2049522,-0.5059452,0.6882550,0.6882550,0
-2.4493564,-0.4782065,-0.5699864,1.2023785,0.9644580,0.0781806,-0.0806202,2.0912749,-1.9662797,0.0763462,-0.9441721,-0.1135161,0.1089654,-0.2078928,0.9644580,0.9644580,0
0.8315765,-0.4385713,-0.2019529,-0.3619304,0.3492949,-1.5873629,1.5874768,0.6344135,-1.2881771,-0.1528789,-0.2317802,-0.2582983,0.2586657,0.4160897,0.3492949,0.3492949,0
-0.8133112,-0.4811447,-0.1743485,-0.9332798,1.3452503,1.4524592,-1.4524083,1.4343829,-1.2404339,0.5829866,-0.6701813,-0.1783219,0.1786832,1.2394317,1.3452503,1.3452503,0
-0.8236117,-1.2379924,-1.3174440,1.5255802,-1.6442266,-4.2091478,4.2093217,0.5244332,-3.0778756,1.5056758,0.0636656,5.9129403,-5.9130345,0.8808926,-1.6442266,-1.6442266,1
-0.7208874,1.4340805,1.5772695,-1.6752266,-0.8658313,-0.1994879,0.1995735,-0.5375513,0.5872229,-0.8976861,-0.6440594,-0.3425350,0.3428990,-0.3426761,-0.8658313,-0.8658313,1
0.3077564,-0.7110974,-0.6455431,0.7342671,-0.6455723,-0.8558983,0.8559998,-0.7858249,0.3476989,0.3282660,-0.8153956,0.2282003,-0.2278701,-0.5190852,-0.6455723,-0.6455723,1
0.8308453,1.3734789,1.0155112,1.1232623,0.4966097,-0.3151890,0.3152751,0.4333087,0.4901202,-0.7964440,0.3738325,-0.2392102,0.2395663,-0.5030873,0.4966097,0.4966097,1
0.8066009,-1.0549612,-0.9770024,0.2470370,1.2373198,0.0735559,-0.0734768,0.6974845,-0.7575944,0.0327213,-0.1747742,-0.0921558,0.0925105,-0.5059710,1.2373198,1.2373198,0
-0.5848033,-0.1579649,-0.2758540,0.6905189,-0.3222262,-0.2049853,0.2050721,-0.6499645,0.9478693,-0.4004913,0.1314671,-0.0296614,0.0300015,-0.4937973,-0.3222262,-0.3222262,1
0.8087945,0.4168775,0.4191252,-0.2497819,-0.5063573,-0.2734225,0.2735085,0.4998894,0.2288981,-0.2571207,-0.2366804,-0.2835174,0.2838769,-0.4897721,-0.5063573,-0.5063573,0
0.6707766,-0.2620968,-0.0579358,-0.0142402,-1.2928554,0.4225949,-0.4225240,0.6442488,0.1987855,0.5919890,-0.8446871,-0.2393864,0.2397426,-0.5075841,-1.2928554,-1.2928554,0
-0.2174370,-0.1813012,-0.1916192,0.3145529,1.0785966,1.0940912,-1.0940329,-0.1673800,0.8279908,-0.4056177,-0.6443340,-0.4176047,0.4179843,-0.5198789,1.0785966,1.0785966,0
-0.2781174,-0.0280564,0.0777168,-0.1822943,1.1824091,-0.4274266,0.4275157,-0.0242149,0.8594205,-0.7534595,-0.6149254,-0.0598460,0.0602080,-0.5028348,1.1824091,1.1824091,0
-3.8686184,-0.2604013,-0.3021469,0.8716248,-0.0876056,-0.5063064,0.5038956,1.4152300,-1.8747811,-0.2014870,-0.7906528,-0.1810348,0.1764892,-0.2441662,-0.0876056,-0.0876056,0
-2.7965956,-0.4762443,-0.1436100,0.0696000,0.8792551,0.1588643,-0.1613144,0.1089670,-0.4443820,0.4732864,-0.2394848,-0.2261942,0.2216618,-0.2208859,0.8792551,0.8792551,0
-0.4574680,3.1700673,2.7533452,-1.8752014,-1.2018167,-0.3184349,0.3185236,-0.2202016,0.8295640,-1.0360332,1.6121002,-0.3402825,0.3406463,0.0926902,-1.2018167,-1.2018167,1
-0.1983233,0.0921086,0.1585376,-0.6577617,0.0845716,0.5480131,-0.5479445,-0.3746045,0.9109485,-0.6350215,0.1127210,-0.4329419,0.4333030,-0.3552723,0.0845716,0.0845716,0
-0.5838937,2.7119490,2.6116954,-2.0186626,-0.9380434,-0.3998726,0.3999638,0.5354085,0.1931481,-0.8052947,0.8123024,-0.4360367,0.4363981,-0.5208736,-0.9380434,-0.9380434,1
-0.7120058,-0.7375793,-0.5677248,-0.0808463,-0.1737503,0.7656838,-0.7656177,2.1394602,-2.4275741,-0.0871542,-0.8387248,0.2713911,-0.2710838,-0.5185930,-0.1737503,-0.1737503,0
-0.7649631,-0.1866302,-0.3837218,0.8140166,0.2456987,-0.1259550,0.1260403,0.7503274,-0.4889323,-0.1730475,-0.8477612,0.5281462,-0.5278389,-0.5212112,0.2456987,0.2456987,0
-0.6242522,-0.2071677,-0.3052486,-0.5416172,1.4723121,-0.6590174,0.6591148,-1.9593760,-1.2604558,0.4661175,-0.6434225,-0.3300283,0.3303816,-0.5204793,1.4723121,1.4723121,0
-0.1016171,0.6758292,0.5081189,0.7080802,-1.1111170,-0.1417354,0.1418190,-0.7445537,1.0844636,-0.5039512,-0.8479404,-0.1601935,0.1605436,-0.1495605,-1.1111170,-1.1111170,0
-0.5601311,-0.5311580,-0.5153720,0.3795185,0.8358843,-0.0630501,0.0631314,-0.3691224,0.8407290,-0.5677514,-0.2313373,-0.2650267,0.2653848,-0.3966584,0.8358843,0.8358843,0
-0.7802392,-0.5316336,-0.6030854,0.2745512,0.6096111,-0.4805847,0.4806758,1.4482177,-1.6284158,0.8075959,-0.8095239,0.0865032,-0.0861622,-0.5084500,0.6096111,0.6096111,0
0.1873130,-0.6398868,0.0909065,0.0569586,0.3692707,0.8316036,-0.8315394,-0.5623297,0.8810687,0.1305525,-0.5085282,0.4136367,-0.4133403,-0.2135647,0.3692707,0.3692707,0
0.8239435,-0.5645251,-0.5110601,0.6042286,0.1430896,0.2560425,-0.2559667,0.2663014,0.6197934,0.1211289,-0.8470338,-0.4025125,0.4028810,0.0378291,0.1430896,0.1430896,0
-0.7242836,-0.6350034,-0.7257787,1.1345354,-0.3652825,-1.0737662,1.0738723,0.6730076,-0.3787289,-0.4128371,-0.1981842,-0.3174335,0.3177857,1.0250844,-0.3652825,-0.3652825,0
1.0043708,0.1162307,0.0355060,0.5760685,-0.6642472,-0.9052963,0.9053979,-0.6833765,0.6258565,-0.6608001,-0.1684241,-0.3930908,0.3934587,-0.4666567,-0.6642472,-0.6642472,1
0.5039468,-0.8145994,-0.7708939,1.1399844,-0.0085431,0.2211601,-0.2210844,0.6381871,-0.1090889,-0.6434391,-0.8426800,-0.4107882,0.4111672,-0.5067724,-0.0085431,-0.0085431,0
-0.5929636,-0.0343032,-0.0536424,-0.3483426,-1.7096210,0.0807642,-0.0806843,-0.0769726,0.8885653,-0.7571720,-0.7205528,0.2850535,-0.2847375,-0.5095298,-1.7096210,-1.7096210,1
0.8160354,-0.4521581,-0.3434259,-0.4864225,1.4566609,0.5736283,-0.5735595,-0.0202986,0.6669512,-0.1187889,-0.4110818,-0.1940802,0.1944328,0.6125115,1.4566609,1.4566609,0
-0.2187691,0.1730232,-0.0177478,0.6988947,-1.6395601,-0.4084981,0.4085881,-0.8429379,0.7748431,-0.8579557,-0.1986045,-0.3148381,0.3152000,-0.5070224,-1.6395601,-1.6395601,0
0.8066009,-0.1305382,-0.2006255,1.4790251,-1.9532989,-0.3592816,0.3593704,-0.4155889,0.5984678,-0.5281272,-0.8396826,-0.2141771,0.2145313,-0.5025590,-1.9532989,-1.9532989,1
-0.2022089,-0.3682464,-0.4350075,-0.6808411,0.1893474,-0.6829625,0.6830595,-0.6436321,1.1400392,-0.2939172,1.5975889,0.1096754,-0.1093362,0.1172513,0.1893474,0.1893474,0
-3.0426380,0.8762139,0.7354042,1.2781348,0.3020187,-0.0355221,0.0330803,0.0084175,0.6816782,-0.5912415,-0.8990275,-0.2462323,0.2416819,-0.2532887,0.3020187,0.3020187,0
0.0019275,-0.3157370,-0.4241274,0.5504078,1.2927888,0.8498004,-0.8497387,-0.9214581,1.0322471,-0.2989779,-0.2349735,-0.3248572,0.3252296,-0.5077568,1.2927888,1.2927888,0
-0.3340205,-0.9027662,-0.8799752,0.5924139,0.8248885,-0.0237914,0.0238750,-0.1974890,0.9801038,1.7658598,-0.8102651,1.4912419,-1.4910180,0.3229683,0.8248885,0.8248885,0
-0.0904807,1.0302120,1.2542063,-0.7792974,-1.8819156,-0.1635294,0.1636132,-1.3268970,0.5360741,-0.3185650,2.1478758,-0.1829740,0.1833258,-0.4787375,-1.8819156,-1.8819156,1
-2.2821809,-0.6348489,-0.6253938,-0.7360937,1.0610091,-0.6511196,0.6487218,0.7618330,-0.1358291,0.0812872,-0.8118942,-0.1157002,0.1111398,-0.1857283,1.0610091,1.0610091,0
0.1029400,1.6080095,1.6671688,-0.7248065,-0.5936378,0.1796403,-0.1795613,-1.3727575,0.6628936,-0.7242582,3.7295296,-0.4978162,0.4982019,-0.5185955,-0.5936378,-0.5936378,1
-0.0982029,0.8997030,0.8488235,-1.1112712,-0.9239680,-0.2923720,0.2924593,-1.1118891,0.9273319,-1.0436031,-0.1141427,-0.4216006,0.4219609,0.2334623,-0.9239680,-0.9239680,1
-0.3780806,-0.6515114,-0.7324402,0.4763173,0.9530169,0.0281678,-0.0280865,0.6440966,0.1559547,-0.7488251,-0.7794400,-0.1858240,0.1861662,-0.5167685,0.9530169,0.9530169,0
-2.3037284,0.7851610,0.4553649,-1.3303053,0.1274080,-0.7261636,0.7283790,-0.4708478,-0.0148864,-1.0725078,-0.1721637,1.0453387,-1.0439739,0.3266147,0.1274080,0.1274080,0
-0.6456531,-0.6095006,-0.4256367,-0.2099608,0.4149717,0.2173331,-0.2172571,-2.0925270,-0.1416727,2.1163170,-0.0331922,0.7749507,-0.7746622,0.3996022,0.4149717,0.4149717,0
0.8131106,1.3616159,1.3721812,-1.1845210,-1.1092647,-0.2243111,0.2243981,-0.8180793,0.9459303,-1.0287143,0.1696326,-0.4190249,0.4193947,2.8056060,-1.1092647,-1.1092647,1
1.6083035,-1.4043948,-1.3349493,0.9513617,-0.3071169,-1.2394426,1.2416438,0.2225753,-0.4996317,-0.4262160,-0.3162322,1.0530170,-1.0516333,0.3242232,-0.3071169,-0.3071169,1
-0.6672601,-0.1267683,-0.3024583,0.2253216,-0.8175198,-0.4673635,0.4674561,1.0383734,-0.3583312,-0.0642253,-0.7277760,-0.4148331,0.4152026,0.3860757,-0.8175198,-0.8175198,0
0.8131106,-0.7524140,-0.8053620,1.6937655,0.7176746,-0.4650942,0.4651871,1.7737046,-1.6733219,-0.0158042,0.1835169,-0.1745415,0.1749025,-0.5154259,0.7176746,0.7176746,0
-0.6422748,-0.6387902,-0.5510278,0.6747758,-0.7138871,-0.4749630,0.4750554,0.3812931,0.1405525,2.6533046,0.3750679,0.1942941,-0.1939809,0.8421015,-0.7138871,-0.7138871,0
-0.5467555,-0.7321884,-0.8519095,1.0276667,0.7740452,-0.0273146,0.0273957,-0.1901881,0.3438043,-0.0636658,-0.0308829,0.6728304,-0.6725439,-0.1468830,0.7740452,0.7740452,0
0.6643385,-0.3940965,-0.2773419,0.3570908,1.1419224,-0.3561712,0.3562603,1.4271320,-1.2134909,0.7944581,1.1971062,-0.0608351,0.0611678,-0.5081227,1.1419224,1.1419224,0
0.7925221,-1.0845398,-0.8284846,-0.0447729,-0.2880710,0.3316911,-0.3316150,1.9816587,-1.9913370,1.2500536,-0.7882480,0.4200713,-0.4197655,-0.5167040,-0.2880710,-0.2880710,0
0.8182290,-0.2996748,-0.3643902,0.2210350,0.0611573,-0.6072945,0.6073891,0.7775520,-0.4127926,-0.0630541,-0.8413176,0.7625810,-0.7623015,1.1450450,0.0611573,0.0611573,0
0.0244341,-0.5299350,-0.5799436,0.5456712,1.4581787,0.3972357,-0.3971637,0.7334148,0.0010646,-0.2928269,-0.6422787,-0.1748647,0.1752159,-0.5060611,1.4581787,1.4581787,0
0.0086867,-0.8746594,-0.9014027,-0.4653588,0.5229951,2.3052775,-2.3052472,-0.8494181,-0.0017524,0.5552700,1.6709855,0.9614741,-0.9612097,-0.5047495,0.5229951,0.5229951,0
0.8131106,-0.6193137,-0.7764336,1.6200164,-1.1223261,-0.0820619,0.0821453,2.1087274,-2.1670903,-0.0459256,-0.8483075,-0.4063125,0.4066813,1.0917945,-1.1223261,-1.1223261,0
-0.6740093,0.5788693,0.5980345,-1.2382897,-0.4479887,-1.2150388,1.2151467,-0.0714845,0.5715979,-0.9061796,0.1590931,-0.3269629,0.3273257,1.9595867,-0.4479887,-0.4479887,1
0.4418584,-0.0246639,-0.0240439,0.8333552,-0.9357458,-1.1937999,1.1939070,-0.3887195,1.0982561,-0.9065470,-0.0327699,-0.0282119,0.0285519,1.6158678,-0.9357458,-0.9357458,1
2.5290450,-0.5830967,-0.7838319,0.0787319,1.6712909,1.4511338,-1.4488754,1.1094837,-1.2104111,0.3271268,-0.9315822,0.1088038,-0.1073577,-0.6502349,1.6712909,1.6712909,0
-0.0488381,-0.4349713,-0.5898951,0.3895545,0.2191862,0.5179071,-0.5178393,1.5023367,-1.3689697,0.9370383,-0.6435141,-0.1142115,0.1145483,-0.0005343,0.2191862,0.2191862,0
0.8198773,-0.4694491,-0.4531439,-0.0274810,-0.8005001,-1.0409165,1.0410210,0.8480998,-0.3582447,-0.1567027,-0.8231671,-0.0029830,0.0033211,0.9896434,-0.8005001,-0.8005001,0
0.5833042,-0.7187127,-0.7213677,1.0129321,0.1284910,0.4996375,-0.4974031,-0.2018996,0.5405607,0.8177392,0.0075622,0.2129709,-0.2115328,0.2522691,0.1284910,0.1284910,0
0.8160354,-0.1565391,-0.1685696,-0.2604555,-1.6840741,-0.3523613,0.3524506,-1.3245068,0.3612619,0.1058440,0.0931185,-0.4086924,0.4090516,-0.5066384,-1.6840741,-1.6840741,1
-0.6802155,-0.7555039,-0.4946458,0.2143264,0.6212997,0.4148324,-0.4147609,0.0333424,0.7421795,1.0514385,0.1591994,0.6574835,-0.6571860,1.5783600,0.6212997,0.6212997,0
-0.8395630,0.2654488,0.5998952,-1.4750924,-0.8312688,-1.1380366,1.1381448,1.3844590,-0.8906500,1.7416771,-0.1695561,-0.1448466,0.1452053,1.0231440,-0.8312688,-0.8312688,1
-0.6111442,-0.1388619,0.0326906,0.5807585,-0.5969686,-0.3860448,0.3861353,1.3727005,-0.9221894,-0.6966714,-0.2368881,-0.3352093,0.3355727,0.6917739,-0.5969686,-0.5969686,0
1.8294030,1.8704333,1.4301107,-0.0892997,-0.9593824,0.3401058,-0.3378707,-0.7018366,0.6097093,-0.5896237,-0.1542740,-0.3405273,0.3419979,-0.6411382,-0.9593824,-0.9593824,1
1.3939949,-0.2859270,-0.1065681,-0.5930416,-0.5106075,-0.4899258,0.4875181,0.0435123,0.5769493,0.0189717,-0.8635572,-0.1208419,0.1162721,0.4241169,-0.5106075,-0.5106075,0
-0.5429824,-0.9962990,-0.5693237,0.2641089,1.2956535,2.4341725,-2.4341442,0.0154346,0.0799680,2.5754632,-0.0297351,0.1430724,-0.1427357,-0.5177657,1.2956535,1.2956535,0
1.9669231,1.7584204,1.3677819,-0.6617155,-0.5288083,-0.3306877,0.3329055,-0.7398835,0.8738715,-0.4744331,2.1894295,-0.4923415,0.4938139,-0.6390483,-0.5288083,-0.5288083,1
2.2793443,0.1181064,0.0205525,0.6972063,-0.3572065,-2.3968606,2.3990316,0.6978574,-0.1719083,-0.2942290,-0.2712805,0.2724978,-0.2710446,0.1542849,-0.3572065,-0.3572065,1
-0.8550290,0.0763845,-0.2254765,1.3921593,-1.0177198,-0.0579071,0.0601396,-1.0601059,0.6640211,-1.2600426,0.2402031,0.0683553,-0.0669061,7.9054123,-1.0177198,-1.0177198,1
1.9079859,-0.8089017,-0.2977609,-0.3584844,-1.2767917,0.2259625,-0.2237308,-0.8229297,0.7995146,1.1003483,-0.9325577,-0.2653401,0.2668148,-0.6408702,-1.2767917,-1.2767917,1
-0.3276640,-0.9723565,-0.9792005,1.3327400,1.0357870,3.6403311,-3.6403291,0.6972697,0.0549939,3.8922244,-0.7332284,0.3163154,-0.3160017,0.0232666,1.0357870,1.0357870,0
-0.5344398,-0.4406609,-0.4264158,0.1310519,-0.1680045,-0.6472162,0.6473117,1.2893094,-1.0713024,2.0674460,-0.6451511,0.0359377,-0.0356026,-0.0729291,-0.1680045,-0.1680045,0
1.7704658,3.0230247,3.4310672,-0.6713608,-0.3786964,0.5098189,-0.5075780,-1.1115508,0.7024717,-0.0473698,0.2344997,-0.2684251,0.2698903,-0.6388318,-0.3786964,-0.3786964,1
0.8315765,1.3827387,1.3350762,-0.0487972,-1.7255048,-0.3346694,0.3347561,-0.5521053,0.7801113,-1.2142622,2.4105928,-0.2707071,0.2710656,-0.4354547,-1.7255048,-1.7255048,1
-0.5748519,-0.7150312,-0.6171166,-0.1193627,0.0999626,-1.8077394,1.8078617,0.0910688,0.5196575,-0.0742287,-0.8428601,-0.2160184,0.2163727,3.3532870,0.0999626,0.0999626,1
2.2057579,-0.7826969,-0.9152539,0.5631746,2.4783594,3.3594615,-3.3571548,0.3241007,0.4695296,-0.0948118,0.2069712,-0.0064108,0.0078657,-0.6404991,2.4783594,2.4783594,0
0.8117193,-0.6644829,-0.5292889,0.8771429,0.1747622,-2.2958559,2.2959864,-0.7832986,0.9380113,-0.7009232,-0.8442382,-0.2189565,0.2193111,4.9191598,0.1747622,0.1747622,1
-0.2854861,-0.2955478,-0.4328802,-0.7857718,1.5192091,-0.8461371,0.8462367,1.8183596,-1.7715288,-0.0973783,-0.7055295,-0.3835712,0.3839383,-0.5139183,1.5192091,1.5192091,0
-0.0705499,-0.1150379,-0.2520596,-0.1416916,-1.5132267,0.6502049,-0.6501364,-1.2679961,-0.0937865,-0.5572088,-0.8472061,0.0241753,-0.0238491,-0.5185723,-1.5132267,-1.5132267,0
-0.5230795,-0.2460298,-0.3405711,0.0954567,-0.0878583,-0.6695171,0.6696140,1.5273387,-1.5468948,1.4509015,0.3745097,-0.3836202,0.3839775,0.0088510,-0.0878583,-0.0878583,0
0.8044073,-0.5150090,-0.5693920,-0.1981319,1.0355343,1.8970057,-1.8969656,0.4782226,0.2058164,0.2730586,-0.8458683,-0.0653991,0.0657517,1.1912372,1.0355343,1.0355343,0
0.8315765,2.2717013,1.9985016,-0.5278249,-1.5769338,-0.2675864,0.2676722,-1.6095645,0.8676787,-1.1051586,-0.0335958,-0.3087072,0.3090686,-0.2867713,-1.5769338,-1.5769338,1
-0.3918208,-0.5289139,-0.6636557,0.8092165,0.5582512,0.6850862,-0.6850186,-1.3606944,-1.2061972,-0.2321224,-0.8469964,-0.2820092,0.2823686,-0.5201572,0.5582512,0.5582512,0
-0.4402069,0.4621137,0.3207722,-0.3064324,-0.9600938,-0.6493819,0.6494778,0.3719829,-1.7588838,0.7524459,-0.3252597,-0.3241324,0.3244852,-0.3063717,-0.9600938,-0.9600938,0
-0.1931234,0.5761293,0.4335034,0.2859385,-0.7741623,-0.0937115,0.0937944,0.8935741,-0.9711665,-0.6461186,-0.2001391,-0.3169536,0.3173156,0.3262359,-0.7741623,-0.7741623,0
-0.6867072,-0.4555355,-0.2846071,0.6624166,-0.1099295,-0.3040712,0.3041605,-0.2081893,0.8707884,-0.2030374,0.4755156,-0.3815830,0.3819598,0.3433907,-0.1099295,-0.1099295,0
0.7991029,-0.9677503,-1.0021511,1.4899215,-1.1848803,-0.7264724,0.7265694,-0.5168274,0.6721595,-0.8348431,2.4112494,0.8721642,-0.8718832,-0.5160366,-1.1848803,-1.1848803,1
0.8249957,0.4773066,0.5743953,-0.8289233,0.6595743,0.4221868,-0.4221156,-0.3098037,0.4855238,-0.4388483,1.3563722,-0.3871166,0.3874644,-0.5060663,0.6595743,0.6595743,1
-0.0673477,-0.2636719,-0.4311842,-1.2218582,1.3122806,0.6271245,-0.6270561,-0.8163216,0.6252678,0.5368221,-0.8022456,-0.3569222,0.3572775,0.5812941,1.3122806,1.3122806,1
0.5440734,0.9584052,0.9101864,-1.2185039,-0.5680106,-0.5415729,0.5416666,-0.5531137,1.0709804,-1.0001871,1.3738337,-0.4500125,0.4503847,-0.5089242,-0.5680106,-0.5680106,1
0.8249957,-0.2501293,-0.1114912,0.0673360,-0.5617296,-1.2552036,1.2553118,0.5458204,0.1186082,0.1428596,1.7492773,1.3245314,-1.3242947,2.2242029,-0.5617296,-0.5617296,0
-0.5607371,-0.5948179,-0.7106566,0.6478230,-0.6077808,-0.5576143,0.5577076,0.9589744,-0.4907682,0.4315186,-0.3133155,0.0979130,-0.0975827,2.8560605,-0.6077808,-0.6077808,0
-2.2501586,-1.5154741,-1.4560910,1.2891738,2.5303407,0.7961066,-0.7938569,2.0127496,-3.2589205,1.8468559,-0.9339869,0.1459909,-0.1445575,-0.6331341,2.5303407,2.5303407,0
-0.5584467,-0.9109502,-0.4865138,-0.3283226,1.3767541,0.2626086,-0.2625345,1.3227501,-1.6203571,2.0736762,0.0251684,-0.1051620,0.1054981,-0.5039815,1.3767541,1.3767541,0
0.7917909,-0.4118273,-0.5203215,1.0737591,-0.4933255,-0.1123928,0.1124774,0.4764186,0.4166879,-0.2928993,1.2532973,-0.3994862,0.3998447,-0.4438582,-0.4933255,-0.4933255,0
-0.6856829,4.7867290,5.3210570,-0.2038700,-0.4228744,-0.1510270,0.1511107,-1.8517279,0.6177979,-1.2256559,2.8555083,-0.2876308,0.2879906,-0.5065611,-0.4228744,-0.4228744,1
-0.5478969,1.8807185,1.6614229,0.0726891,-1.6867656,0.1579052,-0.1578280,-1.2647328,0.4140039,-0.9109976,4.0403835,-0.2979927,0.2983533,-0.4875972,-1.6867656,-1.6867656,1
-0.0855206,-0.5040742,-0.5846261,0.8181876,-0.5485901,-0.7657869,0.7658866,0.8466031,-0.4042384,-0.5957360,-0.2347284,-0.0222377,0.0225772,0.0619675,-0.5485901,-0.5485901,1
-1.7585264,-0.6240677,-0.2704525,0.8011820,1.7952219,0.2487003,-0.2464669,0.9551558,-0.2981492,-0.1274997,-0.4024835,-0.3190886,0.3205674,-0.6252641,1.7952219,1.7952219,0
1.6475949,-0.7873650,-0.8583324,0.5514107,0.2478157,-0.4195619,0.4217813,-0.1165676,0.9434558,-0.7182707,-0.9084951,-0.1939627,0.1954319,-0.2197030,0.2478157,0.2478157,1
-0.7216186,0.7305471,1.2792027,-3.5293890,0.3573368,-0.1030354,0.1031193,0.8289189,0.0199490,-0.5108353,-0.0369485,-0.3470598,0.3474241,0.3194069,0.3573368,0.3573368,1
0.5254344,1.9760993,2.5805176,-0.6968819,0.2189826,0.3939518,-0.3917126,-1.3027650,0.9426077,-0.4004745,1.4437044,-0.1286770,0.1301412,-0.6248002,0.2189826,0.2189826,1
-0.4470172,-0.8994954,-0.8949228,1.4118209,0.3571822,0.2186920,-0.2186140,-0.7766743,0.7443214,-0.4289460,-0.1679122,0.2868164,-0.2865005,0.0611378,0.3571822,0.3571822,0
-0.4847108,1.5538920,2.0972559,-1.2494936,-1.4627900,0.0111668,-0.0110870,-1.3063725,0.6131150,-1.0408107,5.0181206,-0.3071793,0.3075406,-0.4784128,-1.4627900,-1.4627900,1
-0.1304825,-0.9629442,-1.0102755,0.6243896,0.9607942,0.3798883,-0.3798155,-0.5703772,0.4097035,0.4905176,-0.7370979,0.5260503,-0.5257428,-0.4378255,0.9607942,0.9607942,0
0.8044073,-0.3947833,-0.3134521,-0.0088096,-0.6524442,0.0540383,-0.0539582,-0.7312823,0.6275228,-0.3221124,-0.8341161,-0.3093242,0.3096954,-0.5019792,-0.6524442,-0.6524442,0
