0,1,2,3,4,5,6,7,8,9,10,11,12,13,14,15,y_train
3.4472938,2.9088936,-3.0233805,2.0421916,1.4846154,0.3930794,0.0560861,-0.1098941,0.3236135,-0.3276153,-0.5032934,2.0421916,-0.0766808,2.0421916,-0.0766808,1.5442559,1
1.4063797,1.0335753,-1.6803392,0.3342649,1.7663646,-1.1172277,0.9224616,-0.8685607,0.2612753,-0.2641166,-0.5033628,0.3342649,-0.4207571,0.3342649,-0.4207571,0.4998168,1
-0.0518761,-0.2095084,1.2499395,-0.1683433,-0.8051438,0.0078800,0.8038833,-0.3751430,0.3220340,-0.3260062,0.9270181,-0.1683433,-0.9236433,-0.1683433,-0.9236433,0.3669574,0
2.0595294,1.7266322,-1.5756675,0.6098220,-0.8051438,-1.1721652,0.9450490,-1.0481535,0.3573014,-0.3619364,-0.5033086,0.6098220,0.3652963,0.6098220,0.3652963,0.8857009,1
0.4214542,1.1493817,-2.8557709,0.3805755,2.7580285,0.5742118,-0.0298050,-0.5016009,0.3283961,-0.3324875,-0.5033580,0.3805755,0.5616588,0.3805755,0.5616588,2.7158908,1
-0.6933698,-0.6953143,-0.2438547,-0.6785364,0.2650000,-0.1211690,-0.9042897,1.9865340,-1.9390602,1.9679469,-0.5033620,-0.6785364,1.3178139,-0.6785364,1.3178139,-0.1522673,0
1.0811561,0.9859266,1.0978681,0.5744455,1.6132219,0.4944413,0.4119827,-0.8565883,0.3572523,-0.3618863,-0.5031928,0.5744455,-1.1024268,0.5744455,-1.1024268,0.4242916,0
-0.7979695,-0.8567099,1.5102147,-0.4772763,-0.8051438,-0.5032480,0.7023472,0.1817507,0.2989998,-0.3025417,0.5685232,-0.4772763,0.0049587,-0.4772763,0.0049587,-0.1124332,1
-0.3941123,-0.3137821,-0.0111494,-0.4826678,0.2650000,-0.7247701,0.6237846,-0.3088805,0.3145714,-0.3184040,-0.4961403,-0.4826678,-0.6671947,-0.4826678,-0.6671947,-0.5432573,0
-0.3493864,-0.4428497,-0.1215127,-0.5954113,0.2650000,0.1528843,0.5315133,0.8190152,-0.3719956,0.3801272,-0.5032365,-0.5954113,0.4641602,-0.5954113,0.4641602,-0.6754319,0
-0.9858440,-0.7764764,0.6829149,-0.6428303,-0.8051438,0.0348583,0.1038809,-0.6161727,0.0740549,-0.0734974,-0.4997133,-0.6428303,0.0350419,-0.6428303,0.0350419,-0.7194797,0
-0.5869937,-0.5725885,0.6926338,-0.4391050,0.2650000,0.6582438,-1.5150975,0.4992642,0.1880858,-0.1895830,-0.5031710,-0.4391050,0.9720639,-0.4391050,0.9720639,0.3817944,0
-0.4576333,-0.5985578,0.7811912,-0.5680806,-0.8051438,1.7517348,-1.8128850,-0.4331131,0.2056888,-0.2075074,-0.5033219,-0.5680806,1.4165974,-0.5680806,1.4165974,-0.7974509,0
-0.8456968,-0.6719077,-0.6807198,-0.6002591,0.2650000,-1.8686079,0.0677160,0.5663781,-0.0012316,0.0031191,0.0764764,-0.6002591,1.3327588,-0.6002591,1.3327588,-0.8022586,0
2.2258202,1.8309957,-0.0061640,2.0454779,0.8814527,-0.2934024,0.8396137,-1.1132586,0.3573014,-0.3619364,-0.5033535,2.0454779,0.2358667,2.0454779,0.2358667,1.6055237,0
-0.6157927,-0.4404944,0.6151828,-0.4569197,-0.8051438,1.3412750,-1.1462537,-0.1303957,0.1030991,-0.1030604,-0.4990819,-0.4569197,1.2050714,-0.4569197,1.2050714,-0.4844781,0
1.9116254,1.5772723,0.3609347,1.3675359,0.2650000,-0.3235595,0.7592805,-1.0526893,0.3572389,-0.3618726,-0.5033647,1.3675359,-0.9442383,1.3675359,-0.9442383,0.9463468,0
-0.6593984,-0.8121537,0.7722901,-0.6559820,-0.8051438,1.0622943,-0.7477075,1.1497735,0.3309501,-0.3350894,-0.5030791,-0.6559820,-1.2500012,-0.6559820,-1.2500012,-1.0274656,1
-0.4474763,-0.6059251,-0.0850065,-0.4368488,0.2650000,-1.3229836,0.0163325,-0.3319231,0.3517894,-0.3563205,-0.5018605,-0.4368488,1.1187919,-0.4368488,1.1187919,-0.0476302,0
-0.0941181,-0.2628235,0.8566205,-0.2741313,-0.8051438,0.2855826,-2.5148185,0.5689468,0.2658157,-0.2687410,-0.5033486,-0.2741313,-0.3539720,-0.2741313,-0.3539720,0.1350298,0
-0.9225168,-1.0475217,1.2625920,-0.7109437,-0.8051438,-1.0678765,-0.5202105,0.6612495,-2.0393305,2.0692344,1.5597674,-0.7109437,1.1864693,-0.7109437,1.1864693,-1.1038890,0
-0.5225853,-0.5248204,0.2558803,-0.6051785,-0.8051438,-1.2460937,-2.3784847,-0.1577454,0.0576292,-0.0567798,0.3449129,-0.6051785,0.5062410,-0.6051785,0.5062410,-0.8251448,0
-0.0581274,-0.0238904,0.0249945,-0.3678271,1.0242792,-0.6353467,0.9058463,-0.8018378,0.3103468,-0.3141004,-0.5033608,-0.3678271,-0.6701270,-0.3678271,-0.6701270,-0.4614327,1
1.0957563,0.7628496,-1.1029293,-0.2052382,0.8814527,-0.4682350,1.0098755,-0.4194438,0.3220340,-0.3260062,-0.0712755,-0.2052382,0.0027176,-0.2052382,0.0027176,-0.0838345,0
0.4238364,0.2030098,-0.9421803,-0.4735290,1.0242792,-0.8572569,0.6489950,-0.5095260,-0.3552762,0.3631372,-0.5033506,-0.4735290,1.0293803,-0.4735290,1.0293803,-0.6111859,0
0.1242812,-0.0026428,0.3651472,0.0240019,0.2650000,0.3714550,0.4530655,-1.2010942,0.3365590,-0.3408036,1.2049096,0.0240019,-0.8594254,0.0240019,-0.8594254,-0.5439159,0
-0.5591381,-0.7292514,1.2648318,-0.5171227,-0.8051438,1.4634054,-1.1260338,-0.2786281,-0.0127116,0.0148002,-0.4536633,-0.5171227,-0.4819195,-0.5171227,-0.4819195,-0.7577022,0
-0.2289956,0.3209986,-1.0463714,-0.1102954,0.2650000,-0.9104330,1.0617893,-0.5362673,0.2314501,-0.2337413,-0.2106514,-0.1102954,0.3948087,-0.1102954,0.3948087,0.9842783,1
-0.9855880,-1.0746227,0.5096859,-0.6897907,-0.8051438,0.7567901,-1.0714196,1.8002819,0.3573014,-0.3619364,2.4048117,-0.6897907,1.0864375,-0.6897907,1.0864375,-1.0408009,0
-0.4936715,-0.5942606,0.1593604,-0.6194348,-0.8051438,-0.1009958,0.8408349,0.6447922,0.1980112,-0.1996895,-0.4973899,-0.6194348,-0.3058038,-0.6194348,-0.3058038,-0.8938461,0
1.7242877,2.6586083,-4.0688292,1.6180985,2.3514900,0.9064151,-0.0701614,-0.5206903,0.3564841,-0.3611036,-0.5033579,1.6180985,0.1590645,1.6180985,0.1590645,3.2750891,1
-0.2780388,-0.4257732,-0.3986872,-0.4516958,1.0242792,-0.3033121,0.6993580,0.2446238,0.2730602,-0.2761198,-0.2385366,-0.4516958,1.6559954,-0.4516958,1.6559954,-0.1002341,1
-0.5624673,-0.5220048,0.1263137,-0.6035841,-0.8051438,0.4398239,-0.0105354,0.6974142,-1.1129645,1.1320468,-0.5032790,-0.6035841,1.5323113,-0.6035841,1.5323113,-0.8269333,0
2.1702434,1.7375612,-2.4505746,1.5863598,-0.8051438,-0.9889032,1.0529407,-0.7553264,0.3571264,-0.3617581,-0.5033467,1.5863598,0.2733537,1.5863598,0.2733537,0.8850331,1
-0.4125945,-0.5944175,0.8381191,-0.4812117,0.2650000,-0.6213845,0.4725124,-0.5940707,0.3573014,-0.3619364,-0.1671285,-0.4812117,0.2905893,-0.4812117,0.2905893,-0.2090446,0
0.3899435,0.3650657,-1.0409783,0.1746292,1.1092364,-1.3990097,0.6289705,-0.5406197,0.1243222,-0.1246645,-0.5033321,0.1746292,0.2167771,0.1746292,0.2167771,1.1909463,0
-0.3212233,-0.4968148,-0.2335551,-0.5455727,0.2650000,-0.2227157,0.7290207,-0.3678668,0.0891660,-0.0888780,-0.5032402,-0.5455727,0.9091986,-0.5455727,0.9091986,-0.6226214,0
-0.0842653,-0.2537423,0.1617349,-0.4635022,-0.8051438,-0.2285928,0.5971767,-0.4583238,0.2553663,-0.2580983,0.1228518,-0.4635022,0.4394183,-0.4635022,0.4394183,-0.2018953,0
0.4125540,0.3647784,-0.8570355,0.7579492,1.0242792,-0.3935994,-0.1084058,-0.7064198,0.3502434,-0.3547454,-0.5033314,0.7579492,-0.0971246,0.7579492,-0.0971246,1.2112679,0
-0.6875439,-0.7718503,1.3454269,-0.4113575,-0.8051438,0.6396477,-1.1839167,-0.4979599,0.3528159,-0.3573662,4.6319863,-0.4113575,-0.0089710,-0.4113575,-0.0089710,0.1365397,1
1.2259622,1.8143161,-1.7321043,0.6209805,1.0242792,-0.9105101,1.0660992,-0.7282614,0.3266600,-0.3307189,-0.5033519,0.6209805,-1.9296427,0.6209805,-1.9296427,0.7628991,0
0.0499835,-0.0364126,-0.0988980,-0.3106820,0.2650000,0.0535937,-0.1676581,-0.2265068,0.1492304,-0.1500221,-0.5033607,-0.3106820,0.6720424,-0.3106820,0.6720424,-0.4867889,0
-0.3186448,-0.2015726,0.1627335,-0.4167687,0.2650000,-1.8018111,1.0095918,-0.3857393,-0.5388970,0.5496730,-0.4885894,-0.4167687,-0.1796388,-0.4167687,-0.1796388,-0.5482267,0
-0.3843857,-0.5088926,-0.4720338,-0.5274533,-0.8051438,0.0300255,0.6799702,-0.7276491,0.1200484,-0.1203139,-0.1515332,-0.5274533,-0.1055038,-0.5274533,-0.1055038,-0.9188710,0
1.6566188,1.2581528,-3.1206997,0.1351784,0.1095677,-0.5551616,1.0160812,-0.4891992,0.3566350,-0.3612574,0.1332859,0.1351784,0.2371580,0.1351784,0.2371580,0.4761476,1
-0.6886415,-0.8112995,-0.2296691,-0.6135003,-2.6345668,-0.5355309,0.4949566,1.9493878,0.2023466,-0.2041041,-0.5033212,-0.6135003,1.6525284,-0.6135003,1.6525284,-0.6286777,0
0.7234172,0.7647520,-0.6881181,-0.1462064,1.0242792,0.5383661,0.2234394,-0.8338070,0.2923151,-0.2957325,1.3627558,-0.1462064,0.1157444,-0.1462064,0.1157444,0.1112274,0
0.2377078,0.2092330,-0.0438865,0.0436792,-0.8051438,-0.7024275,0.7263576,-0.5935869,0.3402756,-0.3445901,0.6293787,0.0436792,-0.2018171,0.0436792,-0.2018171,0.5554482,1
-0.2047463,-0.1655266,0.6509844,-0.2686973,1.0242792,-1.9177687,0.7683639,-0.0316694,0.1787137,-0.1800402,-0.4665309,-0.2686973,-0.7768142,-0.2686973,-0.7768142,-0.4319487,0
-0.0283528,-0.2566364,-0.3707857,-0.6373979,0.2650000,-0.2166225,-2.9769689,1.4744412,0.2730602,-0.2761198,-0.5033363,-0.6373979,0.1293020,-0.6373979,0.1293020,-0.9653443,0
-0.0986959,-0.0892823,-1.2431186,-0.4860974,1.0242792,-1.2046334,0.0043019,-0.5599904,-0.6609233,0.6735673,-0.5033518,-0.4860974,-1.3702882,-0.4860974,-1.3702882,-0.5905513,1
1.1497277,1.6579699,-0.6790879,1.1104661,1.2315223,-0.6926823,1.0290921,-0.8400784,0.3550943,-0.3596876,-0.5014635,1.1104661,-2.0799803,1.1104661,-2.0799803,0.8570171,1
-0.7078230,-0.7069691,0.7690255,-0.5328645,-0.8051438,1.5334991,-1.2837039,0.5388908,0.3471378,-0.3515813,0.9664186,-0.5328645,0.3658120,-0.5328645,0.3658120,-0.5114925,0
0.0526054,-0.0944080,-0.8336922,-0.0945536,0.2650000,0.0338346,0.1537748,-0.2962926,0.0150119,-0.0134095,-0.3988359,-0.0945536,0.2369522,-0.0945536,0.2369522,1.1256499,1
0.1163787,-0.0817693,-0.2079838,-0.2209800,1.0242792,0.5837001,-0.8043221,-0.8709550,0.3472790,-0.3517251,2.1358611,-0.2209800,-0.5720647,-0.2209800,-0.5720647,-0.5040675,0
-0.3780173,-0.4911199,0.1962902,-0.5490628,0.2650000,1.9187218,-2.1816639,-0.5699203,-0.0506661,0.0534157,-0.5032197,-0.5490628,0.2218627,-0.5490628,0.2218627,-0.6501118,0
-0.0541110,-0.2078925,0.9793227,-0.3813496,-0.8051438,0.3424576,0.2441618,-0.1593610,0.3380349,-0.3423072,0.5214290,-0.3813496,-0.6674387,-0.3813496,-0.6674387,-0.6591430,0
-0.7827814,-0.8023415,0.4987134,-0.5358843,-0.8051438,-0.1703674,0.9217005,0.6403109,-0.0127116,0.0148002,-0.5029209,-0.5358843,1.0679788,-0.5358843,1.0679788,-0.1263904,0
2.2573247,2.0854431,0.2320638,2.4874633,0.6446396,-0.9517096,1.0973744,-1.0211980,0.3543578,-0.3589372,-0.5033638,2.4874633,-0.5954891,2.4874633,-0.5954891,2.9672394,0
-0.4007187,-0.4542733,0.1222098,-0.5274533,-0.8051438,-0.0004638,0.7248661,-0.6147607,0.1776582,-0.1789655,-0.2020782,-0.5274533,-0.0218148,-0.5274533,-0.0218148,-0.8432358,0
-1.1190121,-1.0678287,0.4550466,-0.7657000,-0.8051438,-0.1266506,0.5719216,4.0968094,0.2902921,-0.2936718,-0.5014656,-0.7657000,-0.5512509,-0.7657000,-0.5512509,-1.4329085,0
-0.0803899,-0.2805697,-1.1258479,-0.7210283,-0.8051438,-0.5074719,0.6336104,-0.4276564,0.3362435,-0.3404822,0.0610013,-0.7210283,-2.0371515,-0.7210283,-2.0371515,-1.4292466,0
-0.8016053,-0.9075864,0.9843978,-0.6263679,-0.8051438,-0.9880771,0.8916446,0.2837244,0.3341902,-0.3383903,-0.4480823,-0.6263679,-1.4604763,-0.6263679,-1.4604763,-0.8169963,0
0.0222513,0.0073716,-0.2441372,-0.1309565,-0.8051438,0.4541793,0.4423090,-0.5040862,-0.0077250,0.0097263,1.0783885,-0.1309565,-0.4620142,-0.1309565,-0.4620142,-0.3168424,1
-1.1035680,-0.8351772,0.0160222,-0.6895416,-0.8051438,-2.9493712,-0.9390538,1.1833924,0.3220340,-0.3260062,-0.5024894,-0.6895416,0.3122421,-0.6895416,0.3122421,-0.7546960,0
0.7809096,0.8037216,0.1887378,0.8443511,1.0242792,-1.2452285,1.0189141,-0.8692384,0.3553171,-0.3599146,-0.5025571,0.8443511,-2.0488072,0.8443511,-2.0488072,3.8218245,1
-0.6433427,-0.7805206,0.7521683,-0.5613966,-0.8051438,-0.2175249,0.7840194,-0.3894080,0.3439865,-0.3483706,-0.5025704,-0.5613966,0.6205396,-0.5613966,0.6205396,-0.5999886,1
-0.1648760,-0.2100607,0.1356956,-0.2925482,0.2650000,1.3958489,-1.1565885,-0.0839410,0.3523422,-0.3568837,-0.5032494,-0.2925482,1.0021245,-0.2925482,1.0021245,0.7636739,0
0.1829184,0.0212555,0.0903930,-0.1363678,0.2650000,1.1259902,-0.5171026,0.2254796,0.3201149,-0.3240512,-0.3823059,-0.1363678,-0.3450753,-0.1363678,-0.3450753,-0.1148525,0
-0.2082800,-0.2139351,1.0541339,-0.3095276,0.2650000,-0.6377720,0.5357645,-0.9191066,0.3094852,-0.3132227,-0.4724451,-0.3095276,-0.5278083,-0.3095276,-0.5278083,-0.2983389,0
0.1478506,0.0048681,0.1828554,-0.3089798,-0.8051438,-0.6748566,1.2052099,-0.7213859,0.2466930,-0.2492649,-0.5033553,-0.3089798,-0.2854110,-0.3089798,-0.2854110,0.1976920,1
-1.1153886,-1.1789292,1.2614619,-0.7871628,-2.6345668,2.4548933,-3.0858560,1.6171924,-0.7774431,0.7918193,-0.5033543,-0.7871628,0.8125310,-0.7871628,0.8125310,-1.4483195,0
-0.5752296,-0.7601731,-0.5859743,-0.7576772,-0.8051438,-0.2390507,-0.6745434,2.6647441,-12.8622012,12.7800612,0.8925985,-0.7576772,2.2847243,-0.7576772,2.2847243,-1.2953682,1
-0.9449503,-0.8640290,0.1870494,-0.6421031,0.2650000,-0.3442049,0.7677291,0.1518614,-0.4428862,0.4521536,-0.5031420,-0.6421031,1.2555906,-0.6421031,1.2555906,-0.6268521,0
0.0162264,-0.1350058,-2.6046769,-0.4713731,0.2650000,0.2387620,0.5044425,1.3418517,0.1134782,-0.1136257,1.0990104,-0.4713731,1.9006277,-0.4713731,1.9006277,-0.3611511,1
-0.7888705,-0.7511878,0.1523844,-0.6566533,1.0242792,-0.8368967,0.7193797,1.4090641,0.3573014,-0.3619364,-0.5029469,-0.6566533,0.0295659,-0.6566533,0.0295659,-0.5996197,0
-0.5325882,-0.6111946,-0.0740476,-0.4069301,-0.8051438,1.6803848,-1.8289582,0.4880877,0.1897352,-0.1912624,0.4634306,-0.4069301,1.3202049,-0.4069301,1.3202049,-0.0106384,0
0.3593592,0.0968945,0.0645012,-0.4224581,-0.8051438,1.1183870,-0.8260294,2.1397231,-0.1733381,0.1781875,-0.5032519,-0.4224581,1.6223464,-0.4224581,1.6223464,-0.5684368,0
-0.4082537,-0.4810529,-0.5364967,-0.6967040,1.0242792,1.0311598,-0.4202108,0.3328930,0.3139499,-0.3177708,-0.4987443,-0.6967040,0.0850744,-0.6967040,0.0850744,-1.3908396,0
1.6320657,1.4126976,-2.4784836,1.6355695,1.9785806,-0.7420863,0.9780809,-0.7950319,0.3572258,-0.3618593,-0.4977369,1.6355695,-0.0597986,1.6355695,-0.0597986,2.9625314,1
-0.1253614,-0.2241471,0.9821131,0.3850796,-0.8051438,1.7182105,-1.6175959,0.6795969,0.3567839,-0.3614091,0.1284311,0.3850796,-1.3210147,0.3850796,-1.3210147,0.0440022,0
1.0319657,0.9613771,-1.7155900,0.4472139,-0.8051438,-1.0526645,0.5728034,-0.4783833,0.3565126,-0.3611327,-0.5032352,0.4472139,-1.9060884,0.4472139,-1.9060884,0.4208666,1
0.5593233,0.6626809,-0.8784871,0.6379324,-0.8051438,-1.0987410,0.7058841,0.1010378,0.3385328,-0.3428144,1.1746946,0.6379324,-0.5494477,0.6379324,-0.5494477,0.7595412,1
-1.1714848,-1.2533293,0.6329102,-0.6631375,0.2650000,1.1846564,-1.9108139,0.9057733,-1.5210496,1.5452923,-0.5025193,-0.6631375,2.0175964,-0.6631375,2.0175964,-0.5907715,0
-0.7483404,-0.8019854,0.0497670,-0.6117464,-0.8051438,0.4252718,-0.5441722,1.6575257,0.2937729,-0.2972174,-0.5032364,-0.6117464,1.9262204,-0.6117464,1.9262204,-0.6797091,0
1.3786227,1.8366172,-2.2176338,1.6208587,0.8814527,-1.4442610,0.1586903,-0.3405391,0.3426377,-0.3469965,-0.5033390,1.6208587,-1.0798596,1.6208587,-1.0798596,1.3961653,0
0.1502536,-0.0255058,0.6900360,-0.3180778,-0.8051438,-0.2791464,0.7698930,-0.9530417,0.3498567,-0.3543514,-0.5032900,-0.3180778,0.9527359,-0.3180778,0.9527359,-0.4897193,0
0.6737484,0.5981839,-1.0617232,-0.0955374,0.2650000,-0.2766315,0.5140461,-0.5027262,0.0470784,-0.0460419,1.0384272,-0.0955374,-0.3402018,-0.0955374,-0.3402018,-0.3212847,0
-0.9317077,-0.7281848,1.3597048,-0.6392047,-0.8051438,1.0853293,-1.2842550,0.2654418,-0.9667218,0.9838042,-0.5029518,-0.6392047,1.4283266,-0.6392047,1.4283266,-0.6686142,0
-0.5389895,-0.6737798,1.6747221,-0.4270993,-0.8051438,1.3440207,-1.3126796,0.2180102,0.3037800,-0.3074110,-0.2332112,-0.4270993,-1.0036890,-0.4270993,-1.0036890,-0.8673441,0
-0.0588733,-0.1109964,0.8068438,-0.2289921,0.2650000,0.3935834,0.4013216,-0.5660495,0.2713320,-0.2743595,-0.4926690,-0.2289921,0.7927545,-0.2289921,0.7927545,-0.1081085,0
-0.0388567,0.2030022,-0.2398262,-0.0679842,1.0242792,0.4748070,0.0127999,-0.3155371,0.3209009,-0.3248519,-0.5032520,-0.0679842,-0.0929421,-0.0679842,-0.0929421,0.0556723,1
-0.7486751,-0.7552905,0.8353685,-0.5002754,0.2650000,0.5237226,-0.0549514,0.2682661,-1.1257563,1.1450098,-0.5033486,-0.5002754,1.0716674,-0.5002754,1.0716674,-0.3589219,1
0.1720240,-0.0320373,-0.0473046,0.0185907,0.2650000,0.6592751,0.0892195,-0.4537965,0.3016498,-0.3052411,0.7244662,0.0185907,-0.1934081,0.0185907,-0.1934081,-0.0026727,1
0.2875641,0.1660048,0.3363416,0.0338405,-0.8051438,1.3384280,-2.0175790,-0.6337943,0.0180567,-0.0165079,-0.1765487,0.0338405,-0.8850049,0.0338405,-0.8850049,-0.1829484,0
-0.4406923,-0.4494281,0.2790917,-0.4418572,-0.8051438,-0.0066274,0.8123292,0.5982363,0.3309501,-0.3350894,1.4351437,-0.4418572,0.6741746,-0.4418572,0.6741746,-0.1990481,0
-0.7562436,-0.4982706,0.5024694,-0.3798738,0.8814527,-0.3498326,0.0875753,-0.6924046,0.3376571,-0.3419224,-0.4983451,-0.3798738,-0.4825419,-0.3798738,-0.4825419,-0.6955334,0
-1.0143749,-1.0978412,0.6221966,-0.7737880,0.2650000,0.2728973,-0.7089489,1.0682401,-1.0796518,1.0982856,0.5084982,-0.7737880,-1.5242096,-0.7737880,-1.5242096,-1.4588997,1
1.2440202,1.2345902,-1.7914883,0.2089607,0.8814527,-0.8324079,1.0719851,-0.6462546,0.2424788,-0.2449730,-0.5033477,0.2089607,-0.6582775,0.2089607,-0.6582775,0.6404755,1
0.2776089,0.3298321,-0.9578297,-0.3004933,0.2650000,-0.0183219,0.6322711,-0.3481926,0.2813324,-0.2845456,-0.5027131,-0.3004933,-0.2752857,-0.3004933,-0.2752857,-0.0289378,0
-0.0870522,0.0892333,-1.7284678,-0.2730417,0.2650000,0.3409869,0.5546598,-0.8660335,0.2056888,-0.2075074,-0.5033064,-0.2730417,-0.3882526,-0.2730417,-0.3882526,0.3558956,1
1.2512162,0.9769034,1.1110949,0.5899043,1.4846154,0.4411950,0.4022968,-1.0646200,0.3431270,-0.3474950,-0.5033414,0.5899043,0.1682123,0.5899043,0.1682123,0.6186872,0
0.8546559,1.6405403,-0.8246973,2.1324931,2.5012729,-1.1731407,0.7936448,-0.9548111,0.3392228,-0.3435175,-0.5033511,2.1324931,0.5431838,2.1324931,0.5431838,2.9078192,0
-0.8128511,-0.6381261,-0.4831758,-0.7413898,-0.8051438,-1.2351613,0.5074849,-0.1489531,0.1733411,-0.1745699,-0.5030553,-0.7413898,0.0690671,-0.7413898,0.0690671,-1.4420737,0
-1.0918840,-1.0378165,0.9261847,-0.7705904,0.2650000,0.4084156,0.2695625,3.6717064,0.2969893,-0.3004937,-0.4910726,-0.7705904,-1.7550405,-0.7705904,-1.7550405,-1.4657047,0
-1.3321623,-1.3994393,1.5900281,-0.7897758,-0.8051438,-0.1532372,0.3300805,0.8000075,0.1030991,-0.1030604,-0.3820948,-0.7897758,-1.6446440,-0.7897758,-1.6446440,-1.4561793,1
-0.5342466,-0.6261184,0.9564267,-0.5409265,-0.8051438,1.1121623,-0.5891888,0.0856352,0.1245801,-0.1249271,-0.5026668,-0.5409265,-0.0651833,-0.5409265,-0.0651833,0.1088551,0
-0.7674820,-0.6927750,0.6519141,-0.6082244,-0.8051438,0.5363061,-0.4190655,0.0035164,-0.2654808,0.2718707,-0.5019553,-0.6082244,-0.2136972,-0.6082244,-0.2136972,-0.5677831,0
0.0690183,-0.0744076,-0.4052428,-0.3235446,1.0242792,0.2353569,0.2932394,-0.4149922,0.0891660,-0.0888780,-0.5023390,-0.3235446,1.2477245,-0.3235446,1.2477245,-0.3591176,0
0.2301825,0.3207677,0.0386708,-0.0458524,-0.8051438,0.0722654,-0.0840138,-0.9089608,0.3066475,-0.3103320,-0.5024101,-0.0458524,-0.7820615,-0.0458524,-0.7820615,0.0232311,1
2.7019384,2.6705073,-1.2641643,2.8609103,1.4846154,0.1224785,0.6083825,-0.8486452,0.3071275,-0.3108210,-0.5033552,2.8609103,0.5059942,2.8609103,0.5059942,1.4614592,1
-0.2267151,0.9023491,-0.7466708,-0.2750924,-0.8051438,0.0303287,0.6658380,-0.2233251,0.1946390,-0.1962558,-0.5025122,-0.2750924,0.6286960,-0.2750924,0.6286960,-0.1911634,1
-1.1693932,-1.1572431,0.4980678,-0.7626519,0.2650000,-0.9286291,0.9976258,0.2497831,0.1492304,-0.1500221,-0.4626190,-0.7626519,-0.8142405,-0.7626519,-0.8142405,-1.4378577,0
-1.1011851,-1.2145125,0.9625947,-0.7737880,-0.8051438,0.3765739,0.1552309,6.5345643,0.3573014,-0.3619364,-0.4884974,-0.7737880,-1.6415039,-0.7737880,-1.6415039,-1.4511827,0
1.9643366,1.9226161,0.4138848,3.1015578,2.3514900,-0.2238347,0.7575676,-1.1315497,0.3441559,-0.3485433,-0.5033428,3.1015578,0.3853372,3.1015578,0.3853372,2.7188998,0
3.6575664,3.3788483,-1.4119167,4.8345999,1.7663646,-0.5418848,0.8158514,-0.9412170,0.3518952,-0.3564282,-0.5016403,4.8345999,-1.6331451,4.8345999,-1.6331451,3.0602112,0
0.6271860,1.6324205,-0.7634024,1.1749310,1.4846154,-0.9125382,1.0799491,-0.9581151,0.3409362,-0.3452630,-0.5032871,1.1749310,-1.7961289,1.1749310,-1.7961289,2.9359128,0
1.1568130,0.9242479,-1.7356192,0.3599911,0.2650000,-1.1634476,0.6881070,-0.2468190,0.3354414,-0.3396650,-0.3948749,0.3599911,-0.5591420,0.3599911,-0.5591420,0.6400778,1
2.4738268,2.2275012,-1.5214792,0.3511980,0.2650000,-1.0914364,0.8569724,-0.6185621,0.3573014,-0.3619364,-0.5033120,0.3511980,0.0993221,0.3511980,0.0993221,-0.0199171,1
-0.8459792,-0.7921705,1.1505833,-0.5572196,-0.8051438,2.3043921,-2.9605755,0.3772224,0.2006339,-0.2023602,-0.5025705,-0.5572196,1.0188371,-0.5572196,1.0188371,-0.1455861,1
-1.0544965,-1.0913596,0.3884821,-0.7641953,-0.8051438,-3.7976013,-1.3318166,-0.0801017,-0.5614798,0.5726057,1.6790709,-0.7641953,-0.8749675,-0.7641953,-0.8749675,-1.4426440,1
-0.8556855,-0.8313349,1.1536206,-0.6637177,0.2650000,0.2369509,-0.1334053,-0.1058889,-0.8433563,0.8586900,-0.5031469,-0.6637177,0.8320176,-0.6637177,0.8320176,-0.7354787,0
-0.1895140,-0.3776679,0.7179117,-0.3288709,-0.8051438,1.1139675,-0.4901667,-0.5051484,0.2618378,-0.2646895,-0.5032729,-0.3288709,1.1638109,-0.3288709,1.1638109,-0.1257955,0
0.1430525,0.1377435,0.0834219,-0.2588587,0.2650000,-0.2285481,0.9618017,-0.2120684,0.2704478,-0.2734590,0.1268043,-0.2588587,-0.5616507,-0.2588587,-0.5616507,-0.5327323,0
0.2102693,0.2626620,-1.4012984,0.4274339,-0.8051438,0.6286943,0.1284649,-0.4794395,0.2528490,-0.2555345,-0.5033539,0.4274339,1.1061247,0.4274339,1.1061247,2.3871775,1
-0.8962531,-0.9231053,1.2664955,-0.5873509,0.2650000,-1.0045344,0.7585904,-0.2464324,0.2658157,-0.2687410,-0.5033593,-0.5873509,1.6366483,-0.5873509,1.6366483,-0.4915977,0
-0.8065285,-0.8235927,1.0228247,-0.6460088,-0.8051438,0.5094309,0.0683267,0.0613136,-2.8064923,2.8429404,0.3281128,-0.6460088,0.8249283,-0.6460088,0.8249283,-0.9266416,1
-0.9449502,-1.0050959,1.0858178,-0.6774537,-0.8051438,0.1978440,0.4741070,-0.0890603,0.2618378,-0.2646895,-0.5033643,-0.6774537,1.2888022,-0.6774537,1.2888022,-0.7699452,0
-0.4803372,-0.6059964,1.3483112,-0.4946385,-0.8051438,-0.3659493,0.8903278,-0.9155429,0.1677224,-0.1688492,-0.5033272,-0.4946385,0.2799673,-0.4946385,0.2799673,0.5572460,0
-0.4130753,-0.2790526,1.4500957,-0.5210975,-0.8051438,1.8529325,-2.0824041,0.1822121,-0.2875681,0.2943227,-0.5023788,-0.5210975,0.7468941,-0.5210975,0.7468941,-0.4618152,0
-1.1693935,-1.2071289,0.2326941,-0.6194445,-0.8051438,-1.1294290,-1.8284554,0.1002530,0.0842662,-0.0838908,4.5708809,-0.6194445,1.5394054,-0.6194445,1.5394054,-0.8123197,0
-0.9771705,-0.8452442,0.1475894,-0.7617060,0.2650000,2.0334244,-2.4321231,0.1772571,-1.5210496,1.5452923,-0.5020845,-0.7617060,1.1042108,-0.7617060,1.1042108,-1.4374654,0
-0.3994365,-0.0544725,0.2946665,-0.5444032,-0.8051438,0.3595409,0.2858583,0.0804372,0.3396071,-0.3439089,-0.5033626,-0.5444032,0.6954088,-0.5444032,0.6954088,-0.5602200,0
-0.4775820,-0.5581005,1.3077569,-0.4379218,0.2650000,-0.6095262,0.8763157,-0.2178113,0.2688216,-0.2718027,0.7398633,-0.4379218,-0.4252233,-0.4379218,-0.4252233,-0.5965736,0
-0.6036285,-0.6968571,0.5294105,-0.3228098,-0.8051438,-1.7014004,0.6673449,-0.6125634,0.0711705,-0.0705617,1.3186338,-0.3228098,-0.1261692,-0.3228098,-0.1261692,-0.3772211,0
-0.7852835,-0.9129661,0.5352940,-0.6194445,-0.8051438,-1.0816686,0.5843379,2.9959520,-0.5614798,0.5726057,-0.4945758,-0.6194445,0.9492445,-0.6194445,0.9492445,-0.8343064,0
-0.0892233,-0.3084312,0.1004402,-0.2431169,-0.8051438,0.4349937,0.2720446,-0.1940438,0.3502434,-0.3547454,1.8686244,-0.2431169,-0.2059028,-0.2431169,-0.2059028,-0.0144885,0
-0.5373013,-0.4796457,-0.8856043,-0.6057765,0.2650000,-0.9222828,0.9771115,0.9910294,0.2865171,-0.2898266,-0.4999769,-0.6057765,-1.4651031,-0.6057765,-1.4651031,-0.9188918,1
-0.6686498,-0.7416857,1.3702943,-0.6389262,-0.8051438,0.9322919,-0.3738874,-0.3789777,-0.2546222,0.2608322,-0.5027104,-0.6389262,0.6406133,-0.6389262,0.6406133,-0.8535114,0
-0.8345600,-0.8061935,-0.2595535,-0.6226385,-0.8051438,0.7874475,-1.1941754,0.9688960,0.3391051,-0.3433975,-0.5033545,-0.6226385,1.7870465,-0.6226385,1.7870465,-0.7622408,0
-0.4633720,-0.5319331,0.7706799,-0.4379218,-0.8051438,-0.3324651,0.6174174,0.3432359,0.0097223,-0.0080269,-0.2293725,-0.4379218,0.2003992,-0.4379218,0.2003992,-0.0274635,0
1.1926482,1.1273471,-0.0586508,0.8637919,-0.8051438,0.8505305,0.0178881,-0.6276026,0.3573014,-0.3619364,-0.5028775,0.8637919,-2.1829131,0.8637919,-2.1829131,1.1662279,1
2.4254943,1.9677987,-0.8724967,3.7781079,2.3963465,-1.0839500,0.6043546,-0.6193335,0.3473764,-0.3518244,-0.5033547,3.7781079,-0.6278400,3.7781079,-0.6278400,2.3186446,1
-0.3935671,-0.1598430,-0.2291117,-0.4902853,-0.8051438,-0.4913702,0.8473916,-0.3363665,-0.1224444,0.1264294,-0.4929160,-0.4902853,1.2407583,-0.4902853,1.2407583,-0.2997389,1
0.1921563,0.0462599,0.1401059,-0.2305054,-0.8051438,0.5415135,-0.5515096,0.0077564,-0.0114090,0.0134748,-0.5033508,-0.2305054,-0.9718577,-0.2305054,-0.9718577,0.0953593,0
-0.4633720,-0.1299479,-0.7763025,-0.2924654,-0.8051438,1.8456892,-1.8216943,0.2794915,0.1596360,-0.1606161,-0.5028736,-0.2924654,0.6869348,-0.2924654,0.6869348,1.1277641,0
-0.5740221,-0.6428114,1.0446315,-0.5449833,-0.8051438,2.0300993,-2.3289673,0.3831097,0.0301757,-0.0288405,-0.5031601,-0.5449833,1.3966888,-0.5449833,1.3966888,-0.6535106,0
-0.4402247,-0.1987127,-0.3712948,-0.3538015,-0.8051438,0.6392757,-1.2843368,-0.1462120,0.3040377,-0.3076735,0.4336867,-0.3538015,0.3454945,-0.3538015,0.3454945,-0.1496418,0
-0.4791271,-0.1642007,-0.9470434,-0.4339863,0.2650000,1.4382061,-1.2367132,0.5896382,0.1030991,-0.1030604,1.2916331,-0.4339863,1.3475908,-0.4339863,1.3475908,-0.2669829,0
-1.2653064,-1.3550788,1.5434668,-0.7817819,-2.6345668,0.5294218,-3.0663552,1.4929691,-5.8789974,5.9196220,0.9136167,-0.7817819,-1.6686467,-0.7817819,-1.6686467,-1.4437158,1
1.4951896,1.6467744,-1.7002173,1.2956448,2.0944231,-0.5312874,0.5836195,-0.8765182,0.3564357,-0.3610543,-0.3340648,1.2956448,-0.8825955,1.2956448,-0.8825955,1.3552526,1
-0.7170989,-0.6535588,0.7411973,-0.5208189,0.2650000,-0.7794181,0.3447084,0.3376257,-0.2523554,0.2585278,-0.5033621,-0.5208189,-0.6623855,-0.5208189,-0.6623855,-0.7068986,1
1.4318709,1.0639573,1.1341217,1.0536431,2.0944231,0.4384289,0.4866534,-0.7805302,0.2760769,-0.2791925,-0.5032400,1.0536431,0.4941734,1.0536431,0.4941734,1.6710383,1
-1.0763822,-1.0023261,0.2471391,-0.7299855,-0.8051438,0.7022321,-0.7557128,0.0404222,0.1278942,-0.1283008,-0.5013058,-0.7299855,1.2414130,-0.7299855,1.2414130,-1.0238102,0
-0.1456625,-0.2701868,0.6968617,-0.4761659,0.2650000,-0.6437211,0.9424020,-0.3808607,0.0021934,-0.0003659,-0.4775744,-0.4761659,-0.3358589,-0.4761659,-0.3358589,-0.6654428,1
0.4439163,0.4450409,-0.2573206,0.2079843,0.2650000,0.5048254,0.2266147,-0.2458641,0.3439865,-0.3483706,-0.4858806,0.2079843,-0.5191580,0.2079843,-0.5191580,0.4378647,0
-0.2572807,-0.0492429,-0.0176376,-0.4099638,-0.8051438,0.6490601,0.1967221,0.5918065,0.2730602,-0.2761198,-0.5029506,-0.4099638,-1.3136488,-0.4099638,-1.3136488,-0.3061152,0
-0.1695252,-0.1824001,0.3168466,-0.4918299,-0.8051438,-0.1616665,0.8231145,-0.3853857,0.3573014,-0.3619364,-0.5030770,-0.4918299,1.0784856,-0.4918299,1.0784856,0.2000577,0
-0.0161252,0.0913081,-0.1892515,-0.1828655,-0.1265183,-0.0185617,0.8543981,-0.7383287,0.1083698,-0.1084256,-0.5033460,-0.1828655,1.1868030,-0.1828655,1.1868030,-0.3619473,0
-0.3551069,-0.3795194,0.8032166,-0.5922313,0.2650000,1.3911673,-2.2333369,-0.0909102,0.2482136,-0.2508136,-0.5032061,-0.5922313,0.4656390,-0.5922313,0.4656390,-0.2468818,0
-0.5707362,-0.2424956,0.2697273,-0.4389221,-0.8051438,0.1715893,-0.5738235,1.1406864,0.2750662,-0.2781630,-0.5033060,-0.4389221,1.3178886,-0.4389221,1.3178886,-0.2764709,0
3.2921722,2.8705509,-1.9045418,2.0886384,1.6132219,-0.2145396,0.8244581,-1.0081513,0.3450893,-0.3494942,0.1190130,2.0886384,-1.2237599,2.0886384,-1.2237599,1.6117911,1
0.1090807,0.1770022,-0.6668150,0.2925965,0.2650000,-0.3683174,0.9061268,-0.6192666,0.3573014,-0.3619364,-0.3481377,0.2925965,0.0770566,0.2925965,0.0770566,1.1418848,0
2.8196313,2.7249610,-2.0469660,1.3856873,1.9785806,0.5403111,0.1909544,-0.7790763,0.3571760,-0.3618085,-0.5033629,1.3856873,-0.9581613,1.3856873,-0.9581613,1.4128147,1
-0.7440224,-0.5711011,-0.0818709,-0.5160265,-0.8051438,2.1426067,-2.4189321,-0.0732974,-0.4018011,0.4104124,-0.5033607,-0.5160265,-0.1861932,-0.5160265,-0.1861932,-0.1127179,0
-0.1747849,-0.3811785,0.8239871,-0.5152530,-0.8051438,0.7549880,-0.4882804,-0.1555646,-0.6037913,0.6155676,-0.5033438,-0.5152530,0.2371391,-0.5152530,0.2371391,-0.5117744,0
-0.1961658,-0.3000904,-0.5504641,-0.5164727,-0.8051438,-1.9514948,-1.2566827,0.4742397,0.2618378,-0.2646895,-0.5033250,-0.5164727,1.4759880,-0.5164727,1.4759880,-0.5559567,0
0.7115190,0.5374733,0.7137001,0.2301212,0.2650000,-0.7381070,1.0786813,-0.4890387,0.2132820,-0.2152397,-0.1385993,0.2301212,-1.1299518,0.2301212,-1.1299518,0.0587036,0
-0.5355730,-0.5241886,0.3800807,-0.4034866,0.2650000,-0.3631599,0.8358893,-0.5522932,0.3349068,-0.3391204,-0.3912952,-0.4034866,0.8363710,-0.4034866,0.8363710,-0.0288046,0
-0.5355730,-0.6142801,0.2756797,-0.6114213,-0.8051438,1.4520966,-1.6228762,0.8047277,-0.0666757,0.0697024,-0.5031054,-0.6114213,0.6073598,-0.6114213,0.6073598,-0.7305142,0
-0.6433427,0.1114735,0.0567938,-0.2303267,-0.8051438,-0.5559884,0.8759643,0.1408124,-0.5148929,0.5252949,-0.1934153,-0.2303267,0.3624251,-0.2303267,0.3624251,0.6503348,0
-0.5693638,-0.5175238,0.6117518,-0.2460685,-0.8051438,0.2718030,0.6161429,0.1260502,0.3364547,-0.3406973,0.0523446,-0.2460685,0.1362360,-0.2460685,0.1362360,0.7183609,0
-0.6380774,-0.7360405,1.1484700,-0.5392596,-0.8051438,0.6777443,-0.3785640,-0.3921513,0.2402808,-0.2427346,1.0730614,-0.5392596,-0.3797667,-0.5392596,-0.3797667,-0.8082301,0
0.1341650,0.0497062,0.5842009,0.1346865,-0.8051438,-0.6766858,0.6222756,-0.6443288,0.2997464,-0.3033022,-0.4609894,0.1346865,-0.6792984,0.1346865,-0.6792984,0.4620022,1
-0.8277954,-0.7871192,1.1543560,-0.4693055,-0.8051438,0.6432253,-0.1097664,-0.6279188,0.3537628,-0.3583310,-0.5033542,-0.4693055,-0.0168031,-0.4693055,-0.0168031,0.2783237,0
-0.0215394,-0.0440668,-0.3545726,-0.0776687,-0.8051438,-0.0712131,0.8838130,-0.7374566,-0.2901993,0.2969972,-0.5031116,-0.0776687,-1.7349405,-0.0776687,-1.7349405,1.3836103,1
-0.4498931,-0.3398031,-0.4958389,-0.1614563,-0.8051438,-0.0147065,0.6625387,-0.1060735,0.1401318,-0.1407591,0.6467527,-0.1614563,1.4610242,-0.1614563,1.4610242,0.9788700,0
0.1921563,-0.0077122,0.7047213,-0.1449146,-0.8051438,-0.8363567,0.7703695,-0.8378773,0.3565653,-0.3611864,-0.5027428,-0.1449146,-1.6636783,-0.1449146,-1.6636783,-0.1221176,0
-0.1213685,-0.1972139,1.4956301,-0.3245795,-0.8051438,-0.4095047,0.5947531,-0.5125221,0.2482136,-0.2508136,-0.4978272,-0.3245795,-1.9805884,-0.3245795,-1.9805884,-0.1438212,1
-0.3633118,-0.4359546,-0.6945113,-0.3538015,-0.8051438,-0.6374781,1.1336186,-0.2766709,-0.0895308,0.0929516,0.1436933,-0.3538015,0.1811730,-0.3538015,0.1811730,-0.1364788,0
0.7551052,0.5865901,1.1133655,0.2107626,-0.8051438,0.0721761,0.7077252,-0.8092134,0.3464380,-0.3508683,-0.5033632,0.2107626,0.8035341,0.2107626,0.8035341,0.0780811,0
-0.3126959,-0.4289881,0.5545735,-0.4576606,-0.8051438,-0.9147663,1.0267424,-0.2866026,0.3573014,-0.3619364,-0.5031273,-0.4576606,1.2974286,-0.4576606,1.2974286,-0.4386354,0
-0.9149465,-0.8963784,0.5981008,-0.6356782,-0.8051438,-0.1917560,0.9745661,1.7553093,-1.5210496,1.5452923,0.3560156,-0.6356782,0.8223673,-0.6356782,0.8223673,-0.8781152,0
1.0776545,1.3122106,-0.7922806,1.0513813,1.9785806,-1.3195811,0.5325768,-0.3085049,0.1749006,-0.1761578,-0.4765874,1.0513813,-1.9081744,1.0513813,-1.9081744,1.9765620,1
-0.7272101,-0.6984691,-0.3514769,-0.3906963,0.2650000,0.7766472,-0.2288212,0.4085968,0.3510364,-0.3555533,-0.4477628,-0.3906963,1.4812289,-0.3906963,1.4812289,0.0249982,0
1.6791858,1.7465111,-0.7344568,3.1857013,1.9389907,-1.3653940,0.6587825,-0.7014223,0.3572625,-0.3618967,-0.5033634,3.1857013,-0.6102106,3.1857013,-0.6102106,2.4219204,1
0.9435635,0.8931263,-1.1257418,0.9203011,1.4846154,-1.1046835,0.9225064,-1.0217353,0.3278409,-0.3319219,0.2529268,0.9203011,-0.9415735,0.9203011,-0.9415735,0.7171495,1
-0.6554340,-0.7424918,0.4814416,-0.3431465,0.2650000,0.6489731,0.1538098,-0.7263480,0.0862421,-0.0859020,-0.5029602,-0.3431465,0.9519985,-0.3431465,0.9519985,0.4768542,0
0.5897291,0.3732985,-1.3348315,0.1410816,1.0242792,-0.6026653,0.1780656,-0.9602256,-0.4084255,0.4171431,0.3498970,0.1410816,-0.4580546,0.1410816,-0.4580546,0.1567135,0
-0.6131228,-0.4272503,-0.2196249,-0.5407354,-0.8051438,-2.0847486,-0.1430264,2.0983562,-0.6827443,0.6957165,0.4290579,-0.5407354,0.4096151,-0.5407354,0.4096151,-0.7551756,0
1.4242292,1.4398816,-1.2019737,1.3049915,1.0242792,-0.8114635,0.9404929,-1.0024686,0.3253151,-0.3293488,2.8845243,1.3049915,-1.1304822,1.3049915,-1.1304822,0.6261592,1
-1.0453486,-0.9728680,0.7708776,-0.3572450,1.0242792,0.1135326,-0.2251046,-0.6290575,-0.4656599,0.4752882,0.3506037,-0.3572450,-0.8154793,-0.3572450,-0.8154793,-0.8374358,1
-0.1134081,-0.2967402,0.2267554,0.1041867,-0.8051438,1.0427601,-0.3583846,-0.0515738,0.3211893,-0.3251457,0.4173130,0.1041867,-0.8358674,0.1041867,-0.8358674,-0.1218057,0
-0.7597574,-0.8182574,1.7148693,-0.4666953,-0.8051438,1.7772084,-1.6679507,-0.0038353,0.0842662,-0.0838908,-0.5019554,-0.4666953,0.7144272,-0.4666953,0.7144272,-0.1952728,0
-0.6456206,-0.5591377,0.6838944,-0.3646240,-0.8051438,0.3865848,0.1390458,2.6258344,-0.2463718,0.2524448,0.8769770,-0.3646240,-0.7298397,-0.3646240,-0.7298397,-0.7190643,0
-0.7430921,-0.8728928,1.0375684,-0.5687755,-0.8051438,-0.1844076,0.3410776,-0.0549587,-0.6092851,0.6211454,-0.1358706,-0.5687755,0.7737526,-0.5687755,0.7737526,-0.6592868,0
-0.3935666,-0.2766249,0.3589960,-0.3769557,1.0242792,1.4310203,-1.2096943,0.7915983,0.0878428,-0.0875313,-0.5031347,-0.3769557,1.1449926,-0.3769557,1.1449926,-0.3143686,0
-1.1027353,-0.8429820,-0.0476220,-0.7426388,0.2650000,1.9847756,-1.9846129,1.2467723,-0.4602598,0.4698027,-0.5002034,-0.7426388,-0.3015390,-0.7426388,-0.3015390,-1.4397298,0
-0.2926094,-0.3619775,0.2201089,-0.4940019,-0.8051438,0.7821366,-0.4128447,-0.0516547,-0.7774431,0.7918193,1.1886882,-0.4940019,0.0520501,-0.4940019,0.0520501,-0.5907819,0
-0.5338183,-0.5902818,0.5504306,-0.6069910,-0.8051438,0.7381520,-0.0001221,-0.2801847,0.1911587,-0.1927119,-0.5006677,-0.6069910,1.4642739,-0.6069910,1.4642739,-0.4842625,0
-0.8903595,-0.9243625,-0.4757857,-0.7535820,-0.8051438,-0.8428624,-0.0030844,0.5550766,-0.8857010,0.9016413,-0.5011522,-0.7535820,0.5203189,-0.7535820,0.5203189,-1.4502657,0
-0.6222526,-0.7882583,1.6401327,-0.3975834,-0.8051438,2.1118285,-2.1596818,-0.0335318,0.3127964,-0.3165958,1.1369405,-0.3975834,-1.1436722,-0.3975834,-1.1436722,-0.8077329,0
0.6150635,0.6351778,-1.2597561,0.0495823,2.0944231,-0.0660340,0.5674932,-0.8804812,0.3502434,-0.3547454,2.0219701,0.0495823,-0.4623459,0.0495823,-0.4623459,-0.2961994,1
-0.0116631,-0.0135175,0.8426259,-0.1570289,1.0242792,-0.3826016,1.0926057,-0.8849015,0.0282128,-0.0268429,1.6638051,-0.1570289,-0.9533683,-0.1570289,-0.9533683,-0.2237991,1
-0.4826623,-0.5992891,-0.0327509,-0.5208643,-0.8051438,1.0240987,-0.8306149,-0.1990962,0.1096619,-0.1097408,-0.5033579,-0.5208643,0.8402207,-0.5208643,0.8402207,0.2048141,0
-0.4365874,-0.6011582,0.3899280,-0.5092518,-0.8051438,1.5061405,-1.3648260,0.9281667,0.1711240,-0.1723125,0.0084890,-0.5092518,0.2141919,-0.5092518,0.2141919,-0.7215937,0
-0.4708140,-0.4568848,-0.0271047,-0.1147228,-0.8051438,0.8529687,-0.3577336,-0.1471598,-0.0941891,0.0976900,1.0243726,-0.1147228,-0.8169766,-0.1147228,-0.8169766,-0.5367733,0
-0.5877703,-0.5583782,0.8278404,-0.4074220,-0.8051438,-0.3277093,0.6408698,0.0533574,-0.0053435,0.0073031,0.3146019,-0.4074220,-0.4349831,-0.4074220,-0.4349831,-0.5029867,0
-0.1444917,-0.1584749,-0.2668441,-0.1151578,-0.8051438,-1.3173486,0.3581100,0.1153936,0.3517029,-0.3562324,-0.4944507,-0.1151578,-1.7106037,-0.1151578,-1.7106037,1.2812502,1
-0.7637938,-0.4985240,0.2110045,-0.3301888,-0.8051438,0.0386011,0.7372443,1.0488405,-0.5849276,0.5964147,1.6317734,-0.3301888,0.6178014,-0.3301888,0.6178014,0.2014569,0
0.2921722,0.6386996,-1.4961143,0.5971021,2.8537022,1.3883417,-0.8883722,1.7319979,0.0700775,-0.0694492,1.0710818,0.5971021,-0.8503360,0.5971021,-0.8503360,0.1675231,1
-0.1261729,0.0493435,0.5846451,-0.1624401,-0.8051438,1.3764660,-0.9200340,-0.6733965,0.3309501,-0.3350894,0.7302672,-0.1624401,-0.6130476,-0.1624401,-0.6130476,0.2278710,0
1.3497547,1.0550200,-0.1873703,1.9438779,-0.8051438,-0.8430934,0.6920395,-0.6820395,0.3572875,-0.3619221,-0.5032975,1.9438779,-1.3424021,1.9438779,-1.3424021,0.4468410,1
-0.3865509,-0.2165254,-0.2467657,-0.0183042,0.2650000,0.1022191,0.5904882,0.2935699,0.3427882,-0.3471499,0.7691706,-0.0183042,0.1058240,-0.0183042,0.1058240,0.3390858,0
-1.0118202,-0.5746632,0.2644122,-0.6432455,-0.8051438,0.0208628,0.0780481,2.5529732,-0.1591345,0.1637435,-0.5023798,-0.6432455,1.2980187,-0.6432455,1.2980187,-0.6152623,0
1.2591620,0.9981159,-0.7209453,0.9512928,1.4846154,-0.8807391,0.9192976,-0.6161139,0.3563886,-0.3610064,-0.4963926,0.9512928,-0.9816167,0.9512928,-0.9816167,0.3329004,1
0.0808944,0.0406881,0.5333896,-0.2967374,1.4846154,0.6032553,0.0556806,-0.5396133,-0.0147947,0.0169196,0.2074320,-0.2967374,-0.8510269,-0.2967374,-0.8510269,-0.6349836,1
0.0692359,-0.1157010,1.1881465,0.0254777,-0.8051438,-1.2144707,0.7409811,-1.0488010,0.3570316,-0.3616614,7.1942147,0.0254777,-1.4094638,0.0254777,-1.4094638,-0.4234917,1
-0.6501574,-0.2443988,-0.4387590,-0.0871052,-0.8051438,-0.9670893,0.8544838,0.1768346,0.2597508,-0.2625640,-0.5001885,-0.0871052,-1.6028419,-0.0871052,-1.6028419,-0.1913930,1
-0.9903069,-1.0033029,1.3503442,-0.6595066,-0.8051438,0.7021653,0.0538070,3.8471158,-0.3577472,0.3656483,0.0416402,-0.6595066,1.0371291,-0.6595066,1.0371291,-0.7211243,0
-0.4383683,-0.4274792,0.1272703,-0.4133252,1.0242792,1.2930930,-1.0686911,2.0508799,0.0106931,-0.0090148,-0.0513279,-0.4133252,-0.1794371,-0.4133252,-0.1794371,-0.8007968,0
2.2113807,2.5574200,-0.7232320,3.1561643,1.7663646,-1.2664094,0.7673545,-0.4111585,0.3534525,-0.3580149,-0.5033647,3.1561643,-0.8633360,3.1561643,-0.8633360,1.2933531,1
1.4413553,1.3952051,-0.0539669,2.6110696,1.9389907,-0.5458184,0.7754173,-1.1926367,0.3162629,-0.3201272,-0.4346381,2.6110696,-1.7497130,2.6110696,-1.7497130,0.7988680,1
-0.7209990,-0.6237908,-0.1232097,-0.4802279,1.0242792,0.0964557,0.5160196,-0.0588443,0.1677224,-0.1688492,3.4460503,-0.4802279,0.0903114,-0.4802279,0.0903114,-0.8137957,1
-0.6190783,-0.6801201,0.4228461,-0.5122512,0.2650000,0.2112130,0.5681484,-0.4256069,0.3362435,-0.3404822,-0.5031668,-0.5122512,1.5013314,-0.5122512,1.5013314,-0.0882021,0
-0.6735556,-0.5390550,0.8833847,-0.4010269,0.1095677,-0.7768876,0.9326741,-0.6841164,0.3169287,-0.3208054,5.0281856,-0.4010269,0.1690027,-0.4010269,0.1690027,0.1023259,1
-0.2883459,-0.4330025,-0.8001832,-0.4070991,0.2650000,1.8216947,-1.7659754,-0.0854948,0.3543736,-0.3589534,-0.5029681,-0.4070991,1.5244439,-0.4070991,1.5244439,0.8548586,0
-0.1008801,-0.2437524,-0.1435312,-0.3346677,0.2650000,-1.2607582,-0.0947753,-0.5367259,-0.1576175,0.1622008,-0.5033397,-0.3346677,-1.5388445,-0.3346677,-1.5388445,-0.4924771,0
-0.2363957,-0.3368649,0.0948148,-0.4428411,-0.8051438,1.5310170,-1.5419720,1.4449676,0.3238083,-0.3278138,0.0360731,-0.4428411,-0.0994425,-0.4428411,-0.0994425,-0.7766234,0
-0.5183165,-0.5791949,-0.2030074,-0.4748166,0.2650000,0.4832827,0.2038187,0.2779010,0.0740549,-0.0734974,1.2304429,-0.4748166,1.0373868,-0.4748166,1.0373868,-0.5062409,0
2.3597352,2.0831854,-0.5394118,2.8289952,1.2586013,-1.6020076,0.8626241,-1.0850713,0.3537109,-0.3582782,-0.2830246,2.8289952,-1.5996800,2.8289952,-1.5996800,0.9939760,1
-0.5286410,-0.6719077,0.8181366,-0.5423167,-0.8051438,-1.3535483,-1.2026821,-0.2143355,0.2236453,-0.2257931,-0.5033609,-0.5423167,0.5530223,-0.5423167,0.5530223,-0.7501636,0
0.4915757,0.3456756,-0.3097936,0.1519041,0.2650000,0.3774230,-1.7525942,0.7491751,0.2226189,-0.2247478,-0.2971824,0.1519041,-0.9781400,0.1519041,-0.9781400,0.1767155,0
0.6119307,0.4650136,0.2848970,0.6487549,1.0242792,0.8979700,-0.9690101,-0.6270291,0.3161447,-0.3200067,0.3526507,0.6487549,-0.7912296,0.6487549,-0.7912296,0.6550463,0
-0.4529162,-0.2789743,0.6690415,-0.3931560,-0.1265183,-0.2024436,0.8657009,-0.1858370,0.3309501,-0.3350894,0.3768408,-0.3931560,-0.1216450,-0.3931560,-0.1216450,-0.4528470,0
-0.9828181,-1.0243790,1.5046731,-0.5962693,-0.8051438,-0.5108585,0.6676081,-0.8103259,-0.8248213,0.8398873,-0.5028032,-0.5962693,-1.2064002,-0.5962693,-1.2064002,-0.8984703,1
0.5066981,0.6076726,-0.8415840,0.2674969,1.9785806,-0.3036595,0.4823310,-0.4265639,0.3487031,-0.3531761,-0.5033632,0.2674969,0.6580571,0.2674969,0.6580571,0.7328820,1
-0.2547854,-0.4311214,-1.2408024,-0.3469144,0.2650000,-0.8098618,0.6211626,0.5434184,0.3157751,-0.3196302,0.6190676,-0.3469144,1.3146391,-0.3469144,1.3146391,-0.0015239,1
1.0043721,0.9570498,-1.2337538,0.6660334,1.4846154,-0.5465465,1.0656244,-0.9785783,0.3375610,-0.3418244,-0.5033621,0.6660334,-0.5822858,0.6660334,-0.5822858,2.8682320,1
-0.2448100,-0.1036000,0.0666814,-0.1998269,0.2650000,0.5509365,0.1169289,0.1469453,-1.3432931,1.3653641,2.2807108,-0.1998269,-0.5752594,-0.1998269,-0.5752594,-0.6585189,0
-0.5980107,-0.7219284,0.6506426,-0.3360919,-0.8051438,0.9632424,-0.4906885,0.4348896,-0.0655793,0.0685871,2.9312345,-0.3360919,-0.6229544,-0.3360919,-0.6229544,-0.5616455,0
-1.1631924,-1.0925586,1.0923626,-0.5959914,-0.8051438,1.9550086,-2.5592196,0.5400150,0.1838542,-0.1852743,-0.5025201,-0.5959914,1.5420634,-0.5959914,1.5420634,-0.5111601,0
-0.9277440,-0.4929373,-0.3352639,-0.3360820,-0.8051438,1.3268845,-1.6149545,2.0500187,0.0981609,-0.0980338,-0.5023313,-0.3360820,1.3825472,-0.3360820,1.3825472,0.9120805,0
-0.4076798,-0.5232684,1.0862227,-0.3100196,-0.8051438,0.4813587,0.4135071,-0.2742560,0.3394421,-0.3437408,-0.4255582,-0.3100196,-0.5088981,-0.3100196,-0.5088981,-0.2757778,0
4.9582918,5.5282592,-0.2111231,5.9662403,2.3963465,-1.8439847,0.6138778,-1.2009254,0.3571782,-0.3618108,-0.5033647,5.9662403,-0.4347686,5.9662403,-0.4347686,1.7274592,1
1.9562800,1.7334636,0.0697982,2.4079019,-0.8051438,-1.2576619,0.4109874,-0.8903490,0.3491069,-0.3535875,-0.4832987,2.4079019,-1.7112626,2.4079019,-1.7112626,0.5354742,1
-0.5028975,-0.5898082,0.8275559,-0.4202122,0.2650000,0.8511152,-0.4039986,-0.5726486,-0.0417426,0.0443372,0.0906006,-0.4202122,-0.5647916,-0.4202122,-0.5647916,-0.7391441,1
-0.4691974,-0.1832510,0.6287920,-0.1285979,0.2650000,0.8703504,-0.0520479,-0.4725323,0.2919332,-0.2953435,-0.5033377,-0.1285979,0.9285140,-0.1285979,0.9285140,-0.2424366,0
-0.5877703,-0.6189763,0.3999799,-0.3400274,0.2650000,-0.2358438,0.9865730,-0.7745307,0.2563304,-0.2590803,-0.1392070,-0.3400274,-0.3547255,-0.3400274,-0.3547255,-0.3581788,1
0.7684570,1.3378202,-3.5788886,0.9493250,1.0242792,0.8335577,0.0187181,-0.4949450,0.3517608,-0.3562913,0.3414323,0.9493250,0.3525189,0.9493250,0.3525189,1.5245580,1
1.4751253,1.9718306,-0.7481822,2.2227466,1.4846154,-1.4627210,0.9819796,-0.6043087,0.3569810,-0.3616098,-0.5033638,2.2227466,-0.3799053,2.2227466,-0.3799053,1.6827808,1
-0.9115675,-0.9118793,1.4284841,-0.5732029,-0.8051438,-0.7702455,0.7397586,-0.4085619,-0.3285877,0.3360146,0.0890245,-0.5732029,0.3500605,-0.5732029,0.3500605,-0.6076864,0
1.6187202,2.1855726,-1.2697676,3.6111663,1.0242792,-1.2992351,0.6093104,-1.0181553,0.3490247,-0.3535036,-0.4735694,3.6111663,-1.4851688,3.6111663,-1.4851688,1.4751617,1
-0.9805580,-1.0344924,0.6338261,-0.6268234,-0.8051438,-0.5637893,0.4070755,0.4911150,-0.6260523,0.6381681,-0.4308619,-0.6268234,0.9615559,-0.6268234,0.9615559,-0.8733559,0
