original_shape_MajorAxisLength,original_shape_Maximum3DDiameter,original_shape_MinorAxisLength,original_shape_SurfaceVolumeRatio,wavelet-LLH_glrlm_LongRunLowGrayLevelEmphasis,wavelet-LLH_glrlm_RunVariance,wavelet-LLH_glszm_HighGrayLevelZoneEmphasis,wavelet-LLH_glszm_LowGrayLevelZoneEmphasis,wavelet-LLH_gldm_LargeDependenceLowGrayLevelEmphasis,wavelet-LHL_glrlm_RunVariance,wavelet-LHH_firstorder_Kurtosis,wavelet-HHL_glcm_Imc2,wavelet-HHH_firstorder_Entropy,wavelet-HHH_gldm_GrayLevelVariance,square_firstorder_Median,square_firstorder_Skewness,original_shape_Maximum2DDiameterRow,original_shape_Maximum3DDiameter,original_shape_Sphericity,original_glrlm_GrayLevelNonUniformity,original_glrlm_ShortRunLowGrayLevelEmphasis,wavelet-HLL_glszm_SmallAreaLowGrayLevelEmphasis,squareroot_glrlm_GrayLevelNonUniformity,squareroot_glrlm_ShortRunLowGrayLevelEmphasis,logarithm_glrlm_GrayLevelNonUniformity,logarithm_glrlm_ShortRunLowGrayLevelEmphasis,y_train
-0.1470094,-0.0203302,0.8992850,-0.4460460,-0.8075320,-0.7255496,-0.1332162,0.1332162,-0.6305176,-0.0026986,-1.0633841,-0.1952962,0.0385157,0.0381505,-1.9766649,1.1285545,3.4472938,2.9088936,-3.0233805,2.0421916,-0.0766808,1.2188982,2.0421916,-0.0766808,2.0421916,-0.0766808,1
-1.3404097,-1.0919524,-2.3037481,0.7762200,-0.4435460,-0.5548175,0.5624850,-0.5624850,-0.2158053,-0.9755969,0.2121083,0.4554778,-0.0243591,-0.0255933,0.2178417,0.0817773,1.4063797,1.0335753,-1.6803392,0.3342649,-0.4207571,1.5965708,0.3342649,-0.4207571,0.3342649,-0.4207571,1
0.4406610,0.3373837,0.3667633,-0.3511102,1.3539481,-0.4007915,1.4900867,-1.4900867,1.2308169,0.8016145,0.2108381,0.0148410,0.1027729,0.1033006,0.4759271,-0.7169442,-0.0518761,-0.2095084,1.2499395,-0.1683433,-0.9236433,-0.0161212,-0.1683433,-0.9236433,-0.1683433,-0.9236433,0
1.3499855,1.4663513,0.6659826,-0.1613224,-1.0083794,-0.5867808,0.0986842,-0.0986842,-0.8157646,0.2188696,0.0916555,0.1830578,0.1695298,0.1709818,-0.9291864,2.2573707,2.0595294,1.7266322,-1.5756675,0.6098220,0.3652963,2.2079286,0.6098220,0.3652963,0.6098220,0.3652963,1
-2.6284037,-2.3743310,-0.2355974,0.8697066,-0.8279995,-1.2400376,0.0103412,-0.0103412,-0.3882992,0.0591234,-0.4781949,0.5770922,0.1093219,0.1099408,-0.4941355,0.6869016,0.4214542,1.1493817,-2.8557709,0.3805755,0.5616588,0.1109201,0.3805755,0.5616588,0.3805755,0.5616588,1
0.8378592,0.8607283,0.5427068,-0.9687841,-0.2089339,-0.4237808,-0.8289174,0.8289174,0.2525266,-0.9892938,1.8959300,3.0066947,0.4869258,0.4889226,0.6143243,-0.5459634,-0.6933698,-0.6953143,-0.2438547,-0.6785364,1.3178139,-0.2567614,-0.6785364,1.3178139,-0.6785364,1.3178139,0
0.1365824,0.2353014,0.1423499,-0.1282399,0.6290347,0.4888125,1.7683672,-1.7683672,0.4868513,0.8933958,0.0763364,0.1326541,0.1287847,0.1296777,-0.8755633,0.0966722,1.0811561,0.9859266,1.0978681,0.5744455,-1.1024268,0.3666273,0.5744455,-1.1024268,0.5744455,-1.1024268,0
-1.6753391,-1.2157264,-0.4919942,0.0950586,0.8259375,0.0701636,-0.8289174,0.8289174,-1.1185977,0.1147069,-0.1173740,-0.0103483,0.2328662,0.2351382,0.3046127,-0.7336516,-0.7979695,-0.8567099,1.5102147,-0.4772763,0.0049587,-0.7821589,-0.4772763,0.0049587,-0.4772763,0.0049587,1
-0.0146324,-0.2958008,-0.7397210,0.2925832,-0.6137814,-0.4820320,-0.3651166,0.3651166,-1.2680149,-0.3579782,0.9389847,0.7189477,0.0261158,0.0255778,1.2912753,-0.0731123,-0.3941123,-0.3137821,-0.0111494,-0.4826678,-0.6671947,-0.8472732,-0.4826678,-0.6671947,-0.4826678,-0.6671947,0
0.5787582,0.5511286,0.4401359,-0.2641451,0.3005204,0.3745369,0.4697249,-0.4697249,-0.6658092,0.4558700,-0.2420899,-1.4352864,-0.5218697,-0.5291984,0.4190163,0.0017785,-0.3493864,-0.4428497,-0.1215127,-0.5954113,0.4641602,-0.1914878,-0.5954113,0.4641602,-0.5954113,0.4641602,0
0.5266917,0.8087031,0.8402719,-3.2335444,0.6926019,0.4002669,1.0262859,-1.0262859,0.7458355,0.4091353,0.5248133,-3.5717420,-0.0076130,-0.0085632,-0.3363923,1.7303022,-0.9858440,-0.7764764,0.6829149,-0.6428303,0.0350419,-0.6803932,-0.6428303,0.0350419,-0.6428303,0.0350419,0
1.0000726,0.9058408,0.8533318,-2.5082837,0.5809315,1.4210921,-0.8289174,0.8289174,0.6110611,1.9433174,0.8920977,-0.8843800,0.9837741,0.9944753,0.8044739,-0.6537697,-0.5869937,-0.5725885,0.6926338,-0.4391050,0.9720639,-0.8261943,-0.4391050,0.9720639,-0.4391050,0.9720639,0
0.7107219,0.8389458,0.9666888,-1.4779295,0.1911387,0.8249321,0.0986842,-0.0986842,1.2426910,1.2611774,0.5236655,-0.8991424,-0.0372748,-0.0386698,-1.8322757,1.5359660,-0.4576333,-0.5985578,0.7811912,-0.5680806,1.4165974,1.6332961,-0.5680806,1.4165974,-0.5680806,1.4165974,0
0.0373978,0.2035555,-0.2944884,0.5744717,0.2625619,0.3507734,0.0986842,-0.0986842,0.1436482,-0.1748129,0.1057391,0.6121359,-0.2775426,-0.2821243,3.3179314,-1.1865626,-0.8456968,-0.6719077,-0.6807198,-0.6002591,1.3327588,-0.4916844,-0.6002591,1.3327588,-0.6002591,1.3327588,0
0.3649292,0.4682983,0.8271485,-0.2498443,0.8783115,1.2323549,-0.0868361,0.0868361,0.5648444,0.5532591,0.8900591,-0.3031824,0.0832462,0.0835069,0.1488414,-0.1046994,2.2258202,1.8309957,-0.0061640,2.0454779,0.2358667,-0.2410803,2.0454779,0.2358667,2.0454779,0.2358667,0
0.3356193,0.3072142,0.3044843,-0.1449518,0.6629731,0.5107072,0.0986842,-0.0986842,0.7247033,0.1655328,0.5890657,0.8403131,-0.1657722,-0.1688962,0.1872728,-0.0379860,-0.6157927,-0.4404944,0.6151828,-0.4569197,1.2050714,-0.6557156,-0.4569197,1.2050714,-0.4569197,1.2050714,0
0.0569622,0.0406020,0.1459062,-0.0616717,0.2876623,0.5025549,-0.3651166,0.3651166,0.3283000,-0.3331681,-0.5500778,0.4247507,0.0642657,0.0642604,-0.0203770,-0.0661413,1.9116254,1.5772723,0.3609347,1.3675359,-0.9442383,0.3666228,1.3675359,-0.9442383,1.3675359,-0.9442383,0
-3.2304991,-3.2049285,-3.4213880,2.6526733,-1.6403321,-2.4257064,-0.2105163,0.2105163,-1.2501965,-1.5969312,-0.6459104,2.9839167,0.0389450,0.0385852,-0.7940665,0.6895614,-0.6593984,-0.8121537,0.7722901,-0.6559820,-1.2500012,-0.8486307,-0.6559820,-1.2500012,-0.6559820,-1.2500012,1
0.5801174,0.5425903,0.8437230,-1.2381263,0.7710154,0.6439573,1.0262859,-1.0262859,0.7109529,0.6490877,1.1821793,0.4412566,3.3334045,3.3585338,1.4319593,-1.1256112,-0.4474763,-0.6059251,-0.0850065,-0.4368488,1.1187919,0.3784950,-0.4368488,1.1187919,-0.4368488,1.1187919,0
0.3732476,0.3490317,0.2719452,-0.1990703,-0.0408557,-0.0454949,0.0986842,-0.0986842,-0.0609827,0.6655051,0.0673626,-0.2539198,0.5843452,0.5909471,-1.2851045,0.4170250,-0.0941181,-0.2628235,0.8566205,-0.2741313,-0.3539720,-0.3313383,-0.2741313,-0.3539720,-0.2741313,-0.3539720,0
0.3333404,0.2355186,0.0662900,0.2996659,0.0064484,0.2048328,1.0262859,-1.0262859,0.1458425,0.0402883,1.1080197,-0.0214206,-2.1717981,-2.1931227,-0.8319678,1.5232801,-0.9225168,-1.0475217,1.2625920,-0.7109437,1.1864693,-0.5314088,-0.7109437,1.1864693,-0.7109437,1.1864693,0
-0.1691440,-0.0933365,0.0103441,1.1873009,-0.4753168,-0.5923645,0.0986842,-0.0986842,-0.3566644,-0.6171186,-0.1249643,1.5684386,0.0944268,0.0948099,2.3161601,-1.0740424,-0.5225853,-0.5248204,0.2558803,-0.6051785,0.5062410,-0.8469786,-0.6051785,0.5062410,-0.6051785,0.5062410,0
-2.7182339,-2.8990301,-2.4262057,1.3145604,-0.1650341,-0.5857114,0.9335257,-0.9335257,-0.5256626,-0.9616642,0.5708712,1.6869502,0.0197514,0.0191247,0.6342243,-0.0870204,-0.0581274,-0.0238904,0.0249945,-0.3678271,-0.6701270,-0.4344527,-0.3678271,-0.6701270,-0.3678271,-0.6701270,1
1.1066927,1.1056507,0.3422409,-0.2920068,0.2912693,0.3148216,-0.7361572,0.7361572,0.6236523,0.0411812,0.1850490,-0.6196523,0.0332571,0.0328183,-0.5058268,0.4606845,1.0957563,0.7628496,-1.1029293,-0.2052382,0.0027176,2.0852939,-0.2052382,0.0027176,-0.2052382,0.0027176,0
1.2800347,0.7143006,0.4935666,-0.2973273,-0.2009197,0.1670079,-2.2203199,2.2203199,-0.7256246,-0.1589744,0.8173774,0.9215008,-0.3373275,-0.3422320,0.0253687,0.7888921,0.4238364,0.2030098,-0.9421803,-0.4735290,1.0293803,-0.1923364,-0.4735290,1.0293803,-0.4735290,1.0293803,0
0.3741331,0.3491190,0.4177400,-0.0699929,-0.1824637,0.3077033,1.0262859,-1.0262859,1.8041295,1.7335533,0.6130204,-0.8396899,0.0652445,0.0652529,-0.3084204,-0.0390811,0.1242812,-0.0026428,0.3651472,0.0240019,-0.8594254,0.3666604,0.0240019,-0.8594254,0.0240019,-0.8594254,0
0.7522044,0.6723351,0.6132462,-0.9894089,0.0899804,0.7706922,0.0986842,-0.0986842,0.6124174,0.6958240,0.5178117,0.0295565,0.7268667,0.7344151,-0.8009588,0.7545749,-0.5591381,-0.7292514,1.2648318,-0.5171227,-0.4819195,-0.1481821,-0.5171227,-0.4819195,-0.5171227,-0.4819195,0
0.2118121,0.5114955,-0.1787381,0.0487725,-0.2630632,0.1224771,-0.8289174,0.8289174,0.0375411,-0.3865723,1.2331446,0.3562180,0.1326231,0.1335373,-0.6048351,0.6505609,-0.2289956,0.3209986,-1.0463714,-0.1102954,0.3948087,1.5968205,-0.1102954,0.3948087,-0.1102954,0.3948087,1
0.7376456,0.7054161,0.5213806,-1.2193100,-1.4997898,-0.2655038,0.0986842,-0.0986842,-0.0292753,-0.2330530,0.1132049,-1.0986186,0.0640001,0.0639910,-0.8273232,-0.0934601,-0.9855880,-1.0746227,0.5096859,-0.6897907,1.0864375,-0.8451187,-0.6897907,1.0864375,-0.6897907,1.0864375,0
0.1969017,0.4555646,0.8884820,-0.7877362,0.9270073,0.6619340,0.0986842,-0.0986842,1.3963876,0.3356600,0.4502337,-0.8902596,0.1723548,0.1737818,-0.7114705,0.0189468,-0.4936715,-0.5942606,0.1593604,-0.6194348,-0.3058038,-0.2391682,-0.6194348,-0.3058038,-0.6194348,-0.3058038,0
1.9610646,1.4530940,0.3669946,0.6267948,-1.1518042,-1.1863981,-0.5197169,0.5197169,-0.7495047,-1.1199445,-0.0894066,0.5384098,0.0894655,0.0898130,-1.8914667,1.2084290,1.7242877,2.6586083,-4.0688292,1.6180985,0.1590645,0.9870687,1.6180985,0.1590645,1.6180985,0.1590645,1
-0.5467217,-0.7997979,-0.5328211,1.2163912,-0.7217055,-0.7653879,1.4900867,-1.4900867,-1.2126986,-0.6295428,0.0292859,0.4447207,-0.0127042,-0.0137784,0.0588392,0.6885516,-0.2780388,-0.4257732,-0.3986872,-0.4516958,1.6559954,-0.6747368,-0.4516958,1.6559954,-0.4516958,1.6559954,1
0.9256906,0.8988990,0.5689660,-1.1024881,-0.0942569,0.4852110,0.0986842,-0.0986842,0.3562153,0.4008618,0.8671550,-1.2234666,-1.2934391,-1.3087241,0.2404522,0.3483754,-0.5624673,-0.5220048,0.1263137,-0.6035841,1.5323113,-0.0406018,-0.6035841,1.5323113,-0.6035841,1.5323113,0
-2.0142859,-2.0995544,-2.4434732,1.4198824,-0.5563685,-0.7469058,1.0262859,-1.0262859,-0.1304092,-2.1959196,-1.4524869,-0.2779491,0.0639046,0.0638943,-2.1881129,1.4520626,2.1702434,1.7375612,-2.4505746,1.5863598,0.2733537,-0.6563114,1.5863598,0.2733537,1.5863598,0.2733537,1
0.4689862,0.4314613,0.3159451,-0.3690046,-0.3375253,0.4335338,-2.2203199,2.2203199,-0.3006741,0.1599996,-1.1743057,-0.1531776,0.6714956,0.6793072,-0.4633818,0.2321330,-0.4125945,-0.5944175,0.8381191,-0.4812117,0.2905893,-0.6987762,-0.4812117,0.2905893,-0.4812117,0.2905893,0
0.5604194,0.3391777,0.5687411,-0.4909452,0.8013284,0.8181162,0.0986842,-0.0986842,0.9193079,0.2021211,0.5232059,-0.4924208,-0.1276925,-0.1303011,0.5486287,-6.2967330,0.3899435,0.3650657,-1.0409783,0.1746292,0.2167771,-0.8083499,0.1746292,0.2167771,0.1746292,0.2167771,0
0.9362055,0.9908204,1.0798239,-1.6030651,0.1953695,0.6767088,-0.8289174,0.8289174,1.1495430,0.1145848,2.9591031,-0.8097918,0.1972057,0.1989021,-1.0801570,1.6904431,-0.3212233,-0.4968148,-0.2335551,-0.5455727,0.9091986,0.9865275,-0.5455727,0.9091986,-0.5455727,0.9091986,0
-0.0829833,0.4419029,0.4845660,-0.9475989,-0.1384921,-1.7563175,1.0262859,-1.0262859,0.6717005,-3.1867879,1.8716522,-2.5334001,1.5833368,1.5996311,-1.1417618,1.4304273,-0.0842653,-0.2537423,0.1617349,-0.4635022,0.4394183,0.1263109,-0.4635022,0.4394183,-0.4635022,0.4394183,0
-0.2584211,-0.1631376,-0.3064223,0.1580883,0.4467285,0.2269821,-0.3651166,0.3651166,0.9318946,0.0639508,-1.1954995,-0.2118060,0.0671516,0.0671867,0.3079729,-0.5849199,0.4125540,0.3647784,-0.8570355,0.7579492,-0.0971246,-0.8608807,0.7579492,-0.0971246,0.7579492,-0.0971246,0
-0.2562744,-0.4416666,-0.0733436,0.4313073,0.0178467,-0.9377424,-0.8289174,0.8289174,-3.1323095,-0.3750480,-0.1797640,0.0127508,0.1574230,0.1587080,-1.8439848,0.8712365,-0.6875439,-0.7718503,1.3454269,-0.4113575,-0.0089710,-0.2358522,-0.4113575,-0.0089710,-0.4113575,-0.0089710,1
-1.4576607,-0.6722261,-0.4207195,0.5337664,-0.6290212,-1.0805660,0.0986842,-0.0986842,-0.0771176,-0.3331719,0.3180310,0.2117212,0.0593732,0.0592996,0.8873450,-0.9412535,1.2259622,1.8143161,-1.7321043,0.6209805,-1.9296427,-0.2225726,0.6209805,-1.9296427,0.6209805,-1.9296427,0
0.6067250,1.0839012,0.7517611,-0.9993410,-0.0670850,0.0425181,-0.8289174,0.8289174,1.0214993,0.7354869,-0.0123658,-2.7761544,-0.0767568,-0.0786737,-0.4385562,-0.0861932,0.0499835,-0.0364126,-0.0988980,-0.3106820,0.6720424,-0.2464264,-0.3106820,0.6720424,-0.3106820,0.6720424,0
0.5140756,0.7549387,0.9552297,-1.1902116,0.0728786,0.3986108,-2.2203199,2.2203199,-0.1569557,0.3972554,0.5562124,0.3840995,-0.6636930,-0.6725454,3.8071516,-1.6083814,-0.3186448,-0.2015726,0.1627335,-0.4167687,-0.1796388,-0.8374224,-0.4167687,-0.1796388,-0.4167687,-0.1796388,0
1.0335172,0.9469802,0.4794289,-0.7498209,0.5245695,0.4079289,0.0986842,-0.0986842,2.2827188,0.3754139,0.0940372,0.4626407,1.0708603,1.0821528,-0.0829492,-0.1069214,-0.3843857,-0.5088926,-0.4720338,-0.5274533,-0.1055038,1.7175735,-0.5274533,-0.1055038,-0.5274533,-0.1055038,0
-0.0755317,-0.5309841,-0.6919887,1.3792868,-0.9596655,-1.0015491,-0.1795963,0.1795963,-1.0920035,-1.0491723,-0.1599022,-0.4882994,0.0940092,0.0944200,-0.5944783,0.3987893,1.6566188,1.2581528,-3.1206997,0.1351784,0.2371580,0.7843036,0.1351784,0.2371580,0.1351784,0.2371580,1
0.2567638,0.2813916,0.4153320,0.4992860,1.7132920,0.5516592,-2.6841207,2.6841207,2.4523220,-0.2445765,-1.2015618,1.5724870,0.0619980,0.0619620,-0.2005458,-0.6892957,-0.6886415,-0.8112995,-0.2296691,-0.6135003,1.6525284,-0.8568681,-0.6135003,1.6525284,-0.6135003,1.6525284,0
1.3135333,1.3003962,0.1781941,-0.5898549,0.6348456,0.5101921,1.4900867,-1.4900867,1.4286762,0.3712946,-1.0087226,0.5313363,0.0058260,0.0050071,-1.5872831,0.3531946,0.7234172,0.7647520,-0.6881181,-0.1462064,0.1157444,-0.4032016,-0.1462064,0.1157444,-0.1462064,0.1157444,0
-0.6095030,-0.5387006,-0.9720058,0.9324637,-4.1140976,-4.0358676,-0.8289174,0.8289174,-2.1499656,-0.6313564,-1.1148897,0.2283389,0.0478347,0.0475991,-0.5128909,0.7740002,0.2377078,0.2092330,-0.0438865,0.0436792,-0.2018171,-0.1646763,0.0436792,-0.2018171,0.0436792,-0.2018171,1
0.5098248,0.7943325,1.1421946,-2.5355313,0.3577295,0.6109546,-0.8289174,0.8289174,0.0950276,0.8308723,1.4640289,-2.8193321,-0.0505859,-0.0521547,-1.4187782,-1.6098518,-0.2047463,-0.1655266,0.6509844,-0.2686973,-0.7768142,2.2081300,-0.2686973,-0.7768142,-0.2686973,-0.7768142,0
0.5204784,0.6149558,0.0021160,0.4053056,0.2965968,0.1169982,0.0986842,-0.0986842,0.3289407,-0.2302696,0.2297864,0.8018183,0.0340854,0.0336637,0.3607001,-0.7173095,-0.0283528,-0.2566364,-0.3707857,-0.6373979,0.1293020,-0.6529756,-0.6373979,0.1293020,-0.6373979,0.1293020,0
0.6630602,0.7305234,0.7674620,-0.6638649,0.5195655,0.1492222,1.0262859,-1.0262859,0.2405233,0.1289164,0.4318376,-0.0942821,-0.3884322,-0.3934946,0.0912716,1.3225047,-0.0986959,-0.0892823,-1.2431186,-0.4860974,-1.3702882,1.2765479,-0.4860974,-1.3702882,-0.4860974,-1.3702882,1
-0.9637866,-0.9392872,-0.9154853,0.1951887,-0.1676919,-0.0006723,0.8716856,-0.8716856,0.2778987,-1.8641931,-0.4844358,-0.1022538,0.0702306,0.0703090,-0.1066955,0.7176147,1.1497277,1.6579699,-0.6790879,1.1104661,-2.0799803,0.0621638,1.1104661,-2.0799803,1.1104661,-2.0799803,1
0.2037307,0.3875707,0.6200062,-0.7516828,0.7364454,0.4817144,0.0986842,-0.0986842,-0.1124401,0.6088919,1.5812354,-0.7655351,1.7348871,1.7528828,-0.1658763,-0.3314878,-0.7078230,-0.7069691,0.7690255,-0.5328645,0.3658120,-0.0404661,-0.5328645,0.3658120,-0.5328645,0.3658120,0
-0.3885620,-0.8197759,-1.3345072,1.2442025,-0.2882675,-0.4139415,0.4697249,-0.4697249,-1.4741102,-0.1775719,-0.6651190,0.8185450,-0.2582026,-0.2625326,0.6192189,-1.2416260,0.0526054,-0.0944080,-0.8336922,-0.0945536,0.2369522,3.0698302,-0.0945536,0.2369522,-0.0945536,0.2369522,1
0.6297135,0.7430778,0.7088332,-0.3718208,0.2505932,0.6680096,1.4900867,-1.4900867,0.4740379,0.0355798,0.6911968,-0.8182485,0.8398530,0.8495503,0.8844940,-1.0579829,0.1163787,-0.0817693,-0.2079838,-0.2209800,-0.5720647,1.3487502,-0.2209800,-0.5720647,-0.2209800,-0.5720647,0
0.6396700,0.6929028,0.7400190,-1.3106757,0.6368301,0.5238631,1.0262859,-1.0262859,1.5358701,1.0615700,0.4193499,-0.1523457,1.3559344,1.3688982,-1.4398183,1.1226060,-0.3780173,-0.4911199,0.1962902,-0.5490628,0.2218627,-0.7788836,-0.5490628,0.2218627,-0.5490628,0.2218627,0
0.2898688,0.3409001,0.4258752,-0.2449097,0.0267299,0.2750462,0.0986842,-0.0986842,-0.1671027,0.6568658,0.5357726,0.9287181,0.2280805,0.2303129,-0.0345618,-0.1704729,-0.0541110,-0.2078925,0.9793227,-0.3813496,-0.6674387,-0.7696313,-0.3813496,-0.6674387,-0.3813496,-0.6674387,0
0.1866817,0.4849836,0.4960353,-1.3764287,-1.3543675,-2.4457809,0.0986842,-0.0986842,0.6028531,-2.1719309,0.5664799,-1.1996329,-0.2884787,-0.2931993,0.8009736,-0.4746994,-0.7827814,-0.8023415,0.4987134,-0.5358843,1.0679788,-0.3096887,-0.5358843,1.0679788,-0.5358843,1.0679788,0
0.2639441,0.0947530,0.7260755,-0.2934426,0.0396692,0.2292981,-0.3651166,0.3651166,-0.0320582,0.3266010,2.7739849,-0.3669908,0.0690002,0.0690614,0.3981948,-0.1116791,2.2573247,2.0854431,0.2320638,2.4874633,-0.5954891,2.9970380,2.4874633,-0.5954891,2.4874633,-0.5954891,0
0.7060069,0.8012213,0.7520087,-1.5397861,0.4438789,0.3600111,-0.8289174,0.8289174,0.8542915,0.6483360,-0.8165882,-0.1338055,-0.0100256,-0.0110362,0.5853485,-0.2214877,-0.4007187,-0.4542733,0.1222098,-0.5274533,-0.0218148,-0.8569314,-0.5274533,-0.0218148,-0.5274533,-0.0218148,0
-0.1686802,-0.1652558,-0.4915072,0.8761257,0.8308187,1.2299158,1.7683672,-1.7683672,-0.0647921,1.3986749,-2.3904335,-0.6907725,2.1126198,2.1327544,-0.9426096,0.3225619,-1.1190121,-1.0678287,0.4550466,-0.7657000,-0.5512509,-0.1020555,-0.7657000,-0.5512509,-0.7657000,-0.5512509,0
0.3439905,0.3447929,0.1533994,-0.1522534,1.3305323,3.2763385,1.9538875,-1.9538875,0.0785482,0.2061373,1.1401617,0.4074608,0.0457291,0.0454642,0.6569417,-0.5565885,-0.0803899,-0.2805697,-1.1258479,-0.7210283,-2.0371515,-0.0570374,-0.7210283,-2.0371515,-0.7210283,-2.0371515,0
-0.0686407,-0.0706061,0.2614456,-0.5186281,0.6122993,0.4935043,0.0986842,-0.0986842,0.4152491,0.3001359,0.3683574,0.0376507,0.0640001,0.0639910,-0.2662244,-0.2420941,-0.8016053,-0.9075864,0.9843978,-0.6263679,-1.4604763,-0.8434019,-0.6263679,-1.4604763,-0.6263679,-1.4604763,0
-0.5621461,-0.6295928,-0.4268020,-0.0480569,-0.1903322,-0.1989807,0.0986842,-0.0986842,-0.5807711,-0.0926631,-0.4944491,0.1610171,-0.2757523,-0.2803006,0.6749291,-0.2515383,0.0222513,0.0073716,-0.2441372,-0.1309565,-0.4620142,-0.7067509,-0.1309565,-0.4620142,-0.1309565,-0.4620142,1
0.2983186,0.2009132,0.1632804,0.5102764,-0.1865859,0.0004653,1.0262859,-1.0262859,0.0414473,0.1286822,4.2570106,-1.7382856,0.8350774,0.8446503,-0.1235890,-0.2207569,-1.1035680,-0.8351772,0.0160222,-0.6895416,0.3122421,-0.8301357,-0.6895416,0.3122421,-0.6895416,0.3122421,0
-0.1658739,-0.2571008,0.1164988,0.0239293,-0.7936160,-1.4049138,-1.0939464,1.0939464,-0.2226687,-1.0164906,-0.8802547,-0.4026646,0.0644625,0.0644600,-0.0412092,0.3288288,0.7809096,0.8037216,0.1887378,0.8443511,-2.0488072,-0.0425311,0.8443511,-2.0488072,0.8443511,-2.0488072,1
0.1225267,0.0630483,0.1564420,0.1827901,0.2584358,0.0928408,0.0986842,-0.0986842,0.2598070,-0.7424251,-0.7244313,-0.1994647,0.7460529,0.7546923,0.0357082,-0.0951297,-0.6433427,-0.7805206,0.7521683,-0.5613966,0.6205396,0.3682779,-0.5613966,0.6205396,-0.5613966,0.6205396,1
0.3667385,0.3368221,0.0837043,-0.1408753,0.3203437,-0.2420975,-0.8289174,0.8289174,-0.1173348,-0.0432068,-1.4019718,-0.2400279,0.0678416,0.0678865,0.2392299,-0.6187690,-0.1648760,-0.2100607,0.1356956,-0.2925482,1.0021245,0.1054154,-0.2925482,1.0021245,-0.2925482,1.0021245,0
0.1818472,0.1948003,0.2978546,0.2502911,-0.0130436,-0.0440094,-0.8289174,0.8289174,-0.1039556,0.2776147,-3.0703887,0.1841132,0.7364616,0.7449327,-0.0305816,-0.1623111,0.1829184,0.0212555,0.0903930,-0.1363678,-0.3450753,0.3727401,-0.1363678,-0.3450753,-0.1363678,-0.3450753,0
0.0737799,0.1969794,0.1133846,0.0177171,-0.2214302,-0.0672371,1.0262859,-1.0262859,-0.2003791,-0.1281174,-0.0800836,1.4991393,0.1009053,0.1014056,1.6616664,-0.3896313,-0.2082800,-0.2139351,1.0541339,-0.3095276,-0.5278083,-0.2085268,-0.3095276,-0.5278083,-0.3095276,-0.5278083,0
-0.1800773,-0.0421409,-0.0854230,0.5180851,-1.0074424,-0.2611672,-1.2927182,1.2927182,-1.4044490,-0.4011861,-0.4832386,0.7854235,0.0416545,0.0413397,-1.8728783,0.6253707,0.1478506,0.0048681,0.1828554,-0.3089798,-0.2854110,1.6488118,-0.3089798,-0.2854110,-0.3089798,-0.2854110,1
0.2714739,0.0451855,-0.0676866,1.0672577,4.4441131,0.6910736,-2.6841207,2.6841207,0.6003682,1.2948196,0.3681681,-0.8475141,-0.9833746,-0.9958384,0.5361570,-2.1201171,-1.1153886,-1.1789292,1.2614619,-0.7871628,0.8125310,-0.8235798,-0.7871628,0.8125310,-0.7871628,0.8125310,0
0.6642257,0.9511555,0.2259283,2.1883433,-1.6426538,-0.5489455,-0.8289174,0.8289174,-0.2341077,-0.5820870,0.0511074,2.3751394,-8.1778557,-8.0205795,0.6746793,-0.2146122,-0.5752296,-0.7601731,-0.5859743,-0.7576772,2.2847243,-0.7500882,-0.7576772,2.2847243,-0.7576772,2.2847243,1
0.2330421,0.3001015,0.2337674,-0.3428184,-0.0739237,0.1784851,-0.8289174,0.8289174,0.4587694,0.4294722,0.0577495,-1.1464555,-0.6226706,-0.6312132,0.3498864,-2.0925203,-0.9449503,-0.8640290,0.1870494,-0.6421031,1.2555906,1.6210381,-0.6421031,1.2555906,-0.6421031,1.2555906,0
0.3758454,0.6093165,0.3168376,2.3867340,-1.3279681,-0.7253721,-0.6433971,0.6433971,-2.0504884,-0.3369714,-1.4694745,-1.1766606,-0.1657157,-0.1688476,-3.8257349,2.3589235,0.0162264,-0.1350058,-2.6046769,-0.4713731,1.9006277,-0.6547311,-0.4713731,1.9006277,-0.4713731,1.9006277,1
-0.3845291,-0.1760769,0.3582932,-1.2579100,-0.2732962,-0.3414501,1.4900867,-1.4900867,1.2231822,-0.8165436,-0.8768106,-0.4691910,1.5926775,1.6096197,-0.7034560,-0.4787455,-0.7888705,-0.7511878,0.1523844,-0.6566533,0.0295659,0.0284222,-0.6566533,0.0295659,-0.6566533,0.0295659,0
0.2941716,0.1713743,0.7490371,0.2527518,0.4592341,0.4317463,0.0986842,-0.0986842,-0.2964753,0.2013729,0.4780830,0.5993822,0.3146128,0.3178483,-0.1584900,-0.0189704,-0.5325882,-0.6111946,-0.0740476,-0.4069301,1.3202049,-0.6339567,-0.4069301,1.3202049,-0.4069301,1.3202049,0
0.6741476,0.7785850,0.2209273,-0.0253882,-0.0116267,0.1309875,0.0986842,-0.0986842,0.2552481,0.0889842,0.1594315,0.2370504,-0.2950306,-0.2996307,0.1742363,-0.3758548,0.3593592,0.0968945,0.0645012,-0.4224581,1.6223464,-0.0418497,-0.4224581,1.6223464,-0.4224581,1.6223464,0
0.2442006,0.1288261,0.5343025,0.8322519,1.3587754,4.0682879,-1.2927182,1.2927182,-0.0533813,4.3334238,1.1861205,0.9176540,0.1625449,0.1638858,0.5177584,-1.6301705,-0.4082537,-0.4810529,-0.5364967,-0.6967040,0.0850744,-0.6541465,-0.6967040,0.0850744,-0.6967040,0.0850744,0
0.3163665,0.5511656,1.0495748,-0.3742455,-0.2076505,-0.3508891,-0.2988593,0.2988593,0.2628334,0.1890467,-0.3281289,0.4790876,0.0697508,0.0698225,-0.9774385,0.6970643,1.6320657,1.4126976,-2.4784836,1.6355695,-0.0597986,0.9910021,1.6355695,-0.0597986,1.6355695,-0.0597986,1
0.0329226,0.0997664,0.1478389,0.2047810,0.8783910,0.5344863,0.0986842,-0.0986842,0.5489761,-0.1030362,0.3350340,-0.7920476,0.0638740,0.0638632,0.3427579,-0.2814536,-0.1253614,-0.2241471,0.9821131,0.3850796,-1.3210147,-0.4265475,0.3850796,-1.3210147,0.3850796,-1.3210147,0
-1.0157068,-1.0707966,-1.1735733,0.5114874,-0.4301623,-0.4990892,-1.7565190,1.7565190,-0.4930806,-2.5386734,0.1533632,-0.4706490,0.0633350,0.0633166,0.5564157,0.2765296,1.0319657,0.9613771,-1.7155900,0.4472139,-1.9060884,0.3666445,0.4472139,-1.9060884,0.4472139,-1.9060884,1
-2.9133187,-3.5614703,-3.4477078,1.3489564,-1.8176506,-2.7505566,-1.2927182,1.2927182,-0.5342929,-3.5198762,-0.8688142,0.0917559,0.0503770,0.0501772,-0.0948988,1.8519401,0.5593233,0.6626809,-0.8784871,0.6379324,-0.5494477,-0.8057685,0.6379324,-0.5494477,0.6379324,-0.5494477,1
0.2917967,0.1988436,0.2062999,0.7451753,0.3560836,0.4849273,0.0986842,-0.0986842,-0.0540093,0.0647281,0.3596019,1.5196671,-1.2661151,-1.2790176,0.1894983,0.4757846,-1.1714848,-1.2533293,0.6329102,-0.6631375,2.0175964,-0.0364323,-0.6631375,2.0175964,-0.6631375,2.0175964,0
0.3393557,0.3780614,0.1205366,-0.0537907,-0.0013224,0.0582641,1.0262859,-1.0262859,0.3034020,0.4935536,-1.2226528,-0.6305647,0.0790794,0.0792783,0.1798123,-0.4507501,-0.7483404,-0.8019854,0.0497670,-0.6117464,1.9262204,-0.0396988,-0.6117464,1.9262204,-0.6117464,1.9262204,0
-0.2544397,0.2828442,0.4296970,-0.3114781,0.5974453,0.7005182,2.3249281,-2.3249281,0.7623701,0.5721686,-0.8870602,-0.1915738,0.0528628,0.0526977,0.2225828,-0.4469854,1.3786227,1.8366172,-2.2176338,1.6208587,-1.0798596,0.0233050,1.6208587,-1.0798596,1.6208587,-1.0798596,0
-0.1145328,-0.0872312,0.5416121,-0.1379993,-0.4585960,0.0336245,-0.8289174,0.8289174,-0.3358906,-0.5153945,0.2022129,0.1979964,0.1171376,0.1178682,0.1522008,-0.0782949,0.1502536,-0.0255058,0.6900360,-0.3180778,0.9527359,0.1214494,-0.3180778,0.9527359,-0.3180778,0.9527359,0
0.4437367,0.3612028,0.5303392,-0.6602452,-0.1796416,-0.1568708,-0.9614319,0.9614319,0.1072016,0.0954143,-0.4223222,0.4759339,1.1113200,1.1227024,0.4730093,-0.9456875,0.6737484,0.5981839,-1.0617232,-0.0955374,-0.3402018,0.3667181,-0.0955374,-0.3402018,-0.0955374,-0.3402018,0
0.3954508,0.3449239,0.3416670,-0.3193242,0.0604367,0.3018217,0.0986842,-0.0986842,0.1380959,0.1623589,-1.0105558,0.9491294,-1.0831016,-1.0961716,0.0965602,-0.2443138,-0.9317077,-0.7281848,1.3597048,-0.6392047,1.4283266,-0.8570917,-0.6392047,1.4283266,-0.6392047,1.4283266,0
0.4429224,0.4579924,0.4336519,-0.4697080,0.2465292,0.2556262,0.0986842,-0.0986842,1.1155820,-0.0692955,1.6968008,0.2507650,0.0223017,0.0217118,0.0916085,0.0421535,-0.5389895,-0.6737798,1.6747221,-0.4270993,-1.0036890,-0.7966925,-0.4270993,-1.0036890,-0.4270993,-1.0036890,0
0.3354609,0.2487307,0.2273020,-0.4432244,-0.1736267,0.3836384,-0.8289174,0.8289174,-0.8787640,-1.4564044,-2.1430014,-1.5492729,0.0304844,0.0300129,0.7508235,-0.2295702,-0.0588733,-0.1109964,0.8068438,-0.2289921,0.7927545,-0.1243321,-0.2289921,0.7927545,-0.2289921,0.7927545,0
-0.0893559,0.1047839,-0.2359550,-0.0603534,-0.0281973,0.5460791,0.0986842,-0.0986842,-1.0596274,1.3939525,-0.8970475,1.6509217,0.0300378,0.0295540,-0.2310654,0.5087731,-0.0388567,0.2030022,-0.2398262,-0.0679842,-0.0929421,-0.8601388,-0.0679842,-0.0929421,-0.0679842,-0.0929421,1
-0.2843369,-0.1331090,-0.0376448,1.0324706,0.1030365,-0.6153492,1.9538875,-1.9538875,-0.4280996,-0.7181430,-0.3730104,0.7964743,-1.3172745,-1.3328263,-0.8067101,1.3636147,-0.7486751,-0.7552905,0.8353685,-0.5002754,1.0716674,-0.8361213,-0.5002754,1.0716674,-0.5002754,1.0716674,1
-0.8565932,-0.8784815,-0.2991870,0.2091523,0.7067304,-0.3283366,-0.3651166,0.3651166,-0.0021495,-0.8493200,0.7416917,0.3063433,0.0230798,0.0225010,-0.2933918,-0.0803794,0.1720240,-0.0320373,-0.0473046,0.0185907,-0.1934081,0.0604605,0.0185907,-0.1934081,0.0185907,-0.1934081,1
0.4328071,0.2978881,0.3454517,-0.5921451,1.2278361,0.5378803,0.0986842,-0.0986842,1.3992621,0.9050985,0.1757249,-1.0402033,-0.1729283,-0.1760783,0.3726518,-0.3020990,0.2875641,0.1660048,0.3363416,0.0338405,-0.8850049,0.0057936,0.0338405,-0.8850049,0.0338405,-0.8850049,0
0.5462696,0.4877647,0.1288408,-0.8978298,0.9077810,0.5041379,1.0262859,-1.0262859,0.8087541,0.6937268,0.2533696,-0.5313191,0.6922834,0.7002762,-0.0073764,0.7418129,-0.4406923,-0.4494281,0.2790917,-0.4418572,0.6741746,-0.0913815,-0.4418572,0.6741746,-0.4418572,0.6741746,0
0.4347315,0.4396701,0.4530243,-0.8235866,0.1748225,0.5241857,0.8407655,-0.8407655,-0.3640899,0.4683092,-0.6196127,-2.3490527,0.9071949,0.9175948,-0.3802487,1.0095326,-0.7562436,-0.4982706,0.5024694,-0.3798738,-0.4825419,-0.8347179,-0.3798738,-0.4825419,-0.3798738,-0.4825419,0
0.5948396,0.3325371,0.1169993,1.3132738,0.3129103,1.0114387,1.0262859,-1.0262859,-0.0042161,0.4780414,0.0407892,1.4483050,-1.1396304,-1.1529740,1.6741073,-0.7631809,-1.0143749,-1.0978412,0.6221966,-0.7737880,-1.5242096,-0.8384866,-0.7737880,-1.5242096,-0.7737880,-1.5242096,1
-1.1600359,-1.2432337,-1.3589189,0.4918276,-0.4775491,-0.4134908,-1.1999581,1.1999581,-0.7277446,-2.5987343,-0.2173513,0.1150564,-0.0162596,-0.0173746,0.7907128,-0.2803894,1.2440202,1.2345902,-1.7914883,0.2089607,-0.6582775,-0.2783888,0.2089607,-0.6582775,0.2089607,-0.6582775,1
-0.0784087,0.1022345,0.2304762,0.3285299,-0.5807376,-0.5954892,1.0262859,-1.0262859,0.6626728,-0.5553264,-1.2063605,1.3983851,0.0774621,0.0776381,0.8997089,-0.1880365,0.2776089,0.3298321,-0.9578297,-0.3004933,-0.2752857,-0.2299466,-0.3004933,-0.2752857,-0.3004933,-0.2752857,0
-1.7125784,-1.8569689,-2.1909865,2.0783660,-0.9283102,-1.2598388,-0.8289174,0.8289174,-0.6907977,-1.5285719,-0.1100749,0.5826809,-0.0717080,-0.0735834,-0.6451460,-0.0169164,-0.0870522,0.0892333,-1.7284678,-0.2730417,-0.3882526,-0.8537509,-0.2730417,-0.3882526,-0.2730417,-0.3882526,1
-0.0621648,0.0691199,0.0399551,-0.0398009,0.1872062,-0.0787716,0.5624850,-0.5624850,-0.0727057,0.2910170,-0.1303525,-0.3121316,0.0627109,0.0626839,0.6406369,-0.2829071,1.2512162,0.9769034,1.1110949,0.5899043,0.1682123,0.4008080,0.5899043,0.1682123,0.5899043,0.1682123,0
0.3019670,0.1441495,0.5414881,-0.2995662,0.2099703,0.0659895,3.0140036,-3.0140036,0.2438007,0.4236905,0.2672550,-1.0259472,0.0520290,0.0518523,-0.2789504,2.3021809,0.8546559,1.6405403,-0.8246973,2.1324931,0.5431838,1.1678199,2.1324931,0.5431838,2.1324931,0.5431838,0
-1.0686092,-1.2248230,-1.5229320,2.7036687,6.1797231,2.7547935,0.0986842,-0.0986842,-0.4131456,1.0746829,-0.1355611,-0.6110973,0.0066209,0.0058383,-1.4429945,0.6095679,-0.8128511,-0.6381261,-0.4831758,-0.7413898,0.0690671,1.1658190,-0.7413898,0.0690671,-0.7413898,0.0690671,0
0.3532032,0.0970296,0.2588567,0.9552838,0.1826790,2.3021454,-0.8289174,0.8289174,-0.1870132,2.1633588,0.4437870,0.4786693,0.0248996,0.0243470,1.4482950,-0.7053852,-1.0918840,-1.0378165,0.9261847,-0.7705904,-1.7550405,-0.2021756,-0.7705904,-1.7550405,-0.7705904,-1.7550405,0
-0.4480516,-0.4956960,-0.5538734,2.8422752,-0.6959707,-0.0663986,-1.2927182,1.2927182,-2.3586120,-0.2583582,-1.3341349,3.0398433,-0.0582686,-0.0599097,-1.9977085,0.1376391,-1.3321623,-1.3994393,1.5900281,-0.7897758,-1.6446440,-0.6065338,-0.7897758,-1.6446440,-0.7897758,-1.6446440,1
0.3509470,0.3740247,0.4398710,-0.5522332,0.0883813,0.1203588,0.0986842,-0.0986842,0.3531111,0.5481012,-0.9653338,0.7353980,0.2640292,0.2665814,0.6887007,-0.9060052,-0.5342466,-0.6261184,0.9564267,-0.5409265,-0.0651833,-0.8595204,-0.5409265,-0.0651833,-0.5409265,-0.0651833,0
-0.0035222,0.0308128,0.4303544,0.0133390,-0.0914000,-0.4262631,1.0262859,-1.0262859,0.1389817,-0.7757752,0.9934675,1.7519162,-0.4428485,-0.4493116,0.4068534,-1.5841257,-0.7674820,-0.6927750,0.6519141,-0.6082244,-0.2136972,-0.8347692,-0.6082244,-0.2136972,-0.6082244,-0.2136972,0
-0.1258906,-0.3095509,0.0456416,0.5629252,-0.0531818,-0.0333554,0.5624850,-0.5624850,0.3145111,-0.7646646,-0.0046826,-0.5793691,-0.1390187,-0.1417590,0.2746833,-1.5559700,0.0690183,-0.0744076,-0.4052428,-0.3235446,1.2477245,-0.8586189,-0.3235446,1.2477245,-0.3235446,1.2477245,0
-0.6589406,-0.5967329,-0.6083985,0.4777658,-1.7730158,-1.1545364,-1.5709987,1.5709987,-2.3576172,0.0863142,-0.5189164,0.4563053,0.0203481,0.0197303,-2.3835867,2.1045062,0.2301825,0.3207677,0.0386708,-0.0458524,-0.7820615,-0.0936282,-0.0458524,-0.7820615,-0.0458524,-0.7820615,1
0.8974343,0.7877283,-0.0980183,-0.0153432,-0.8219461,-0.9076286,-0.3651166,0.3651166,-0.1686082,0.0684884,0.2608749,0.2326121,0.0323882,0.0319390,-0.0727350,0.8442314,2.7019384,2.6705073,-1.2641643,2.8609103,0.5059942,-0.8200399,2.8609103,0.5059942,2.8609103,0.5059942,1
1.6293671,1.8711862,0.8311628,-0.6202771,0.4104036,0.7324854,0.0986842,-0.0986842,0.4002756,0.3722939,-0.9821381,-0.3539747,0.0817013,0.0819297,-0.5986192,1.1158484,-0.2267151,0.9023491,-0.7466708,-0.2750924,0.6286960,-0.2075064,-0.2750924,0.6286960,-0.2750924,0.6286960,1
0.1650074,0.2259854,0.2105302,-0.1266416,-0.7343535,-1.7254129,-0.8289174,0.8289174,0.1623057,-0.1099904,0.7345883,-2.7657923,1.1270690,1.1389911,-0.0489015,0.6754515,-1.1693932,-1.1572431,0.4980678,-0.7626519,-0.8142405,1.2646312,-0.7626519,-0.8142405,-0.7626519,-0.8142405,0
0.3159391,0.1401256,0.3083535,0.5705195,1.1294944,1.8683608,1.0262859,-1.0262859,-0.0530860,1.3630615,1.0262556,-3.7717195,5.1464353,5.1676694,-0.2531921,0.1354133,-1.1011851,-1.2145125,0.9625947,-0.7737880,-1.6415039,-0.6190944,-0.7737880,-1.6415039,-0.7737880,-1.6415039,0
0.3029194,0.2849385,0.3388344,-0.2129144,0.9479798,1.1611167,0.0986842,-0.0986842,0.4727250,0.4894343,-0.8608357,-0.0911541,0.0849210,0.0852040,-1.1425276,0.1875607,1.9643366,1.9226161,0.4138848,3.1015578,0.3853372,0.2438686,3.1015578,0.3853372,3.1015578,0.3853372,0
0.3033626,0.4535009,0.7245335,-0.2628763,0.2928473,0.5456294,2.1857879,-2.1857879,0.0859878,0.5408874,-0.6411814,0.1829729,0.0677742,0.0678181,-0.1559031,-0.3749830,3.6575664,3.3788483,-1.4119167,4.8345999,-1.6331451,-0.8577096,4.8345999,-1.6331451,4.8345999,-1.6331451,0
0.3556098,0.2597982,-0.0921351,0.1749726,-1.8045322,-1.3418052,-0.2105163,0.2105163,-1.3147071,-0.7384783,0.2864316,0.0693613,0.0485465,0.0483209,-0.1607719,0.0032391,0.6271860,1.6324205,-0.7634024,1.1749310,-1.7961289,-0.0373397,1.1749310,-1.7961289,1.1749310,-1.7961289,0
-1.4643675,-1.6156790,-0.1379694,0.3482101,-0.1234840,-0.1475326,1.5828468,-1.5828468,0.1563798,-0.1389636,-0.4754408,-0.3804155,0.0478828,0.0476481,0.1208234,0.1462924,1.1568130,0.9242479,-1.7356192,0.3599911,-0.5591420,-0.0380454,0.3599911,-0.5591420,0.3599911,-0.5591420,1
-0.3963257,0.2442918,-0.0493641,0.4146930,-0.3733340,-0.4314501,-0.8289174,0.8289174,-0.4706621,-0.2462001,0.6763437,-0.2190225,0.1357195,0.1367081,-0.0752623,0.3580625,2.4738268,2.2275012,-1.5214792,0.3511980,0.0993221,-0.6562981,0.3511980,0.0993221,0.3511980,0.0993221,1
0.1783440,0.0643432,0.2470459,0.0562276,1.1337850,0.5180396,0.0986842,-0.0986842,-0.1864206,0.6670854,-1.3014764,0.5804219,0.1748533,0.1763139,0.6449445,-0.2034241,-0.8459792,-0.7921705,1.1505833,-0.5572196,1.0188371,-0.8087139,-0.5572196,1.0188371,-0.5572196,1.0188371,1
-0.6039084,-0.8532276,-0.6312181,2.8197353,-0.7438678,0.9763539,0.0986842,-0.0986842,-1.3842918,1.0849097,-0.9172741,-0.2131062,-0.5621390,-0.5695821,-0.3906743,0.2218461,-1.0544965,-1.0913596,0.3884821,-0.7641953,-0.8749675,2.4221851,-0.7641953,-0.8749675,-0.7641953,-0.8749675,1
0.3878609,0.2756356,0.0822595,0.1536802,0.4734499,0.3362327,0.0986842,-0.0986842,-0.0935747,0.0735784,0.5528058,-0.2321342,-0.9655823,-0.9775487,0.1525023,-0.3853332,-0.8556855,-0.8313349,1.1536206,-0.6637177,0.8320176,-0.8398270,-0.6637177,0.8320176,-0.6637177,0.8320176,0
0.3275280,0.4021183,0.6321943,-0.4018716,1.0134328,0.7224151,0.0986842,-0.0986842,1.7442727,0.1773484,-0.0400164,-0.1255138,-0.0269397,-0.0282103,0.2476963,0.2636359,-0.1895140,-0.3776679,0.7179117,-0.3288709,1.1638109,-0.1924335,-0.3288709,1.1638109,-0.3288709,1.1638109,0
0.5100614,0.4012472,0.4774427,-0.1642347,0.3425451,0.3866120,1.0262859,-1.0262859,0.9266355,0.2426903,0.6437556,0.4051148,0.2034882,0.2053565,0.1600407,-0.1624606,0.1430525,0.1377435,0.0834219,-0.2588587,-0.5616507,2.2080730,-0.2588587,-0.5616507,-0.2588587,-0.5616507,0
-0.5183510,-0.6866596,-0.4373017,0.7616080,-1.6076074,-1.5025522,-0.8289174,0.8289174,-1.7208051,-0.9227116,0.4753125,0.5297092,-0.0311995,-0.0325269,0.5779012,0.3663735,0.2102693,0.2626620,-1.4012984,0.4274339,1.1061247,0.7308908,0.4274339,1.1061247,0.4274339,1.1061247,1
0.6066750,0.5243044,0.4644175,-0.9263716,0.0654881,0.7906722,-0.8289174,0.8289174,0.5126940,-0.4528957,-0.3720088,-0.7704316,0.1882764,0.1899416,0.1023320,1.3247048,-0.8962531,-0.9231053,1.2664955,-0.5873509,1.6366483,-0.0409028,-0.5873509,1.6366483,-0.5873509,1.6366483,0
-2.7512708,-2.6163221,-2.1100067,2.6994715,-1.4500105,-2.1930983,-1.2927182,1.2927182,-2.3867168,-1.6213713,-1.0134565,0.9416625,-2.9365893,-2.9611439,-0.9489219,0.9054490,-0.8065285,-0.8235927,1.0228247,-0.6460088,0.8249283,-0.7995303,-0.6460088,0.8249283,-0.6460088,0.8249283,1
0.2254251,0.2192258,0.3486219,0.0542235,0.0888596,0.2003379,0.0986842,-0.0986842,0.2068061,-0.1277858,-0.8350084,-2.2253258,0.7777338,0.7865149,0.2193374,-0.4177640,-0.9449502,-1.0050959,1.0858178,-0.6774537,1.2888022,-0.1757123,-0.6774537,1.2888022,-0.6774537,1.2888022,0
0.3963517,0.3792730,0.5728012,-0.9048826,0.5194325,0.9144182,-0.8289174,0.8289174,0.1254141,-0.1058884,1.8066149,-1.3671364,-0.0527612,-0.0543554,-0.1246749,0.4617586,-0.4803372,-0.6059964,1.3483112,-0.4946385,0.2799673,-0.8295752,-0.4946385,0.2799673,-0.4946385,0.2799673,0
0.3030140,0.1717357,-0.0806578,-0.2617268,-0.3372888,-0.0489255,0.0986842,-0.0986842,-0.4058761,-0.2298796,-1.3779961,-0.7219900,-0.3926513,-0.3983936,0.3099840,-0.4766842,-0.4130753,-0.2790526,1.4500957,-0.5210975,0.7468941,-0.8474593,-0.5210975,0.7468941,-0.5210975,0.7468941,0
0.2861267,0.2448287,0.2480626,2.0267794,-0.1655652,-0.0123746,0.0986842,-0.0986842,0.2838771,0.1709127,0.2373886,-0.1576238,0.2500893,0.2524403,3.1356415,-1.1588487,-1.1693935,-1.2071289,0.2326941,-0.6194445,1.5394054,2.2169086,-0.6194445,1.5394054,-0.6194445,1.5394054,0
0.2420627,0.0117211,0.3574199,1.2778406,0.7809023,0.7154227,0.0986842,-0.0986842,-0.1683202,4.0094601,0.4012348,-0.3850268,-1.6658689,-1.6839863,1.2214905,-1.9124017,-0.9771705,-0.8452442,0.1475894,-0.7617060,1.1042108,-0.8518603,-0.7617060,1.1042108,-0.7617060,1.1042108,0
0.2013661,0.2234055,0.3299577,-0.2477078,0.3330885,0.1752637,1.0262859,-1.0262859,0.1221913,0.3269182,-0.2244025,0.5288059,0.1164872,0.1172068,0.5254243,0.1649059,-0.3994365,-0.0544725,0.2946665,-0.5444032,0.6954088,-0.8566316,-0.5444032,0.6954088,-0.5444032,0.6954088,0
0.0977104,0.1530435,0.3459851,-0.4987367,0.5196942,0.4573225,-0.8289174,0.8289174,0.6242234,-0.5674624,-1.1257682,-0.8576765,-0.0164546,-0.0175802,1.1088467,-0.5513074,-0.4775820,-0.5581005,1.3077569,-0.4379218,-0.4252233,1.6329470,-0.4379218,-0.4252233,-0.4379218,-0.4252233,0
-0.5223627,-0.5311335,-0.4451902,1.0933964,-2.3127894,-1.9541296,0.0986842,-0.0986842,-1.7115122,-1.9711034,0.0380112,-0.1863620,-0.1582371,-0.1612294,3.6859517,-2.2419486,-0.6036285,-0.6968571,0.5294105,-0.3228098,-0.1261692,-0.0421179,-0.3228098,-0.1261692,-0.3228098,-0.1261692,0
-0.6810394,-0.7621421,-0.2983674,1.5497087,-0.3262547,-0.2633181,0.0986842,-0.0986842,-0.7884659,-1.3818148,0.8348272,1.1130448,-0.8045181,-0.8152463,0.4484263,-1.0606088,-0.7852835,-0.9129661,0.5352940,-0.6194445,0.9492445,-0.8535755,-0.6194445,0.9492445,-0.6194445,0.9492445,0
0.0569720,0.0258285,0.1851520,0.2223746,-0.2626175,-0.4696140,-0.8289174,0.8289174,-0.1053359,0.2202140,0.1501446,0.4812201,0.0607328,0.0606780,1.4571566,-0.9787889,-0.0892233,-0.3084312,0.1004402,-0.2431169,-0.2059028,-0.3114423,-0.2431169,-0.2059028,-0.2431169,-0.2059028,0
0.8430023,0.4774851,0.5236255,-2.4001990,0.5715585,0.3885118,-0.8289174,0.8289174,0.8247880,0.4340030,-1.6720515,-0.1967737,0.0768193,0.0769867,-0.3482789,0.1086352,-0.5373013,-0.4796457,-0.8856043,-0.6057765,-1.4651031,-0.0914240,-0.6057765,-1.4651031,-0.6057765,-1.4651031,1
0.1472638,0.2186036,0.3352792,-0.2469419,0.1090772,-0.0671119,0.0986842,-0.0986842,0.6895111,-0.1831525,0.0448384,1.2063188,-0.4279857,-0.4342651,0.1937354,-1.1998192,-0.6686498,-0.7416857,1.3702943,-0.6389262,0.6406133,-0.8361361,-0.6389262,0.6406133,-0.6389262,0.6406133,0
0.4458024,0.5127606,0.2196086,1.0589281,-0.3476613,-0.2756523,0.0986842,-0.0986842,0.2087666,-0.4467326,-0.5982776,1.7785501,0.0466660,0.0464141,0.3403056,-0.6584990,-0.8345600,-0.8061935,-0.2595535,-0.6226385,1.7870465,-0.7632519,-0.6226385,1.7870465,-0.6226385,1.7870465,0
-0.3025597,-0.1598822,0.2372248,-0.8045382,1.3960655,0.7248289,0.0986842,-0.0986842,0.7019083,0.5046014,0.0298299,0.1904505,-0.1153661,-0.1177275,0.9147116,-0.4040384,-0.4633720,-0.5319331,0.7706799,-0.4379218,0.2003992,-0.2292959,-0.4379218,0.2003992,-0.4379218,0.2003992,0
-3.2008107,-4.1184723,-4.5655711,0.9759165,-1.5168403,-2.5865841,-1.4914900,1.4914900,-0.5280800,-0.0571905,-1.0066384,-0.6492350,0.0640006,0.0639916,-0.9811655,0.5128715,1.1926482,1.1273471,-0.0586508,0.8637919,-2.1829131,0.1211645,0.8637919,-2.1829131,0.8637919,-2.1829131,1
-1.0738811,-1.1456969,-0.8651166,0.0156285,0.5995089,0.8679546,0.0986842,-0.0986842,0.1713527,0.6313420,-0.0706433,0.3683657,0.0702800,0.0703589,0.9853453,-1.0433460,2.4254943,1.9677987,-0.8724967,3.7781079,-0.6278400,-0.1243893,3.7781079,-0.6278400,3.7781079,-0.6278400,1
0.7580542,0.8987040,0.4847529,-0.2833011,0.3219100,1.2221460,0.0986842,-0.0986842,1.0236664,-0.8722416,-0.1414152,0.0105135,-0.2090861,-0.2125931,-0.5823298,1.7583990,-0.3935671,-0.1598430,-0.2291117,-0.4902853,1.2407583,-0.0420257,-0.4902853,1.2407583,-0.4902853,1.2407583,1
0.3171570,-0.0392435,-0.6588539,0.3073932,0.3217901,0.4684948,-0.8289174,0.8289174,-1.0159463,-0.4626654,0.3748804,-0.5719645,-0.1914153,-0.1947918,1.7784386,-0.6771917,0.1921563,0.0462599,0.1401059,-0.2305054,-0.9718577,-0.0423157,-0.2305054,-0.9718577,-0.2305054,-0.9718577,0
0.4219580,0.3454070,0.1609233,0.2482298,0.3386519,0.1638370,0.0986842,-0.0986842,-0.1447327,0.1051567,-0.3088744,0.7496093,-0.0642328,-0.0659818,0.1743060,-0.5458349,-0.4633720,-0.1299479,-0.7763025,-0.2924654,0.6869348,-0.3606164,-0.2924654,0.6869348,-0.2924654,0.6869348,0
-0.0554243,0.0010688,0.1462436,0.2549048,0.2068257,0.3239372,0.0986842,-0.0986842,-0.2670873,-0.3532952,1.5107617,0.6836022,0.4436821,0.4482702,0.1832589,-0.1722061,-0.5740221,-0.6428114,1.0446315,-0.5449833,1.3966888,-0.8589040,-0.5449833,1.3966888,-0.5449833,1.3966888,0
0.0775397,0.4780604,0.6111156,0.1178463,0.1185905,0.2182512,0.0986842,-0.0986842,1.0337051,0.6207932,-0.2537951,-0.1651503,1.2031908,1.2164501,0.0390816,-0.4343649,-0.4402247,-0.1987127,-0.3712948,-0.3538015,0.3454945,-0.2416191,-0.3538015,0.3454945,-0.3538015,0.3454945,0
0.5963924,0.6836718,0.3618124,-0.7068351,0.2461176,0.2963080,-0.8289174,0.8289174,0.5433953,0.3134121,0.1126155,1.7048054,-0.1286173,-0.1312237,-0.0829822,0.1533321,-0.4791271,-0.1642007,-0.9470434,-0.4339863,1.3475908,-0.6817819,-0.4339863,1.3475908,-0.4339863,1.3475908,0
0.0798427,0.1441416,0.0970059,0.3689473,-1.2782392,-0.3428573,0.0986842,-0.0986842,0.1102770,-0.0934909,-2.4125799,0.6208176,-5.8129364,-5.8269388,1.6973192,-1.2797165,-1.2653064,-1.3550788,1.5434668,-0.7817819,-1.6686467,0.0545610,-0.7817819,-1.6686467,-0.7817819,-1.6686467,1
0.7598821,0.1431959,-0.1825209,0.2655078,-0.5402578,-0.2866316,-1.2927182,1.2927182,-0.6721365,-0.2915823,0.6748695,0.2035169,0.0698096,0.0698821,-0.9523502,0.9564345,1.4951896,1.6467744,-1.7002173,1.2956448,-0.8825955,-0.6563099,1.2956448,-0.8825955,1.2956448,-0.8825955,1
-0.4960088,-0.4233064,-0.1657466,0.4505464,0.0260048,-0.3168389,-0.3651166,0.3651166,-1.3124060,-0.2160856,-0.4331092,0.5535326,-0.5120419,-0.5194911,-0.7466859,1.2976507,-0.7170989,-0.6535588,0.7411973,-0.5208189,-0.6623855,-0.8273338,-0.5208189,-0.6623855,-0.5208189,-0.6623855,1
0.2558539,0.1466459,0.4015753,-0.2130134,1.4032613,1.2907785,-0.3229529,0.3229529,0.7320722,0.2042978,-0.4200127,-0.4019452,-0.0125983,-0.0136718,-0.5200976,0.4199973,1.4318709,1.0639573,1.1341217,1.0536431,0.4941734,0.3666245,1.0536431,0.4941734,1.0536431,0.4941734,1
0.1339525,0.1716309,0.1042991,0.9764307,0.3923843,-0.0312341,1.4900867,-1.4900867,-0.0671048,0.1865573,0.2842318,1.0241716,-0.1350703,-0.1377844,-0.0559791,-0.9191554,-1.0763822,-1.0023261,0.2471391,-0.7299855,1.2414130,-0.1848154,-0.7299855,1.2414130,-0.7299855,1.2414130,0
0.0340616,-0.0993656,-0.2159322,0.5672314,-1.6190722,-1.6426751,-1.7565190,1.7565190,-1.2708180,0.0181265,0.5475026,0.3846320,-0.1574671,-0.1603926,-0.0280116,0.0180297,-0.1456625,-0.2701868,0.6968617,-0.4761659,-0.3358589,0.1237382,-0.4761659,-0.3358589,-0.4761659,-0.3358589,1
0.7409908,0.9149631,0.7767737,-0.9208569,0.4966515,0.9676026,1.0262859,-1.0262859,0.6822984,1.1869267,1.1120320,-0.2663141,0.1020557,0.1025767,-0.9764127,0.5390701,0.4439163,0.4450409,-0.2573206,0.2079843,-0.5191580,-0.2468120,0.2079843,-0.5191580,0.2079843,-0.5191580,0
1.1291415,1.4133958,1.3862658,-5.9124648,0.8621970,0.3868243,0.0986842,-0.0986842,1.2819901,0.7398735,0.1322950,-0.0466908,-0.0162491,-0.0173731,-0.4245273,0.5151394,-0.2572807,-0.0492429,-0.0176376,-0.4099638,-1.3136488,-0.8577061,-0.4099638,-1.3136488,-0.4099638,-1.3136488,0
0.3163808,0.4553609,0.3372760,-0.0975499,-0.0363396,0.4521823,0.0986842,-0.0986842,-0.3724169,-1.3169644,-1.2706714,-0.0197157,0.0663458,0.0663698,0.0844957,0.1722738,-0.1695252,-0.1824001,0.3168466,-0.4918299,1.0784856,-0.6556970,-0.4918299,1.0784856,-0.4918299,1.0784856,0
0.4506066,0.2885805,-0.2068574,-0.0889277,0.5089791,0.3399696,1.7683672,-1.7683672,1.1052839,0.5072821,-0.0207019,0.1815472,-0.1700997,-0.1732888,-0.0120275,-0.5415250,-0.0161252,0.0913081,-0.1892515,-0.1828655,1.1868030,-0.6264673,-0.1828655,1.1868030,-0.1828655,1.1868030,0
0.0499357,0.1294920,0.4497689,-0.5689437,1.2204566,0.5150551,1.9538875,-1.9538875,0.5567634,0.2248267,-0.2780874,-0.2992590,5.5843582,5.6004739,-0.3297021,0.5159439,-0.3551069,-0.3795194,0.8032166,-0.5922313,0.4656390,-0.7042841,-0.5922313,0.4656390,-0.5922313,0.4656390,0
0.2250140,0.3079730,0.3743694,-0.1442640,-0.0184159,-0.3770196,0.0986842,-0.0986842,0.4573558,-0.0251188,0.9218635,-0.2665645,0.0746767,0.0748142,-0.0566828,0.4154771,-0.5707362,-0.2424956,0.2697273,-0.4389221,1.3178886,-0.2449595,-0.4389221,1.3178886,-0.4389221,1.3178886,0
1.4479285,0.8277888,-0.2649747,0.0159202,-0.6659311,-0.8174688,-0.2193506,0.2193506,-0.3503672,-0.0410044,0.4934405,0.0278453,0.0625490,0.0625196,-1.2357479,0.6067513,3.2921722,2.8705509,-1.9045418,2.0886384,-1.2237599,1.6112002,2.0886384,-1.2237599,2.0886384,-1.2237599,1
0.6925693,0.7276562,0.7937403,-1.4990100,1.1912182,1.1591498,0.5624850,-0.5624850,0.5930406,0.7201705,-0.1626178,-0.8164805,0.2584874,0.2611376,0.6916840,-0.3927400,0.1090807,0.1770022,-0.6668150,0.2925965,0.0770566,0.1036128,0.2925965,0.0770566,0.2925965,0.0770566,0
-0.8858115,-1.0713115,-1.5738124,0.5932130,-2.9088133,-3.6501664,-0.2988593,0.2988593,-1.2201670,-0.4701661,0.1035385,0.2719248,0.0733164,0.0734381,1.3205523,0.1539334,2.8196313,2.7249610,-2.0469660,1.3856873,-0.9581613,0.8072921,1.3856873,-0.9581613,1.3856873,-0.9581613,1
0.0462421,-0.1018965,0.2152761,0.1745491,0.0676429,-0.3456035,1.4900867,-1.4900867,0.0227330,0.3925760,0.5034424,1.0805996,-0.6317564,-0.6405296,0.9279204,-1.0367004,-0.7440224,-0.5711011,-0.0818709,-0.5160265,-0.1861932,-0.8511114,-0.5160265,-0.1861932,-0.5160265,-0.1861932,0
0.4030630,0.4384279,0.3895154,-0.1393361,0.7592625,0.6242544,-0.8289174,0.8289174,-0.5184395,0.8170689,0.4391261,0.7206552,-0.6478294,-0.6562967,0.2985480,-0.5633354,-0.1747849,-0.3811785,0.8239871,-0.5152530,0.2371391,-0.8602129,-0.5152530,0.2371391,-0.5152530,0.2371391,0
0.8504836,0.9950931,0.6226582,-1.4150136,0.7571944,0.5486554,1.0262859,-1.0262859,0.9359989,0.5852945,-3.6911026,-0.3768960,0.2331568,0.2354094,0.2732868,0.2455296,-0.1961658,-0.3000904,-0.5504641,-0.5164727,1.4759880,-0.6548424,-0.5164727,1.4759880,-0.5164727,1.4759880,0
0.2736183,0.1771287,0.2530930,-0.1091499,-0.2841968,-0.2773742,-0.3651166,0.3651166,0.9091581,-0.3187406,0.9998285,0.7909976,-0.0683137,-0.0701452,0.4082107,0.3355635,0.7115190,0.5374733,0.7137001,0.2301212,-1.1299518,-0.8608506,0.2301212,-1.1299518,0.2301212,-1.1299518,0
-0.0059474,0.0203632,0.0995396,0.0480118,-0.6905364,-0.3504624,-2.2203199,2.2203199,-0.3143591,0.0252933,-0.1587893,0.6380265,0.0576630,0.0575654,-0.1723946,0.3630770,-0.5355730,-0.5241886,0.3800807,-0.4034866,0.8363710,-0.2413834,-0.4034866,0.8363710,-0.4034866,0.8363710,0
0.4654707,0.4465737,0.2207700,0.0608857,0.3508132,0.3044362,1.0262859,-1.0262859,0.6870637,0.7404198,-0.0771696,0.8235540,-0.0373650,-0.0386595,0.0202553,-0.6358551,-0.5355730,-0.6142801,0.2756797,-0.6114213,0.6073598,-0.8225097,-0.6114213,0.6073598,-0.6114213,0.6073598,0
0.0382373,-0.5204354,-0.4381067,0.6637139,-1.0257328,-1.2034164,0.0986842,-0.0986842,-1.0537542,-1.8147831,-0.3935078,0.5335279,-0.7319088,-0.7417658,0.6919624,-0.9404979,-0.6433427,0.1114735,0.0567938,-0.2303267,0.3624251,-0.5192625,-0.2303267,0.3624251,-0.2303267,0.3624251,0
-0.3657046,-0.3205647,-0.0283384,0.1348612,-0.3737600,-1.0585438,1.4900867,-1.4900867,0.0414320,1.1322848,0.2049648,-2.4744961,0.0721482,0.0722530,0.3092050,-1.3872802,-0.5693638,-0.5175238,0.6117518,-0.2460685,0.1362360,-0.8603473,-0.2460685,0.1362360,-0.2460685,0.1362360,0
0.3297551,0.4228536,0.3789978,-0.1994303,0.5939868,-0.0862620,0.0986842,-0.0986842,2.0478784,0.0318481,2.5150120,0.3399905,0.7937251,0.8026224,0.5295620,0.1526165,-0.6380774,-0.7360405,1.1484700,-0.5392596,-0.3797667,-0.2076866,-0.5392596,-0.3797667,-0.5392596,-0.3797667,0
-0.1888369,-0.2843311,0.1989197,-0.5451563,1.7585248,1.1619322,-1.0939464,1.0939464,2.1285013,0.1028196,0.2293314,0.0752385,0.0238255,0.0232575,-0.0341307,-0.5194617,0.1341650,0.0497062,0.5842009,0.1346865,-0.6792984,-0.1789053,0.1346865,-0.6792984,0.1346865,-0.6792984,1
0.6941962,0.5844739,0.5527533,-1.6732459,1.2675990,1.0179538,0.0986842,-0.0986842,0.2131534,0.4879531,2.0335882,-0.3374390,1.8499680,1.8688488,0.7464166,-2.2847169,-0.8277954,-0.7871192,1.1543560,-0.4693055,-0.0168031,-0.8559128,-0.4693055,-0.0168031,-0.4693055,-0.0168031,0
-1.2056496,-1.9327105,-2.4620032,1.6180336,-3.9920590,-4.2007192,-2.3362701,2.3362701,-4.4173330,-2.0345933,2.0912709,-0.7884760,-0.5521377,-0.5600666,0.3714569,0.3200017,-0.0215394,-0.0440668,-0.3545726,-0.0776687,-1.7349405,-0.7333281,-0.0776687,-1.7349405,-0.0776687,-1.7349405,1
0.4212845,0.2958735,0.4618984,-0.2261667,0.6134516,0.0522587,0.0986842,-0.0986842,0.1752370,0.5293043,-0.0170841,0.5354313,-0.1166013,-0.1190661,1.7437710,-0.6404031,-0.4498931,-0.3398031,-0.4958389,-0.1614563,1.4610242,-0.4210129,-0.1614563,1.4610242,-0.1614563,1.4610242,0
0.2400337,0.2316786,0.2208492,-0.1623939,0.0258437,-0.1089823,1.0262859,-1.0262859,0.1055635,-1.2934023,-0.1549822,0.1125774,0.1498873,0.1510705,0.4779902,-0.4734104,0.1921563,-0.0077122,0.7047213,-0.1449146,-1.6636783,-0.2086901,-0.1449146,-1.6636783,-0.1449146,-1.6636783,0
0.0988488,0.0692451,0.1248385,-0.3518015,0.2562716,-0.3038582,0.0986842,-0.0986842,1.9307227,-0.8621202,0.6244192,1.0902771,-0.0333111,-0.0346664,-1.0650357,1.9051244,-0.1213685,-0.1972139,1.4956301,-0.3245795,-1.9805884,-0.8526792,-0.3245795,-1.9805884,-0.3245795,-1.9805884,1
0.5655009,0.5574056,0.3403461,0.1037362,-2.6487049,0.7525584,2.8814891,-2.8814891,-2.0795610,0.2446685,0.2452009,0.4104736,-0.2814083,-0.2859319,1.2579005,-1.0747431,-0.3633118,-0.4359546,-0.6945113,-0.3538015,0.1811730,1.5966857,-0.3538015,0.1811730,-0.3538015,0.1811730,0
0.1816220,0.2531184,0.2974705,-0.1923950,0.2509223,-0.2948733,-2.0657196,2.0657196,-0.3892361,0.4529362,0.9525213,0.1288140,0.0700486,0.0701242,0.2296457,-0.3535273,0.7551052,0.5865901,1.1133655,0.2107626,0.8035341,-0.8073477,0.2107626,0.8035341,0.2107626,0.8035341,0
0.1256759,0.1808473,0.1623006,-0.2431656,-0.1587221,0.4041691,0.0986842,-0.0986842,0.0761652,-0.0332248,-1.4288129,-0.5122275,0.1091372,0.1097584,-1.6263876,1.7889471,-0.3126959,-0.4289881,0.5545735,-0.4576606,1.2974286,-0.2452818,-0.4576606,1.2974286,-0.4576606,1.2974286,0
0.4159369,0.4234402,0.2618411,0.1046988,0.8716821,0.2594286,0.0986842,-0.0986842,0.2371610,0.4477684,0.7128757,2.9490973,-1.4993289,-1.5151986,0.3568251,0.4023177,-0.9149465,-0.8963784,0.5981008,-0.6356782,0.8223673,-0.8223038,-0.6356782,0.8223673,-0.6356782,0.8223673,0
-0.8058856,-0.5985944,-1.5255130,0.4183193,0.5086636,0.4334004,-0.3783680,0.3783680,-0.6692138,-0.1564034,-0.0436009,-0.5059707,-0.1076593,-0.1100216,-0.6483832,0.3794585,1.0776545,1.3122106,-0.7922806,1.0513813,-1.9081744,2.1482467,1.0513813,-1.9081744,1.0513813,-1.9081744,1
-0.0682836,-0.0871613,-0.2395861,0.8728964,-0.3637568,-1.0458972,1.0262859,-1.0262859,0.3592849,-0.1370069,1.1356097,1.0015665,0.0905983,0.0909610,-0.6248992,0.4607351,-0.7272101,-0.6984691,-0.3514769,-0.3906963,1.4812289,-0.7391229,-0.3906963,1.4812289,-0.3906963,1.4812289,0
-0.0350820,-0.1616811,-0.1149910,-0.0597243,-0.3760917,-0.6690505,0.6552452,-0.6552452,-0.0721434,0.1410966,0.1677834,-0.3919450,0.0639671,0.0639576,-0.0126532,0.0148553,1.6791858,1.7465111,-0.7344568,3.1857013,-0.6102106,3.7374518,3.1857013,-0.6102106,3.1857013,-0.6102106,1
-0.4434418,-0.5721503,-1.2849855,0.4953074,-0.1638302,-0.7748352,0.4697249,-0.4697249,0.5335973,-1.7830824,-5.2573109,0.6785796,0.0504571,0.0502589,0.7050936,-2.4281289,0.9435635,0.8931263,-1.1257418,0.9203011,-0.9415735,-0.1243822,0.9203011,-0.9415735,0.9203011,-0.9415735,1
0.0222093,0.1387263,0.6992808,-0.4122937,0.8666103,0.9618940,1.9538875,-1.9538875,0.3090004,-0.0481097,1.3369149,-1.0880543,0.0479419,0.0477228,0.3072362,-0.5938510,-0.6554340,-0.7424918,0.4814416,-0.3431465,0.9519985,-0.7913172,-0.3431465,0.9519985,-0.3431465,0.9519985,0
-0.0698740,-0.1098407,0.9472035,-0.8252526,0.8338058,0.4867987,-0.3651166,0.3651166,1.3119524,0.7048813,-0.0602751,0.2858293,-0.6654403,-0.6746675,-0.5071468,0.5035430,0.5897291,0.3732985,-1.3348315,0.1410816,-0.4580546,-0.0693944,0.1410816,-0.4580546,0.1410816,-0.4580546,0
0.8130369,0.6647263,0.4942939,-0.9789816,0.3572192,0.3019721,0.0986842,-0.0986842,0.4470211,0.3516960,0.7610436,1.5021924,-0.9016569,-0.9133336,-0.3578308,0.3960077,-0.6131228,-0.4272503,-0.2196249,-0.5407354,0.4096151,-0.0409138,-0.5407354,0.4096151,-0.5407354,0.4096151,0
-0.0697533,-0.0570420,-0.8036262,0.6920141,-2.0218602,-1.9052740,-0.3651166,0.3651166,-1.7375931,-1.6685891,-1.1773965,0.0534959,0.0428492,0.0425447,-0.0727005,0.5883677,1.4242292,1.4398816,-1.2019737,1.3049915,-1.1304822,0.1620360,1.3049915,-1.1304822,1.3049915,-1.1304822,1
0.0219902,0.0671698,0.2347140,0.3324731,0.5771572,0.5582560,-0.8289174,0.8289174,2.9467492,0.4423222,-0.6794303,0.4322570,-0.5656589,-0.5733706,0.4723292,-0.9105887,-1.0453486,-0.9728680,0.7708776,-0.3572450,-0.8154793,-0.2223604,-0.3572450,-0.8154793,-0.3572450,-0.8154793,1
0.3817516,0.4333918,0.8540342,-0.4387583,0.2914527,0.4579104,0.0986842,-0.0986842,0.3443291,-1.1350720,-0.3561107,-1.8475573,0.0995980,0.1000819,0.7037416,-0.6679725,-0.1134081,-0.2967402,0.2267554,0.1041867,-0.8358674,-0.7393619,0.1041867,-0.8358674,0.1041867,-0.8358674,0
0.2102183,0.0833852,0.2674397,-0.1030594,0.5809823,0.4539030,0.0986842,-0.0986842,0.2385575,-0.8332432,-0.9626131,0.6824452,-0.1182253,-0.1206752,0.3220432,-0.0625291,-0.7597574,-0.8182574,1.7148693,-0.4666953,0.7144272,0.1759827,-0.4666953,0.7144272,-0.4666953,0.7144272,0
0.3742766,0.3024763,0.4961768,-1.2075095,0.6340929,0.5027784,0.0986842,-0.0986842,0.8648103,0.9470430,1.4753792,-1.2156950,-0.4883340,-0.4954639,0.0773974,-0.5429931,-0.6456206,-0.5591377,0.6838944,-0.3646240,-0.7298397,0.3668554,-0.3646240,-0.7298397,-0.3646240,-0.7298397,0
0.3032284,0.2562455,0.2492139,0.1437117,-0.2566817,0.0128752,0.0986842,-0.0986842,-0.1916236,-0.1790634,0.7290117,-0.4402231,-0.8567814,-0.8680855,0.2532635,-0.0765096,-0.7430921,-0.8728928,1.0375684,-0.5687755,0.7737526,-0.0401611,-0.5687755,0.7737526,-0.5687755,0.7737526,0
0.6661266,0.8627651,1.2349095,-1.8056429,1.0338146,1.0872672,0.0986842,-0.0986842,1.9865498,1.3946643,-0.1685950,-1.6578037,-0.1657941,-0.1689055,0.7146981,-0.7300405,-0.3935666,-0.2766249,0.3589960,-0.3769557,1.1449926,1.1931028,-0.3769557,1.1449926,-0.3769557,1.1449926,0
0.3082244,0.2766990,0.1592372,0.2276041,1.1352946,1.9039153,-0.8289174,0.8289174,0.0916959,4.8221798,1.8291422,-0.8357172,-0.7008172,-0.7103977,-0.8090958,0.9963467,-1.1027353,-0.8429820,-0.0476220,-0.7426388,-0.3015390,-0.8001889,-0.7426388,-0.3015390,-0.7426388,-0.3015390,0
0.4382518,0.4390493,0.3205669,-0.0827621,0.2032682,0.1521858,0.0986842,-0.0986842,-0.1774923,-0.9691292,-0.4004298,-0.9886277,-0.3592559,-0.3637864,0.6445298,0.1689697,-0.2926094,-0.3619775,0.2201089,-0.4940019,0.0520501,-0.8529765,-0.4940019,0.0520501,-0.4940019,0.0520501,0
0.4480509,0.4702931,0.3511134,-0.3186434,0.4985824,0.5001940,0.0986842,-0.0986842,0.2596730,0.3457940,-0.1223020,0.1956712,0.1912018,0.1928706,0.1650192,-0.5646008,-0.5338183,-0.5902818,0.5504306,-0.6069910,1.4642739,-0.6545209,-0.6069910,1.4642739,-0.6069910,1.4642739,0
0.4366311,0.2997749,0.7469966,1.1527621,0.6063125,2.1690505,0.0986842,-0.0986842,-0.1867086,1.1799812,-0.8724311,0.9603218,-1.0932033,-1.1067569,0.3218625,-1.3362763,-0.8903595,-0.9243625,-0.4757857,-0.7535820,0.5203189,1.6693348,-0.7535820,0.5203189,-0.7535820,0.5203189,0
0.4590885,0.4393378,0.4406103,-0.5111183,-0.2158083,0.1532141,-0.8289174,0.8289174,0.8483975,0.2033322,-0.5409018,-2.0182115,0.3664568,0.3704704,-0.2647886,0.1795603,-0.6222526,-0.7882583,1.6401327,-0.3975834,-1.1436722,-0.8604291,-0.3975834,-1.1436722,-0.3975834,-1.1436722,0
-1.1251141,-0.9248948,-0.1965625,0.5954201,-1.0926856,-1.1992224,0.2842046,-0.2842046,-1.3127003,-0.7910076,0.7530784,-0.0914836,0.1012950,0.1018062,-0.0905871,-0.0684833,0.6150635,0.6351778,-1.2597561,0.0495823,-0.4623459,0.1518567,0.0495823,-0.4623459,0.0495823,-0.4623459,1
-7.0294464,-6.5386204,-6.5294517,1.5986438,0.6529170,-0.3965490,1.7041486,-1.7041486,1.5104216,-0.6477483,0.1048391,-0.0022445,-0.2494267,-0.2536489,0.2603285,0.8288530,-0.0116631,-0.0135175,0.8426259,-0.1570289,-0.9533683,-0.0424264,-0.1570289,-0.9533683,-0.1570289,-0.9533683,1
0.3804150,0.2893824,0.5184371,0.3880891,0.5082811,0.8109528,0.0986842,-0.0986842,-0.4662117,0.3626462,0.3167390,2.0294505,-0.1682673,-0.1714318,0.4452270,-1.0225955,-0.4826623,-0.5992891,-0.0327509,-0.5208643,0.8402207,-0.8599056,-0.5208643,0.8402207,-0.5208643,0.8402207,0
0.0842685,0.1478974,0.3470936,-0.6373917,0.1969776,0.1351418,0.0986842,-0.0986842,0.3347060,0.2733981,1.0895620,-0.3256453,0.1891657,0.1907990,0.3908598,0.0698955,-0.4365874,-0.6011582,0.3899280,-0.5092518,0.2141919,-0.6551213,-0.5092518,0.2141919,-0.5092518,0.2141919,0
0.2907464,0.2585851,0.3951945,-0.0054155,-0.2366006,0.0418548,0.0986842,-0.0986842,-0.1817556,-0.1132497,-1.9097362,-0.4564474,0.2808772,0.2834630,0.3671297,-0.3171405,-0.4708140,-0.4568848,-0.0271047,-0.1147228,-0.8169766,-0.8366210,-0.1147228,-0.8169766,-0.1147228,-0.8169766,0
0.2467104,0.2856135,0.2259462,-0.4852783,0.2521321,0.0565560,0.0986842,-0.0986842,0.2475633,0.5050789,0.6233944,-0.9147185,-0.2814597,-0.2860912,1.0271060,-0.6071376,-0.5877703,-0.5583782,0.8278404,-0.4074220,-0.4349831,0.1233067,-0.4074220,-0.4349831,-0.4074220,-0.4349831,0
-0.1568680,-0.2945970,0.0892342,0.6925526,-1.8665160,-1.0581997,0.0986842,-0.0986842,-1.7788666,-0.2108008,0.0942362,0.2431778,0.0817164,0.0819553,-0.2040756,0.4138927,-0.1444917,-0.1584749,-0.2668441,-0.1151578,-1.7106037,0.0854284,-0.1151578,-1.7106037,-0.1151578,-1.7106037,1
0.1551057,0.0466755,-0.2265847,0.2965246,0.3546540,-0.4288594,0.0986842,-0.0986842,-0.2846214,1.3941311,-0.6809611,0.5027318,-0.8280744,-0.8390569,-0.2147796,-0.8498381,-0.7637938,-0.4985240,0.2110045,-0.3301888,0.6178014,0.1522105,-0.3301888,0.6178014,-0.3301888,0.6178014,0
-4.2231655,-3.6315595,-3.5363492,1.2172206,-2.1882193,-3.1961361,-0.2807892,0.2807892,0.3687156,-0.0385730,-1.3863503,0.5096239,-0.2084090,-0.2121003,-0.6266512,0.1131669,0.2921722,0.6386996,-1.4961143,0.5971021,-0.8503360,-0.1789313,0.5971021,-0.8503360,0.5971021,-0.8503360,1
0.4154763,0.4154118,0.3787197,-0.5058817,0.3411457,0.7115374,0.0986842,-0.0986842,0.3629080,0.3372895,-1.4104701,-0.2497647,0.0944363,0.0948501,-0.0993038,0.1476486,-0.1261729,0.0493435,0.5846451,-0.1624401,-0.6130476,-0.2460696,-0.1624401,-0.6130476,-0.1624401,-0.6130476,0
1.1908892,1.2300105,0.9730299,-0.6285281,0.0573885,0.1326848,-0.8289174,0.8289174,-0.3513609,-0.4353275,0.1696398,-0.1529022,0.0671115,0.0671462,-0.3013032,-0.6708118,1.3497547,1.0550200,-0.1873703,1.9438779,-1.3424021,-0.0425526,1.9438779,-1.3424021,1.9438779,-1.3424021,1
0.4104434,0.1707945,-0.0473016,0.1494024,-0.7699741,-0.6078771,-0.3651166,0.3651166,-0.5796355,-0.0225006,-0.2096827,-1.1904826,0.1724663,0.1739526,-0.2149805,0.1760561,-0.3865509,-0.2165254,-0.2467657,-0.0183042,0.1058240,-0.7858884,-0.0183042,0.1058240,-0.0183042,0.1058240,0
0.5604576,0.4908811,0.3688164,-0.4584415,-0.1354228,0.4447768,0.0986842,-0.0986842,0.3908294,0.1332660,-1.0218358,-1.6230447,-0.2165360,-0.2201044,-0.0328178,0.5223408,-1.0118202,-0.5746632,0.2644122,-0.6432455,1.2980187,-0.0381186,-0.6432455,1.2980187,-0.6432455,1.2980187,0
0.1882172,0.1995359,0.0924825,0.1146222,-2.2344432,-2.4519282,0.0986842,-0.0986842,-1.4960005,-0.3223459,0.1904537,-0.4820938,0.0851043,0.0853908,0.5230852,0.0411205,1.2591620,0.9981159,-0.7209453,0.9512928,-0.9816167,2.4125093,0.9512928,-0.9816167,0.9512928,-0.9816167,1
-1.9157262,-1.1638735,-0.1904793,-0.0838284,0.7584805,0.4500412,0.5624850,-0.5624850,1.8398978,-0.2638441,0.4316829,-0.3960717,-0.2844152,-0.2890761,-0.1210853,0.6835755,0.0808944,0.0406881,0.5333896,-0.2967374,-0.8510269,-0.1786376,-0.2967374,-0.8510269,-0.2967374,-0.8510269,1
-4.0910124,-4.0659260,-5.4682395,1.1601472,-1.1339071,-1.2519747,-1.5709987,1.5709987,-1.7370005,-2.4613860,-0.5069979,0.5415200,0.0637480,0.0637355,0.2843452,1.8796357,0.0692359,-0.1157010,1.1881465,0.0254777,-1.4094638,0.3666590,0.0254777,-1.4094638,0.0254777,-1.4094638,1
-0.2020610,-0.5083129,-0.7880940,0.8999344,-0.1158505,0.0697953,-1.2927182,1.2927182,-0.5249370,-0.5092277,-0.0290849,0.7449192,-0.0252242,-0.0264700,0.6619919,-0.2468691,-0.6501574,-0.2443988,-0.4387590,-0.0871052,-1.6028419,-0.8607453,-0.0871052,-1.6028419,-0.0871052,-1.6028419,1
-0.1983894,-0.2210186,-0.1461653,0.8360024,-0.7151747,-0.2608366,0.0986842,-0.0986842,-0.8288189,-0.2320067,-0.1930732,0.2227815,-0.4654218,-0.4720153,0.7789956,-1.1157731,-0.9903069,-1.0033029,1.3503442,-0.6595066,1.0371291,-0.7463064,-0.6595066,1.0371291,-0.6595066,1.0371291,0
0.4109092,0.3963762,0.2859172,0.2186892,0.1151924,0.1384167,0.0986842,-0.0986842,0.1256392,-0.2393718,-0.1558095,1.0506131,-0.2367637,-0.2407889,0.4400900,-0.5642029,-0.4383683,-0.4274792,0.1272703,-0.4133252,-0.1794371,-0.6558396,-0.4133252,-0.1794371,-0.4133252,-0.1794371,0
-0.0094900,0.0774534,0.1988313,-0.0644845,0.1501798,-0.0541022,1.4900867,-1.4900867,0.1847015,-0.0828853,0.0591076,-0.5225395,0.0787851,0.0789831,0.2239929,-0.1795022,2.2113807,2.5574200,-0.7232320,3.1561643,-0.8633360,0.3666215,3.1561643,-0.8633360,3.1561643,-0.8633360,1
-1.0473160,-1.2464244,-0.9062957,0.0603312,0.2977708,0.0310799,-0.5970170,0.5970170,0.4397472,-0.9830855,-0.6905081,0.7589207,0.0332896,0.0328520,0.5442472,0.4423757,1.4413553,1.3952051,-0.0539669,2.6110696,-1.7497130,2.4125015,2.6110696,-1.7497130,2.6110696,-1.7497130,1
-0.6680224,-0.6169283,-0.8450664,2.0823298,-2.1203898,-1.7030926,0.0986842,-0.0986842,-2.0527361,-1.6521506,-0.7162688,0.6536688,-0.0350027,-0.0363524,0.1925391,-0.1018603,-0.7209990,-0.6237908,-0.1232097,-0.4802279,0.0903114,-0.8550436,-0.4802279,0.0903114,-0.4802279,0.0903114,1
0.5765673,0.5764583,0.7016744,-0.7768113,-0.1347613,0.1024110,0.0986842,-0.0986842,0.3058546,0.4786982,-0.0624765,-0.8956335,0.9389945,0.9497285,-0.0301923,-0.3488025,-0.6190783,-0.6801201,0.4228461,-0.5122512,1.5013314,0.3398795,-0.5122512,1.5013314,-0.5122512,1.5013314,0
-3.8642385,-4.4458013,-4.2484927,2.2507394,-0.5001210,-1.4083620,-0.4976311,0.4976311,-1.0615223,-2.8114149,-1.6047092,1.7328311,0.0267956,0.0262667,-2.9876141,1.2662041,-0.6735556,-0.5390550,0.8833847,-0.4010269,0.1690027,-0.8568244,-0.4010269,0.1690027,-0.4010269,0.1690027,1
0.3385680,0.2568447,0.6141255,-0.2280141,0.4108295,0.4299546,0.0986842,-0.0986842,0.2002644,1.2443694,1.1134706,-0.2107780,0.0652546,0.0652632,0.2460195,-0.5469786,-0.2883459,-0.4330025,-0.8001832,-0.4070991,1.5244439,-0.7165851,-0.4070991,1.5244439,-0.4070991,1.5244439,0
0.4571153,0.5278897,0.4938744,-1.3089141,0.4558318,0.8227038,-0.8289174,0.8289174,0.3598419,0.1847588,1.1957134,-1.0329048,-0.2952156,-0.2998391,-0.5719179,0.8649182,-0.1008801,-0.2437524,-0.1435312,-0.3346677,-1.5388445,-0.8596310,-0.3346677,-1.5388445,-0.3346677,-1.5388445,0
0.1429391,0.3477358,-0.0056670,-2.5498189,0.7195616,0.5303166,1.0262859,-1.0262859,1.1183145,0.9725073,-0.0691667,-0.3727283,0.0320941,0.0316388,-0.2567222,0.3201358,-0.2363957,-0.3368649,0.0948148,-0.4428411,-0.0994425,0.3676765,-0.4428411,-0.0994425,-0.4428411,-0.0994425,0
0.2831545,0.2744208,0.4960054,-0.2306085,0.2784482,0.5777076,-0.8289174,0.8289174,0.4118759,0.0525182,0.1302953,-0.8854405,-0.0252287,-0.0264135,-0.1537072,0.3962376,-0.5183165,-0.5791949,-0.2030074,-0.4748166,1.0373868,-0.8590776,-0.4748166,1.0373868,-0.4748166,1.0373868,0
-0.5402292,-0.5589353,-0.2257863,0.0319264,-0.4330846,-0.9406433,1.1919290,-1.1919290,-0.0151437,-0.7316703,0.5260582,0.0775849,0.0680365,0.0680841,0.1245992,1.5880266,2.3597352,2.0831854,-0.5394118,2.8289952,-1.5996800,-0.0425537,2.8289952,-1.5996800,2.8289952,-1.5996800,1
0.1645120,0.1821428,0.3954791,-0.4540349,-1.5697615,-0.1995920,0.0986842,-0.0986842,-2.5689674,-0.4993657,1.1795638,-0.6011331,0.1104348,0.1110511,-0.4077060,3.2006378,-0.5286410,-0.6719077,0.8181366,-0.5423167,0.5530223,-0.8592594,-0.5423167,0.5530223,-0.5423167,0.5530223,0
-0.3539473,-0.1855002,0.0381469,0.1112630,0.3584880,0.1512068,1.0262859,-1.0262859,0.3719722,1.1216459,-0.0803274,0.0780432,-0.0643001,-0.0660797,1.1922330,-0.5568757,0.4915757,0.3456756,-0.3097936,0.1519041,-0.9781400,-0.3364997,0.1519041,-0.9781400,0.1519041,-0.9781400,0
0.2761589,0.2529247,0.2202104,-0.1664581,-0.0611172,-0.1779988,0.5624850,-0.5624850,0.4770489,1.8957161,0.5835764,-0.2877830,0.1431288,0.1442074,1.2557122,-0.3511501,0.6119307,0.4650136,0.2848970,0.6487549,-0.7912296,-0.2087628,0.6487549,-0.7912296,0.6487549,-0.7912296,0
0.3248797,0.3974062,0.9465981,-1.9002290,1.0640156,1.0049462,0.3769647,-0.3769647,1.3571203,0.5313798,-0.1892272,0.2855217,2.4774264,2.4998016,0.2603245,-0.0958068,-0.4529162,-0.2789743,0.6690415,-0.3931560,-0.1216450,0.4691936,-0.3931560,-0.1216450,-0.3931560,-0.1216450,0
0.6451868,0.5805981,0.4746133,-1.7610229,0.2506995,0.5491685,0.0986842,-0.0986842,0.3247202,0.3547333,0.3933830,0.3358604,-0.3389739,-0.3432014,-2.5364605,0.9513293,-0.9828181,-1.0243790,1.5046731,-0.5962693,-1.2064002,2.4140870,-0.5962693,-1.2064002,-0.5962693,-1.2064002,1
0.0771276,0.5641707,0.4234616,0.2362138,-1.9338289,-0.5697846,-2.9491497,2.9491497,-3.5581497,-0.7531594,0.1843347,-0.5942634,0.0563581,0.0562418,-4.9047982,1.5203741,0.5066981,0.6076726,-0.8415840,0.2674969,0.6580571,1.3530392,0.2674969,0.6580571,0.2674969,0.6580571,1
-2.1229368,-1.9033997,-1.1364392,0.8583816,-0.2809524,0.1266012,-2.8166352,2.8166352,-1.6861722,-0.4168332,-1.2580269,0.3081538,0.0787563,0.0789520,0.1471751,-0.1529899,-0.2547854,-0.4311214,-1.2408024,-0.3469144,1.3146391,-0.8141870,-0.3469144,1.3146391,-0.3469144,1.3146391,1
-1.8089288,-1.1318271,-0.2128582,0.6517051,0.0138456,-0.6323103,0.5624850,-0.5624850,-0.9046035,-0.4569649,0.1572006,0.3796042,0.0480482,0.0478158,0.2742962,-0.1663458,1.0043721,0.9570498,-1.2337538,0.6660334,-0.5822858,1.3700855,0.6660334,-0.5822858,0.6660334,-0.5822858,1
0.7554269,0.8316280,0.7096084,-0.3200053,1.2171014,0.9911320,1.0262859,-1.0262859,2.1124794,0.3955564,-0.6518208,-1.0616413,-1.2474618,-1.2609973,0.4463831,-0.1852329,-0.2448100,-0.1036000,0.0666814,-0.1998269,-0.5752594,1.7476916,-0.1998269,-0.5752594,-0.1998269,-0.5752594,0
0.4186465,0.4340087,0.4946568,-0.3331221,-0.0648591,0.1765833,0.0986842,-0.0986842,-0.0017023,-0.1833469,-1.2301860,-0.4495581,0.1894921,0.1910199,0.0074756,0.1136507,-0.5980107,-0.7219284,0.6506426,-0.3360919,-0.6229544,-0.3222578,-0.3360919,-0.6229544,-0.3360919,-0.6229544,0
0.0808447,-0.0382499,-0.0585800,0.8025808,0.4218441,-0.0020596,0.0986842,-0.0986842,-0.9548101,0.0725295,-0.2403221,1.9870438,1.8078070,1.8252902,0.3900469,-1.5780682,-1.1631924,-1.0925586,1.0923626,-0.5959914,1.5420634,-0.8562214,-0.5959914,1.5420634,-0.5959914,1.5420634,0
0.3513944,0.4307641,-0.0086088,0.3944334,0.3237312,-0.0444894,1.0262859,-1.0262859,0.0827516,0.4751560,0.2953071,0.8441074,-0.1828602,-0.1862194,-0.3385403,0.2603861,-0.9277440,-0.4929373,-0.3352639,-0.3360820,1.3825472,0.0161022,-0.3360820,1.3825472,-0.3360820,1.3825472,0
0.2782113,0.2001044,0.1323952,-0.0513994,0.6403309,1.0142705,0.0986842,-0.0986842,0.2645266,-0.0454632,-0.0929368,0.5061397,0.2410671,0.2434734,-0.1076297,0.2142076,-0.4076798,-0.5232684,1.0862227,-0.3100196,-0.5088981,1.2503711,-0.3100196,-0.5088981,-0.3100196,-0.5088981,0
3.1001045,2.6622262,1.2880676,-0.6676653,0.2375285,1.0766554,0.3968419,-0.3968419,0.0798691,1.2917012,-0.0736836,-0.1207104,0.0739530,0.0740837,-3.2608871,4.2057821,4.9582918,5.5282592,-0.2111231,5.9662403,-0.4347686,2.8591849,5.9662403,-0.4347686,5.9662403,-0.4347686,1
-0.0055584,0.5023085,0.8051237,-0.7863776,1.3196039,1.5181557,1.0262859,-1.0262859,1.4726888,2.4446776,1.1025759,-0.4283025,0.0614177,0.0613725,-0.0770366,-0.3646859,1.9562800,1.7334636,0.0697982,2.4079019,-1.7112626,4.0492050,2.4079019,-1.7112626,2.4079019,-1.7112626,1
-0.6451245,-0.7199557,-0.3635234,0.4532546,-0.6325335,-0.6321693,-0.6433971,0.6433971,-0.3030011,-1.2248233,-0.3549728,0.2220000,-0.3084300,-0.3133919,-0.1094553,0.3244739,-0.5028975,-0.5898082,0.8275559,-0.4202122,-0.5647916,-0.2443311,-0.4202122,-0.5647916,-0.4202122,-0.5647916,1
0.3537882,0.3830090,0.0378414,-0.1776019,0.2314676,0.2292971,1.9538875,-1.9538875,1.6788743,0.4118467,0.8644897,0.0395090,0.0122814,0.0115531,0.1044886,-0.4656656,-0.4691974,-0.1832510,0.6287920,-0.1285979,0.9285140,-0.3151465,-0.1285979,0.9285140,-0.1285979,0.9285140,0
0.2677195,0.3102633,0.5249633,-0.3892650,-0.0479218,0.1827436,-0.6433971,0.6433971,-0.3961138,-0.1024195,0.6287709,-0.0451311,0.0345007,0.0340865,-0.3004818,-0.3193162,-0.5877703,-0.6189763,0.3999799,-0.3400274,-0.3547255,-0.8445103,-0.3400274,-0.3547255,-0.3400274,-0.3547255,1
0.3212458,0.0952564,0.3336973,1.2576349,-0.4231291,-0.4471939,-1.7565190,1.7565190,-0.8413765,-0.4037009,0.1374678,0.3610800,0.0721346,0.0722396,-0.9391825,0.4735682,0.7684570,1.3378202,-3.5788886,0.9493250,0.3525189,-0.0465611,0.9493250,0.3525189,0.9493250,0.3525189,1
-0.1729049,-0.5484555,-1.0656885,0.1380642,-0.0618176,-0.3907677,0.3637133,-0.3637133,-0.0339367,-1.2913406,-0.6910918,0.4034813,0.0648429,0.0648457,-0.1429072,0.6415756,1.4751253,1.9718306,-0.7481822,2.2227466,-0.3799053,1.6248391,2.2227466,-0.3799053,2.2227466,-0.3799053,1
0.3212118,0.3086462,0.4726560,-0.3447502,0.3621491,0.3309233,0.0986842,-0.0986842,0.1716603,0.5790966,-0.1604116,0.8759008,-0.5893858,-0.5977481,-0.5632855,-0.3604536,-0.9115675,-0.9118793,1.4284841,-0.5732029,0.3500605,-0.1770951,-0.5732029,0.3500605,-0.5732029,0.3500605,0
0.4889420,0.9828637,1.0934601,-1.1572432,-0.8415485,-0.3134657,-3.5189621,3.5189621,-1.8037818,1.0661520,0.2607547,-0.8779486,0.1597477,0.1610632,-1.9338127,2.0705283,1.6187202,2.1855726,-1.2697676,3.6111663,-1.4851688,5.0312267,3.6111663,-1.4851688,3.6111663,-1.4851688,1
-0.0274265,0.0221561,0.0383840,0.4862294,0.1843564,0.2128056,0.0986842,-0.0986842,-0.1247856,-0.1798900,0.0023564,-0.8477415,-0.7818143,-0.7920237,0.8654601,-0.5887321,-0.9805580,-1.0344924,0.6338261,-0.6268234,0.9615559,-0.7502309,-0.6268234,0.9615559,-0.6268234,0.9615559,0
